都道府県,分類,資料上の表記,資料上の事業所名,製品・サービスの内容,事業所番号,突合できたか,突合方法,突合先の事業所名,突合先の市区町村,出所,資料名,出典,内部ID
北海道,その他サービス,その他サービス・役務,Biei-BASE,,0113100788,突合済み,pref+city+name,Ｂｉｅｉ−ＢＡＳＥ,上川郡美瑛町,公表データ,北海道 工賃実績（主な作業内容）,https://www.pref.hokkaido.lg.jp/hf/shf/ko-chin.html,3cc22e6641f232ab
北海道,その他サービス,その他サービス・役務,Branch for pro,,0110103280,突合済み,pref+city+name,ｂｒａｎｃｈ　ｆｏｒ　ｐｒｏ,札幌市中央区,公表データ,北海道 工賃実績（主な作業内容）,https://www.pref.hokkaido.lg.jp/hf/shf/ko-chin.html,944b6bad69cf07e2
北海道,その他サービス,その他サービス・役務,B型事業所ふぁんふぁん,,0110205846,突合済み,pref+city+name,B型事業所　ふぁんふぁん,札幌市東区,公表データ,北海道 工賃実績（主な作業内容）,https://www.pref.hokkaido.lg.jp/hf/shf/ko-chin.html,3e8b4402e136ed53
北海道,その他サービス,その他サービス・役務,B型事業所りあん,,0110503844,突合済み,pref+city+name,B型事業所りあん,札幌市白石区,公表データ,北海道 工賃実績（主な作業内容）,https://www.pref.hokkaido.lg.jp/hf/shf/ko-chin.html,dd49df49c593aac2
北海道,その他サービス,その他サービス・役務,ChipS Life,,0114602477,突合済み,pref+city+name,ChipS Life,帯広市,公表データ,北海道 工賃実績（主な作業内容）,https://www.pref.hokkaido.lg.jp/hf/shf/ko-chin.html,d3dfb0bd2a89d2a7
北海道,その他サービス,その他サービス・役務,D.Factory,,0110301918,突合済み,pref+city+name,Ｄ．Ｆａｃｔｏｒｙ,札幌市東区,公表データ,北海道 工賃実績（主な作業内容）,https://www.pref.hokkaido.lg.jp/hf/shf/ko-chin.html,24c4bbf497d03750
北海道,その他サービス,その他サービス・役務,EIGHT,,,未突合,unmatched,,,公表データ,北海道 工賃実績（主な作業内容）,https://www.pref.hokkaido.lg.jp/hf/shf/ko-chin.html,
北海道,その他サービス,その他サービス・役務,JTSひまわり,,0110700754,突合済み,pref+city+name,ＪＴＳ　ひまわり,札幌市西区,公表データ,北海道 工賃実績（主な作業内容）,https://www.pref.hokkaido.lg.jp/hf/shf/ko-chin.html,b9a7a0ee51e522dc
北海道,その他サービス,その他サービス・役務,LIGHTSTAR,,,未突合,unmatched,,,公表データ,北海道 工賃実績（主な作業内容）,https://www.pref.hokkaido.lg.jp/hf/shf/ko-chin.html,
北海道,その他サービス,その他サービス・役務,LOG,,,未突合,unmatched,,,公表データ,北海道 工賃実績（主な作業内容）,https://www.pref.hokkaido.lg.jp/hf/shf/ko-chin.html,
北海道,その他サービス,その他サービス・役務,Lifeサポートピアハーブ,,0111100541,突合済み,pref+city+name,Lifeサポートピアハーブ,千歳市,公表データ,北海道 工賃実績（主な作業内容）,https://www.pref.hokkaido.lg.jp/hf/shf/ko-chin.html,f8dcb160d2b467b4
北海道,その他サービス,その他サービス・役務,Lilas,,0110205036,突合済み,pref+city+name,Ｌｉｌａｓ,札幌市北区,公表データ,北海道 工賃実績（主な作業内容）,https://www.pref.hokkaido.lg.jp/hf/shf/ko-chin.html,63894a8b194d4bb4
北海道,その他サービス,その他サービス・役務,NOVAS,,0111200457,突合済み,pref+city+name,NOVAS,恵庭市,公表データ,北海道 工賃実績（主な作業内容）,https://www.pref.hokkaido.lg.jp/hf/shf/ko-chin.html,324c897da4d9bfdc
北海道,その他サービス,その他サービス・役務,NPO法人ハートフルネットワークほほえみ,,,未突合,unmatched,,,公表データ,北海道 工賃実績（主な作業内容）,https://www.pref.hokkaido.lg.jp/hf/shf/ko-chin.html,
北海道,その他サービス,その他サービス・役務,NPO法人音幸舎,,0112001052,突合済み,pref+city+name,ＮＰＯ法人　音幸舎,小樽市,公表データ,北海道 工賃実績（主な作業内容）,https://www.pref.hokkaido.lg.jp/hf/shf/ko-chin.html,cf716893d47aeea8
北海道,その他サービス,その他サービス・役務,ONEGAME札幌西,,0110701844,突合済み,pref+city+name,ONE　GAME　札幌西,札幌市西区,公表データ,北海道 工賃実績（主な作業内容）,https://www.pref.hokkaido.lg.jp/hf/shf/ko-chin.html,1f138e3059ae1cca
北海道,その他サービス,その他サービス・役務,PASSO,,0110300605,突合済み,pref+city+name,ＰＡＳＳＯ,札幌市東区,公表データ,北海道 工賃実績（主な作業内容）,https://www.pref.hokkaido.lg.jp/hf/shf/ko-chin.html,26702e5879a0bc2e
北海道,その他サービス,その他サービス・役務,PAWROOM,,,未突合,unmatched,,,公表データ,北海道 工賃実績（主な作業内容）,https://www.pref.hokkaido.lg.jp/hf/shf/ko-chin.html,
北海道,その他サービス,その他サービス・役務,PCNET-SAPPORO,,0110202884,突合済み,pref+city+name,ＰＣＮＥＴ−ＳＡＰＰＯＲＯ,札幌市北区,公表データ,北海道 工賃実績（主な作業内容）,https://www.pref.hokkaido.lg.jp/hf/shf/ko-chin.html,b124f6490c24d95c
北海道,その他サービス,その他サービス・役務,PICNIC札幌,,0110101656,突合済み,pref+city+name,ＰＩＣＮＩＣ札幌,札幌市中央区,公表データ,北海道 工賃実績（主な作業内容）,https://www.pref.hokkaido.lg.jp/hf/shf/ko-chin.html,0d1553d77e8c59bc
北海道,その他サービス,その他サービス・役務,PICNIC札幌,,0110101656,突合済み,pref+city+name,ＰＩＣＮＩＣ札幌,札幌市中央区,公表データ,北海道 工賃実績（主な作業内容）,https://www.pref.hokkaido.lg.jp/hf/shf/ko-chin.html,0d1553d77e8c59bc
北海道,その他サービス,その他サービス・役務,PaKiRa,,0110200698,突合済み,pref+city+name,ＰＡＫＩＲＡ,札幌市東区,公表データ,北海道 工賃実績（主な作業内容）,https://www.pref.hokkaido.lg.jp/hf/shf/ko-chin.html,18d3fdcd6403f5c0
北海道,その他サービス,その他サービス・役務,PoRoNI～ポロニ～,,,未突合,unmatched,,,公表データ,北海道 工賃実績（主な作業内容）,https://www.pref.hokkaido.lg.jp/hf/shf/ko-chin.html,
北海道,その他サービス,その他サービス・役務,Sapporo Innovation Hub Labiz,,0110105061,突合済み,pref+city+name,Sapporo Innovation Hub Labiz,札幌市中央区,公表データ,北海道 工賃実績（主な作業内容）,https://www.pref.hokkaido.lg.jp/hf/shf/ko-chin.html,165ef7de1c5be59a
北海道,その他サービス,その他サービス・役務,TECHMIND本郷幻影,,0110405206,突合済み,pref+city+name,ＴＥＣＨＭＩＮＤ　本郷幻影,札幌市白石区,公表データ,北海道 工賃実績（主な作業内容）,https://www.pref.hokkaido.lg.jp/hf/shf/ko-chin.html,3c1d7680e68feac0
北海道,その他サービス,その他サービス・役務,TSスターエンタープライズ,,0115701195,突合済み,pref+city+name,TSスターエンタープライズ,岩見沢市,公表データ,北海道 工賃実績（主な作業内容）,https://www.pref.hokkaido.lg.jp/hf/shf/ko-chin.html,136e52bb334a9b3c
北海道,その他サービス,その他サービス・役務,WORKPLACETOMO,,0111200366,突合済み,pref+city+name,ＷＯＲＫＰＬＡＣＥ　ＴＯＭＯ,恵庭市,公表データ,北海道 工賃実績（主な作業内容）,https://www.pref.hokkaido.lg.jp/hf/shf/ko-chin.html,9f57c7c7a4ae176f
北海道,その他サービス,その他サービス・役務,atelier COLOR,,0110404415,突合済み,pref+city+name,atelier COLOR,札幌市白石区,公表データ,北海道 工賃実績（主な作業内容）,https://www.pref.hokkaido.lg.jp/hf/shf/ko-chin.html,148012df11c28792
北海道,その他サービス,その他サービス・役務,ecoワーク野幌,,0111000832,突合済み,pref+city+name,ecoワーク野幌,江別市,公表データ,北海道 工賃実績（主な作業内容）,https://www.pref.hokkaido.lg.jp/hf/shf/ko-chin.html,c4b008602a982161
北海道,その他サービス,その他サービス・役務,ecoワーク野幌駅前,,0111000980,突合済み,pref+city+name,ecoワーク野幌駅前,江別市,公表データ,北海道 工賃実績（主な作業内容）,https://www.pref.hokkaido.lg.jp/hf/shf/ko-chin.html,a65d66276329083b
北海道,その他サービス,その他サービス・役務,hibino-kagayaki,,0110104007,突合済み,pref+city+name,hibino-kagayaki,札幌市中央区,公表データ,北海道 工賃実績（主な作業内容）,https://www.pref.hokkaido.lg.jp/hf/shf/ko-chin.html,d5c96b932b7e8dae
北海道,その他サービス,その他サービス・役務,hibino-shigoto,,0110103389,突合済み,pref+city+name,ｈｉｂｉｎｏ−ｓｈｉｇｏｔｏ,札幌市中央区,公表データ,北海道 工賃実績（主な作業内容）,https://www.pref.hokkaido.lg.jp/hf/shf/ko-chin.html,22bf3222a7b54766
北海道,その他サービス,その他サービス・役務,occur design,,0110205663,突合済み,pref+city+name,ｏｃｃｕｒ　ｄｅｓｉｇｎ,札幌市北区,公表データ,北海道 工賃実績（主な作業内容）,https://www.pref.hokkaido.lg.jp/hf/shf/ko-chin.html,c6b40f3c8e7b7643
北海道,その他サービス,その他サービス・役務,patisserie空香,,0115700908,突合済み,pref+city+name,patisserie空香,岩見沢市,公表データ,北海道 工賃実績（主な作業内容）,https://www.pref.hokkaido.lg.jp/hf/shf/ko-chin.html,5ff838548b64ab63
北海道,その他サービス,その他サービス・役務,white cube DEEP FRYERS,,0110301561,突合済み,pref+city+name,white cube DEEP FRYERS,札幌市東区,公表データ,北海道 工賃実績（主な作業内容）,https://www.pref.hokkaido.lg.jp/hf/shf/ko-chin.html,5bd699040ef31a26
北海道,その他サービス,その他サービス・役務,あいのさとワークセンター,,0110203791,突合済み,pref+city+name,あいのさとワークセンター,札幌市北区,公表データ,北海道 工賃実績（主な作業内容）,https://www.pref.hokkaido.lg.jp/hf/shf/ko-chin.html,ec6fe2b9889f46ca
北海道,その他サービス,その他サービス・役務,あおぞら,,0112500624,突合済み,pref+city+name,あおぞら,余市郡余市町,公表データ,北海道 工賃実績（主な作業内容）,https://www.pref.hokkaido.lg.jp/hf/shf/ko-chin.html,bf885ca618b12948
北海道,その他サービス,その他サービス・役務,あかし,,,未突合,unmatched,,,公表データ,北海道 工賃実績（主な作業内容）,https://www.pref.hokkaido.lg.jp/hf/shf/ko-chin.html,
北海道,その他サービス,その他サービス・役務,あかり家,,0110100773,突合済み,pref+city+name,あかり家,札幌市中央区,公表データ,北海道 工賃実績（主な作業内容）,https://www.pref.hokkaido.lg.jp/hf/shf/ko-chin.html,498859dd9bca284f
北海道,その他サービス,その他サービス・役務,あしょろ地域共同作業所ふれあいホーム,,0114700974,突合済み,pref+city+name,あしょろ地域共同作業所ふれあいホーム,足寄郡足寄町,公表データ,北海道 工賃実績（主な作業内容）,https://www.pref.hokkaido.lg.jp/hf/shf/ko-chin.html,4ec27e58f4cca23a
北海道,その他サービス,その他サービス・役務,あっぷる,,0110101318,突合済み,pref+city+name,あっぷる,札幌市中央区,公表データ,北海道 工賃実績（主な作業内容）,https://www.pref.hokkaido.lg.jp/hf/shf/ko-chin.html,e08ae063c1b61ecf
北海道,その他サービス,その他サービス・役務,ありすくらぶ,,0110201654,突合済み,pref+city+name,ありすくらぶ,札幌市北区,公表データ,北海道 工賃実績（主な作業内容）,https://www.pref.hokkaido.lg.jp/hf/shf/ko-chin.html,e0d4f673cdb90d2c
北海道,その他サービス,その他サービス・役務,いちょうの会,,0110203239,突合済み,pref+city+name,いちょうの会,札幌市北区,公表データ,北海道 工賃実績（主な作業内容）,https://www.pref.hokkaido.lg.jp/hf/shf/ko-chin.html,718186dfae353b91
北海道,その他サービス,その他サービス・役務,うるるあ,,0114101702,突合済み,pref+city+name,うるるあ,釧路市,公表データ,北海道 工賃実績（主な作業内容）,https://www.pref.hokkaido.lg.jp/hf/shf/ko-chin.html,885b968cc6f5ffbb
北海道,その他サービス,その他サービス・役務,かたつむりの舎,,0111001079,突合済み,pref+city+name,かたつむりの舎,江別市,公表データ,北海道 工賃実績（主な作業内容）,https://www.pref.hokkaido.lg.jp/hf/shf/ko-chin.html,37e25981bdd0c10d
北海道,その他サービス,その他サービス・役務,かなえーる,,,未突合,unmatched,,,公表データ,北海道 工賃実績（主な作業内容）,https://www.pref.hokkaido.lg.jp/hf/shf/ko-chin.html,
北海道,その他サービス,その他サービス・役務,かなえーる,,,未突合,unmatched,,,公表データ,北海道 工賃実績（主な作業内容）,https://www.pref.hokkaido.lg.jp/hf/shf/ko-chin.html,
北海道,その他サービス,その他サービス・役務,きっちんどう,,0115700577,突合済み,pref+city+name,きっちんどう,岩見沢市,公表データ,北海道 工賃実績（主な作業内容）,https://www.pref.hokkaido.lg.jp/hf/shf/ko-chin.html,2a84508de6eb5b47
北海道,その他サービス,その他サービス・役務,きぼうの森,,0110700119,突合済み,pref+city+name,きぼうの森,札幌市西区,公表データ,北海道 工賃実績（主な作業内容）,https://www.pref.hokkaido.lg.jp/hf/shf/ko-chin.html,2a4f0d6d0dd5ab97
北海道,その他サービス,その他サービス・役務,きらめき,,0112908546,突合済み,pref+city+name,きらめき,旭川市,公表データ,北海道 工賃実績（主な作業内容）,https://www.pref.hokkaido.lg.jp/hf/shf/ko-chin.html,29deb1270036339d
北海道,その他サービス,その他サービス・役務,くしろジョブコミュニケーションセンターれぽぜ,,0114101223,突合済み,pref+city+name,くしろジョブコミュニケーションセンター　れぽぜ,釧路市,公表データ,北海道 工賃実績（主な作業内容）,https://www.pref.hokkaido.lg.jp/hf/shf/ko-chin.html,eaa9e539407f8a10
北海道,その他サービス,その他サービス・役務,くるみ,,0117100214,突合済み,pref+city+name,くるみ,砂川市,公表データ,北海道 工賃実績（主な作業内容）,https://www.pref.hokkaido.lg.jp/hf/shf/ko-chin.html,7e267236e6b411eb
北海道,その他サービス,その他サービス・役務,ぐろーあっぷベースやまびこ,,,未突合,unmatched,,,公表データ,北海道 工賃実績（主な作業内容）,https://www.pref.hokkaido.lg.jp/hf/shf/ko-chin.html,
北海道,その他サービス,その他サービス・役務,こうずみ,,0112500392,突合済み,pref+city+name,こうずみ,余市郡余市町,公表データ,北海道 工賃実績（主な作業内容）,https://www.pref.hokkaido.lg.jp/hf/shf/ko-chin.html,1b7afe892f06a3a2
北海道,その他サービス,その他サービス・役務,ここリカ・プロダクション,,0110402815,突合済み,pref+city+name,ここリカ・プロダクション,札幌市白石区,公表データ,北海道 工賃実績（主な作業内容）,https://www.pref.hokkaido.lg.jp/hf/shf/ko-chin.html,ff0d57ce880da421
北海道,その他サービス,その他サービス・役務,この実支援センター うぇるなっつ,,0110401288,突合済み,pref+city+name,この実支援センター　うぇるなっつ,札幌市西区,公表データ,北海道 工賃実績（主な作業内容）,https://www.pref.hokkaido.lg.jp/hf/shf/ko-chin.html,c9a3c4ff1ca7ded8
北海道,その他サービス,その他サービス・役務,こぱん,,0114102536,突合済み,pref+city+name,こぱん,釧路市,公表データ,北海道 工賃実績（主な作業内容）,https://www.pref.hokkaido.lg.jp/hf/shf/ko-chin.html,fc909595b29496f4
北海道,その他サービス,その他サービス・役務,ころりん,,0110405248,突合済み,pref+city+name,ころりん,札幌市白石区,公表データ,北海道 工賃実績（主な作業内容）,https://www.pref.hokkaido.lg.jp/hf/shf/ko-chin.html,09ea2bda10466dc4
北海道,その他サービス,その他サービス・役務,こんてぬ,,,未突合,unmatched,,,公表データ,北海道 工賃実績（主な作業内容）,https://www.pref.hokkaido.lg.jp/hf/shf/ko-chin.html,
北海道,その他サービス,その他サービス・役務,さぽーとカラフル,,0113100796,突合済み,pref+city+name,さぽーとカラフル,上川郡当麻町,公表データ,北海道 工賃実績（主な作業内容）,https://www.pref.hokkaido.lg.jp/hf/shf/ko-chin.html,24f1e4eb19ea8466
北海道,その他サービス,その他サービス・役務,しえんす,,0114102189,突合済み,pref+city+name,しえんす,釧路市,公表データ,北海道 工賃実績（主な作業内容）,https://www.pref.hokkaido.lg.jp/hf/shf/ko-chin.html,71bb6feb4fad9dfc
北海道,その他サービス,その他サービス・役務,しらかば,,0112906078,突合済み,pref+city+name,しらかば,旭川市,公表データ,北海道 工賃実績（主な作業内容）,https://www.pref.hokkaido.lg.jp/hf/shf/ko-chin.html,a0de12af442d8e23
北海道,その他サービス,その他サービス・役務,じょぶぷれいす桜,,,未突合,unmatched,,,公表データ,北海道 工賃実績（主な作業内容）,https://www.pref.hokkaido.lg.jp/hf/shf/ko-chin.html,
北海道,その他サービス,その他サービス・役務,すてっぷ,,,未突合,ambiguous,,,公表データ,北海道 工賃実績（主な作業内容）,https://www.pref.hokkaido.lg.jp/hf/shf/ko-chin.html,
北海道,その他サービス,その他サービス・役務,すまいる946,,0114101587,突合済み,pref+city+name,すまいる９４６,釧路市,公表データ,北海道 工賃実績（主な作業内容）,https://www.pref.hokkaido.lg.jp/hf/shf/ko-chin.html,76bd45caa2bf7f99
北海道,その他サービス,その他サービス・役務,せんしんサポート,,0114101751,突合済み,pref+city+name,せんしんサポート,釧路市,公表データ,北海道 工賃実績（主な作業内容）,https://www.pref.hokkaido.lg.jp/hf/shf/ko-chin.html,150c28c541f510b2
北海道,その他サービス,その他サービス・役務,たごまる,,0111600318,突合済み,pref+city+name,たごまる,爾志郡乙部町,公表データ,北海道 工賃実績（主な作業内容）,https://www.pref.hokkaido.lg.jp/hf/shf/ko-chin.html,7fc32df71b442471
北海道,その他サービス,その他サービス・役務,たのしいどう,,0115700569,突合済み,pref+city+name,たのしいどう,岩見沢市,公表データ,北海道 工賃実績（主な作業内容）,https://www.pref.hokkaido.lg.jp/hf/shf/ko-chin.html,8f3d894b327566ce
北海道,その他サービス,その他サービス・役務,つなぐプラス,,0113602601,突合済み,pref+city+name,つなぐプラス,白老郡白老町,公表データ,北海道 工賃実績（主な作業内容）,https://www.pref.hokkaido.lg.jp/hf/shf/ko-chin.html,b1f2352ed4497808
北海道,その他サービス,その他サービス・役務,でじるみ帯広南,,,未突合,unmatched,,,公表データ,北海道 工賃実績（主な作業内容）,https://www.pref.hokkaido.lg.jp/hf/shf/ko-chin.html,
北海道,その他サービス,その他サービス・役務,でじるみ帯広西,,,未突合,unmatched,,,公表データ,北海道 工賃実績（主な作業内容）,https://www.pref.hokkaido.lg.jp/hf/shf/ko-chin.html,
北海道,その他サービス,その他サービス・役務,でじるみ札幌白石,,,未突合,ambiguous,,,公表データ,北海道 工賃実績（主な作業内容）,https://www.pref.hokkaido.lg.jp/hf/shf/ko-chin.html,
北海道,その他サービス,その他サービス・役務,とまこまい地域福祉支援センター多機能事業所ひなた,,,未突合,unmatched,,,公表データ,北海道 工賃実績（主な作業内容）,https://www.pref.hokkaido.lg.jp/hf/shf/ko-chin.html,
北海道,その他サービス,その他サービス・役務,とんとん,,0112906631,突合済み,pref+city+name,とんとん,旭川市,公表データ,北海道 工賃実績（主な作業内容）,https://www.pref.hokkaido.lg.jp/hf/shf/ko-chin.html,85ed0c93314ef7da
北海道,その他サービス,その他サービス・役務,とーもす北広島,,0111300638,突合済み,pref+city+name,とーもす北広島,北広島市,公表データ,北海道 工賃実績（主な作業内容）,https://www.pref.hokkaido.lg.jp/hf/shf/ko-chin.html,11ebbb2a57a96e5b
北海道,その他サービス,その他サービス・役務,なないろファクトリー,,0111501524,突合済み,pref+city+name,なないろファクトリー,亀田郡七飯町,公表データ,北海道 工賃実績（主な作業内容）,https://www.pref.hokkaido.lg.jp/hf/shf/ko-chin.html,7c91f07ad3130806
北海道,その他サービス,その他サービス・役務,ねむのきワークセンター,,0112907290,突合済み,pref+city+name,ねむのきワークセンター,旭川市,公表データ,北海道 工賃実績（主な作業内容）,https://www.pref.hokkaido.lg.jp/hf/shf/ko-chin.html,54c854413d9afaab
北海道,その他サービス,その他サービス・役務,ねむのき神居,,0112901087,突合済み,pref+city+name,ねむのき神居,旭川市,公表データ,北海道 工賃実績（主な作業内容）,https://www.pref.hokkaido.lg.jp/hf/shf/ko-chin.html,40ae547b8cce3222
北海道,その他サービス,その他サービス・役務,ねむのき福祉センター,,0112907993,突合済み,pref+city+name,ねむのき福祉センター,旭川市,公表データ,北海道 工賃実績（主な作業内容）,https://www.pref.hokkaido.lg.jp/hf/shf/ko-chin.html,59b8279fd3aec4c6
北海道,その他サービス,その他サービス・役務,のぞみ,,0113200521,突合済み,pref+city+name,のぞみ,中川郡美深町,公表データ,北海道 工賃実績（主な作業内容）,https://www.pref.hokkaido.lg.jp/hf/shf/ko-chin.html,1d52b16b8b0321c5
北海道,その他サービス,その他サービス・役務,はこだて療育・自立支援センター ワークあおば,,0111400594,突合済み,pref+city+name,はこだて療育・自立支援センター　ワークあおば,函館市,公表データ,北海道 工賃実績（主な作業内容）,https://www.pref.hokkaido.lg.jp/hf/shf/ko-chin.html,ef59cb5feb1fec7f
北海道,その他サービス,その他サービス・役務,はしどいライフラボぶるうむ,,0114100878,突合済み,pref+city+name,はしどいライフラボ　ぶるうむ,釧路市,公表データ,北海道 工賃実績（主な作業内容）,https://www.pref.hokkaido.lg.jp/hf/shf/ko-chin.html,a6d3a2d31a7ef7eb
北海道,その他サービス,その他サービス・役務,はしどいワークラボりれいと,,0114101819,突合済み,pref+city+name,はしどいワークラボ　りれいと,釧路市,公表データ,北海道 工賃実績（主な作業内容）,https://www.pref.hokkaido.lg.jp/hf/shf/ko-chin.html,5256a201913d9e33
北海道,その他サービス,その他サービス・役務,はたらきもん,,0110103108,突合済み,pref+city+name,はたらきもん,札幌市中央区,公表データ,北海道 工賃実績（主な作業内容）,https://www.pref.hokkaido.lg.jp/hf/shf/ko-chin.html,7608b45737802f07
北海道,その他サービス,その他サービス・役務,ひいらぎ,,0110402336,突合済み,pref+city+name,ひいらぎ,札幌市手稲区,公表データ,北海道 工賃実績（主な作業内容）,https://www.pref.hokkaido.lg.jp/hf/shf/ko-chin.html,365e658bb5d1f937
北海道,その他サービス,その他サービス・役務,ひだまり,,0110400801,突合済み,pref+city+name,ひだまり,札幌市西区,公表データ,北海道 工賃実績（主な作業内容）,https://www.pref.hokkaido.lg.jp/hf/shf/ko-chin.html,ef072ee676002e7e
北海道,その他サービス,その他サービス・役務,ひまわり函館B-1,,0111401014,突合済み,pref+city+name,ひまわり函館Ｂ−１,函館市,公表データ,北海道 工賃実績（主な作業内容）,https://www.pref.hokkaido.lg.jp/hf/shf/ko-chin.html,0d95f12de9bed9e1
北海道,その他サービス,その他サービス・役務,ひまわり産業株式会社 ひまわり,,0110100625,突合済み,pref+city+name,ひまわり産業株式会社　ひまわり,札幌市中央区,公表データ,北海道 工賃実績（主な作業内容）,https://www.pref.hokkaido.lg.jp/hf/shf/ko-chin.html,243f02dab2fa9be1
北海道,その他サービス,その他サービス・役務,ひまわり産業株式会社 よつば,,0110100625,突合済み,pref+city+name,ひまわり産業株式会社　よつば,札幌市中央区,公表データ,北海道 工賃実績（主な作業内容）,https://www.pref.hokkaido.lg.jp/hf/shf/ko-chin.html,116f53d1eeeff234
北海道,その他サービス,その他サービス・役務,ひまわり黒松内B-1,,0112100177,突合済み,pref+city+name,ひまわり黒松内Ｂ−１,寿都郡黒松内町,公表データ,北海道 工賃実績（主な作業内容）,https://www.pref.hokkaido.lg.jp/hf/shf/ko-chin.html,d412c2d011008b4f
北海道,その他サービス,その他サービス・役務,ぴあ月寒,,0110506433,突合済み,pref+city+name,ぴあ月寒,札幌市豊平区,公表データ,北海道 工賃実績（主な作業内容）,https://www.pref.hokkaido.lg.jp/hf/shf/ko-chin.html,49980f75a9e984a4
北海道,その他サービス,その他サービス・役務,ふぁいん,,0112908520,突合済み,pref+city+name,ふぁいん,旭川市,公表データ,北海道 工賃実績（主な作業内容）,https://www.pref.hokkaido.lg.jp/hf/shf/ko-chin.html,a8a4e4d018d68d6f
北海道,その他サービス,その他サービス・役務,ふくろう,,0111501482,突合済み,pref+city+name,ふくろう,北斗市,公表データ,北海道 工賃実績（主な作業内容）,https://www.pref.hokkaido.lg.jp/hf/shf/ko-chin.html,2f4729e09ad455a1
北海道,その他サービス,その他サービス・役務,ふくろうの会,,0110101102,突合済み,pref+city+name,ふくろうの会,札幌市中央区,公表データ,北海道 工賃実績（主な作業内容）,https://www.pref.hokkaido.lg.jp/hf/shf/ko-chin.html,f154de53e1c95448
北海道,その他サービス,その他サービス・役務,ふるる,,,未突合,unmatched,,,公表データ,北海道 工賃実績（主な作業内容）,https://www.pref.hokkaido.lg.jp/hf/shf/ko-chin.html,
北海道,その他サービス,その他サービス・役務,ぷらすハート28,,0110102431,突合済み,pref+city+name,ぷらすハート２８,札幌市中央区,公表データ,北海道 工賃実績（主な作業内容）,https://www.pref.hokkaido.lg.jp/hf/shf/ko-chin.html,a0c1b92400bec0dc
北海道,その他サービス,その他サービス・役務,べてる就労サポートセンターノア,,0113800700,突合済み,pref+city+name,べてる就労サポートセンター　ノア,浦河郡浦河町,公表データ,北海道 工賃実績（主な作業内容）,https://www.pref.hokkaido.lg.jp/hf/shf/ko-chin.html,663bebf764a52336
北海道,その他サービス,その他サービス・役務,ほべつ就労支援センター,,0113601066,突合済み,pref+city+name,ほべつ就労支援センター,勇払郡むかわ町,公表データ,北海道 工賃実績（主な作業内容）,https://www.pref.hokkaido.lg.jp/hf/shf/ko-chin.html,1c7c84583b55534c
北海道,その他サービス,その他サービス・役務,ぽから,,0110203577,突合済み,pref+city+name,ぽから,札幌市北区,公表データ,北海道 工賃実績（主な作業内容）,https://www.pref.hokkaido.lg.jp/hf/shf/ko-chin.html,fd471421c4642a4f
北海道,その他サービス,その他サービス・役務,ぽぷら事業所,,0112906144,突合済み,pref+city+name,ぽぷら事業所,旭川市,公表データ,北海道 工賃実績（主な作業内容）,https://www.pref.hokkaido.lg.jp/hf/shf/ko-chin.html,693dd9a1399aa4a5
北海道,その他サービス,その他サービス・役務,みなぽろ,,0112908538,突合済み,pref+city+name,みなぽろ,旭川市,公表データ,北海道 工賃実績（主な作業内容）,https://www.pref.hokkaido.lg.jp/hf/shf/ko-chin.html,700c694767805f73
北海道,その他サービス,その他サービス・役務,みなみな,,,未突合,unmatched,,,公表データ,北海道 工賃実績（主な作業内容）,https://www.pref.hokkaido.lg.jp/hf/shf/ko-chin.html,
北海道,その他サービス,その他サービス・役務,むろらんワークセンター岬,,0113500045,突合済み,pref+city+name,むろらんワークセンター　岬,室蘭市,公表データ,北海道 工賃実績（主な作業内容）,https://www.pref.hokkaido.lg.jp/hf/shf/ko-chin.html,ce973e5c246eb683
北海道,その他サービス,その他サービス・役務,めだか共同作業所,,0110402328,突合済み,pref+city+name,めだか共同作業所,札幌市西区,公表データ,北海道 工賃実績（主な作業内容）,https://www.pref.hokkaido.lg.jp/hf/shf/ko-chin.html,21a4f487496a21ea
北海道,その他サービス,その他サービス・役務,めでる,,0114600596,突合済み,pref+city+name,めでる,帯広市,公表データ,北海道 工賃実績（主な作業内容）,https://www.pref.hokkaido.lg.jp/hf/shf/ko-chin.html,9e5ecf9db780f089
北海道,その他サービス,その他サービス・役務,もくれん,,0115800542,突合済み,pref+city+name,もくれん,夕張郡長沼町,公表データ,北海道 工賃実績（主な作業内容）,https://www.pref.hokkaido.lg.jp/hf/shf/ko-chin.html,949ad8964e8b6ae6
北海道,その他サービス,その他サービス・役務,もこもこ,,0110503737,突合済み,pref+city+name,もこもこ,札幌市北区,公表データ,北海道 工賃実績（主な作業内容）,https://www.pref.hokkaido.lg.jp/hf/shf/ko-chin.html,502240722407be86
北海道,その他サービス,その他サービス・役務,ゆうき,,,未突合,unmatched,,,公表データ,北海道 工賃実績（主な作業内容）,https://www.pref.hokkaido.lg.jp/hf/shf/ko-chin.html,
北海道,その他サービス,その他サービス・役務,ゆっくりん,,0114300627,突合済み,pref+city+name,ゆっくりん,川上郡弟子屈町,公表データ,北海道 工賃実績（主な作業内容）,https://www.pref.hokkaido.lg.jp/hf/shf/ko-chin.html,7b28ff906760bb7e
北海道,その他サービス,その他サービス・役務,ゆめみらい,,0115001067,突合済み,pref+city+name,ゆめみらい,北見市,公表データ,北海道 工賃実績（主な作業内容）,https://www.pref.hokkaido.lg.jp/hf/shf/ko-chin.html,ee8919f4ea14b009
北海道,その他サービス,その他サービス・役務,らいふ830,,0110205812,突合済み,pref+city+name,らいふ　830,札幌市北区,公表データ,北海道 工賃実績（主な作業内容）,https://www.pref.hokkaido.lg.jp/hf/shf/ko-chin.html,91cdde6e0b32bee5
北海道,その他サービス,その他サービス・役務,らいらっく,,0112907019,突合済み,pref+city+name,らいらっく,旭川市,公表データ,北海道 工賃実績（主な作業内容）,https://www.pref.hokkaido.lg.jp/hf/shf/ko-chin.html,f0fa5cc853f3b476
北海道,その他サービス,その他サービス・役務,らむ北郷,,0110503182,突合済み,pref+city+name,らむ北郷,札幌市白石区,公表データ,北海道 工賃実績（主な作業内容）,https://www.pref.hokkaido.lg.jp/hf/shf/ko-chin.html,75857f270af83d19
北海道,その他サービス,その他サービス・役務,るーな,,0114102023,突合済み,pref+city+name,るーな,釧路市,公表データ,北海道 工賃実績（主な作業内容）,https://www.pref.hokkaido.lg.jp/hf/shf/ko-chin.html,d44abcf3f8d6e2e7
北海道,その他サービス,その他サービス・役務,わくわくどう,,0115701005,突合済み,pref+name,わくわくどう,岩見沢市,公表データ,北海道 工賃実績（主な作業内容）,https://www.pref.hokkaido.lg.jp/hf/shf/ko-chin.html,3df001157484e335
北海道,その他サービス,その他サービス・役務,わく園 北見事業所,,,未突合,unmatched,,,公表データ,北海道 工賃実績（主な作業内容）,https://www.pref.hokkaido.lg.jp/hf/shf/ko-chin.html,
北海道,その他サービス,その他サービス・役務,わっずファーム,,,未突合,ambiguous,,,公表データ,北海道 工賃実績（主な作業内容）,https://www.pref.hokkaido.lg.jp/hf/shf/ko-chin.html,
北海道,その他サービス,その他サービス・役務,わーく・ひまわり,,0110502036,突合済み,pref+city+name,わーく・ひまわり,札幌市豊平区,公表データ,北海道 工賃実績（主な作業内容）,https://www.pref.hokkaido.lg.jp/hf/shf/ko-chin.html,8520dc27e5a382ef
北海道,その他サービス,その他サービス・役務,アイラボ,,,未突合,ambiguous,,,公表データ,北海道 工賃実績（主な作業内容）,https://www.pref.hokkaido.lg.jp/hf/shf/ko-chin.html,
北海道,その他サービス,その他サービス・役務,アウルの杜,,0110900172,突合済み,pref+city+name,アウルの杜,札幌市清田区,公表データ,北海道 工賃実績（主な作業内容）,https://www.pref.hokkaido.lg.jp/hf/shf/ko-chin.html,0292e8a3cad09370
北海道,その他サービス,その他サービス・役務,アシタハレルヤ,,0110302015,突合済み,pref+city+name,アシタハレルヤ,札幌市東区,公表データ,北海道 工賃実績（主な作業内容）,https://www.pref.hokkaido.lg.jp/hf/shf/ko-chin.html,de9fe67a64b71287
北海道,その他サービス,その他サービス・役務,アトリエポトス,,0110101029,突合済み,pref+city+name,アトリエポトス,札幌市中央区,公表データ,北海道 工賃実績（主な作業内容）,https://www.pref.hokkaido.lg.jp/hf/shf/ko-chin.html,38cf4e3675d04b4e
北海道,その他サービス,その他サービス・役務,アベニュー16,,0110101433,突合済み,pref+city+name,アベニュー１６,札幌市中央区,公表データ,北海道 工賃実績（主な作業内容）,https://www.pref.hokkaido.lg.jp/hf/shf/ko-chin.html,4385ca9aca34adc2
北海道,その他サービス,その他サービス・役務,アルコバレーノ,,0110404126,突合済み,pref+city+name,アルコバレーノ,札幌市白石区,公表データ,北海道 工賃実績（主な作業内容）,https://www.pref.hokkaido.lg.jp/hf/shf/ko-chin.html,b801bd330d8c44ac
北海道,その他サービス,その他サービス・役務,アルバイト,,0110701075,突合済み,pref+city+name,アルバイト,札幌市西区,公表データ,北海道 工賃実績（主な作業内容）,https://www.pref.hokkaido.lg.jp/hf/shf/ko-chin.html,074457c547fc8c1c
北海道,その他サービス,その他サービス・役務,アルバ小樽,,0112001284,突合済み,pref+city+name,アルバ小樽,小樽市,公表データ,北海道 工賃実績（主な作業内容）,https://www.pref.hokkaido.lg.jp/hf/shf/ko-chin.html,5f016a9d626e569c
北海道,その他サービス,その他サービス・役務,アワーズワーク札幌中央,,0110104395,突合済み,pref+city+name,アワーズワーク札幌中央,札幌市中央区,公表データ,北海道 工賃実績（主な作業内容）,https://www.pref.hokkaido.lg.jp/hf/shf/ko-chin.html,d4b8366d46afa9a9
北海道,その他サービス,その他サービス・役務,イコロ,,,未突合,unmatched,,,公表データ,北海道 工賃実績（主な作業内容）,https://www.pref.hokkaido.lg.jp/hf/shf/ko-chin.html,
北海道,その他サービス,その他サービス・役務,イーマール,,0110104890,突合済み,pref+city+name,イーマール,札幌市中央区,公表データ,北海道 工賃実績（主な作業内容）,https://www.pref.hokkaido.lg.jp/hf/shf/ko-chin.html,e8be79eef8108ad5
北海道,その他サービス,その他サービス・役務,ウィル.ビズ,,0110204310,突合済み,pref+city+name,ウィル.ビズ,札幌市北区,公表データ,北海道 工賃実績（主な作業内容）,https://www.pref.hokkaido.lg.jp/hf/shf/ko-chin.html,77e036cf624b30f6
北海道,その他サービス,その他サービス・役務,ウィンドバレー,,0111100574,突合済み,pref+city+name,ウィンドバレー,千歳市,公表データ,北海道 工賃実績（主な作業内容）,https://www.pref.hokkaido.lg.jp/hf/shf/ko-chin.html,3d0c8c84aa4cc532
北海道,その他サービス,その他サービス・役務,ウェルズ,,,未突合,unmatched,,,公表データ,北海道 工賃実績（主な作業内容）,https://www.pref.hokkaido.lg.jp/hf/shf/ko-chin.html,
北海道,その他サービス,その他サービス・役務,ウエルサポート和光,,0112000013,突合済み,pref+city+name,ウエルサポート和光,小樽市,公表データ,北海道 工賃実績（主な作業内容）,https://www.pref.hokkaido.lg.jp/hf/shf/ko-chin.html,e1bbf6e5340a2ef5
北海道,その他サービス,その他サービス・役務,ウレシパ・ポエムアクティビティーセンター,,0110502515,突合済み,pref+city+name,ウレシパ・ポエムアクティビティーセンター,札幌市清田区,公表データ,北海道 工賃実績（主な作業内容）,https://www.pref.hokkaido.lg.jp/hf/shf/ko-chin.html,c9b15964ae70c928
北海道,その他サービス,その他サービス・役務,エヌワーク,,0112909676,突合済み,pref+city+name,エヌワーク,旭川市,公表データ,北海道 工賃実績（主な作業内容）,https://www.pref.hokkaido.lg.jp/hf/shf/ko-chin.html,faf72ef152f56b1c
北海道,その他サービス,その他サービス・役務,エリオスSAPPORO,,0110102621,突合済み,pref+city+name,エリオス　ＳＡＰＰＯＲＯ,札幌市中央区,公表データ,北海道 工賃実績（主な作業内容）,https://www.pref.hokkaido.lg.jp/hf/shf/ko-chin.html,5cdc255ff5780eed
北海道,その他サービス,その他サービス・役務,エルブの杜,,0110101813,突合済み,pref+city+name,エルブの杜,札幌市中央区,公表データ,北海道 工賃実績（主な作業内容）,https://www.pref.hokkaido.lg.jp/hf/shf/ko-chin.html,a021359c8edf7674
北海道,その他サービス,その他サービス・役務,エースぱすてる,,,未突合,city_mismatch,,,公表データ,北海道 工賃実績（主な作業内容）,https://www.pref.hokkaido.lg.jp/hf/shf/ko-chin.html,
北海道,その他サービス,その他サービス・役務,オフィスきらり,,0114100738,突合済み,pref+city+name,オフィス　きらり,釧路市,公表データ,北海道 工賃実績（主な作業内容）,https://www.pref.hokkaido.lg.jp/hf/shf/ko-chin.html,ef4b4c2d53c1a742
北海道,その他サービス,その他サービス・役務,カインドライフ,,0110402963,突合済み,pref+city+name,カインドライフ,札幌市白石区,公表データ,北海道 工賃実績（主な作業内容）,https://www.pref.hokkaido.lg.jp/hf/shf/ko-chin.html,5cc0510fd20def52
北海道,その他サービス,その他サービス・役務,ガイドポスト,,0110300209,突合済み,pref+city+name,ガイドポスト,札幌市東区,公表データ,北海道 工賃実績（主な作業内容）,https://www.pref.hokkaido.lg.jp/hf/shf/ko-chin.html,dfa668dbe4e1412a
北海道,その他サービス,その他サービス・役務,クオリティ,,,未突合,unmatched,,,公表データ,北海道 工賃実績（主な作業内容）,https://www.pref.hokkaido.lg.jp/hf/shf/ko-chin.html,
北海道,その他サービス,その他サービス・役務,クオリティ南,,0117600577,突合済み,pref+city+name,クオリティ南,石狩市,公表データ,北海道 工賃実績（主な作業内容）,https://www.pref.hokkaido.lg.jp/hf/shf/ko-chin.html,04bea1000e982388
北海道,その他サービス,その他サービス・役務,クレバ,,0110302254,突合済み,pref+city+name,クレバ,札幌市東区,公表データ,北海道 工賃実績（主な作業内容）,https://www.pref.hokkaido.lg.jp/hf/shf/ko-chin.html,8512c45d8bdec897
北海道,その他サービス,その他サービス・役務,クローバーベリー,,0114701980,突合済み,pref+city+name,クローバー　ベリー,河東郡音更町,公表データ,北海道 工賃実績（主な作業内容）,https://www.pref.hokkaido.lg.jp/hf/shf/ko-chin.html,36c7d509b92d68c0
北海道,その他サービス,その他サービス・役務,クローバー手稲,,0110901188,突合済み,pref+city+name,クローバー手稲,札幌市手稲区,公表データ,北海道 工賃実績（主な作業内容）,https://www.pref.hokkaido.lg.jp/hf/shf/ko-chin.html,54b616af50a77714
北海道,その他サービス,その他サービス・役務,グゥタッチ,,0111100889,突合済み,pref+city+name,グゥタッチ,千歳市,公表データ,北海道 工賃実績（主な作業内容）,https://www.pref.hokkaido.lg.jp/hf/shf/ko-chin.html,c9599e991d86da7f
北海道,その他サービス,その他サービス・役務,ケンセイシャレバレッジ,,0113100333,突合済み,pref+name,ケンセイシャレバレッジ,上川郡東神楽町,公表データ,北海道 工賃実績（主な作業内容）,https://www.pref.hokkaido.lg.jp/hf/shf/ko-chin.html,2e7eb94bb513c227
北海道,その他サービス,その他サービス・役務,ココピアワークス札幌,,0110205333,突合済み,pref+city+name,ココピアワークス札幌,札幌市北区,公表データ,北海道 工賃実績（主な作業内容）,https://www.pref.hokkaido.lg.jp/hf/shf/ko-chin.html,3cddc94c674ed7c8
北海道,その他サービス,その他サービス・役務,ココロコ十勝,,0114702046,突合済み,pref+city+name,ココロコ十勝,上川郡新得町,公表データ,北海道 工賃実績（主な作業内容）,https://www.pref.hokkaido.lg.jp/hf/shf/ko-chin.html,16c1951ad6536ccb
北海道,その他サービス,その他サービス・役務,コミュニティおとべ,,,未突合,unmatched,,,公表データ,北海道 工賃実績（主な作業内容）,https://www.pref.hokkaido.lg.jp/hf/shf/ko-chin.html,
北海道,その他サービス,その他サービス・役務,コミュニティスペースじゃがいも,,0110700424,突合済み,pref+city+name,コミュニティスペースじゃがいも,札幌市西区,公表データ,北海道 工賃実績（主な作業内容）,https://www.pref.hokkaido.lg.jp/hf/shf/ko-chin.html,29ebbbd051d24509
北海道,その他サービス,その他サービス・役務,コロポックルはこだて,,0111401147,突合済み,pref+city+name,コロポックルはこだて,函館市,公表データ,北海道 工賃実績（主な作業内容）,https://www.pref.hokkaido.lg.jp/hf/shf/ko-chin.html,e9ef72332719d506
北海道,その他サービス,その他サービス・役務,コンパス,,0110503158,突合済み,pref+city+name,コンパス,札幌市清田区,公表データ,北海道 工賃実績（主な作業内容）,https://www.pref.hokkaido.lg.jp/hf/shf/ko-chin.html,db3388e77e75c8dc
北海道,その他サービス,その他サービス・役務,ゴールズ豊平公園,,0110506995,突合済み,pref+city+name,ゴールズ豊平公園,札幌市豊平区,公表データ,北海道 工賃実績（主な作業内容）,https://www.pref.hokkaido.lg.jp/hf/shf/ko-chin.html,b0ac0bb874edba8f
北海道,その他サービス,その他サービス・役務,サチエル・ロビンソン,,0111501649,突合済み,pref+city+name,サチエル・ロビンソン,北斗市,公表データ,北海道 工賃実績（主な作業内容）,https://www.pref.hokkaido.lg.jp/hf/shf/ko-chin.html,24471a37f56a6a0b
北海道,その他サービス,その他サービス・役務,サニースポット札幌東,,,未突合,unmatched,,,公表データ,北海道 工賃実績（主な作業内容）,https://www.pref.hokkaido.lg.jp/hf/shf/ko-chin.html,
北海道,その他サービス,その他サービス・役務,サブカルビジネスセンター札幌,,0110104593,突合済み,pref+city+name,サブカルビジネスセンター札幌,札幌市中央区,公表データ,北海道 工賃実績（主な作業内容）,https://www.pref.hokkaido.lg.jp/hf/shf/ko-chin.html,7020432126ff826a
北海道,その他サービス,その他サービス・役務,サポートステーション・ステップ,,0116100157,突合済み,pref+city+name,サポートステーション・ステップ,美唄市,公表データ,北海道 工賃実績（主な作業内容）,https://www.pref.hokkaido.lg.jp/hf/shf/ko-chin.html,fbdb3b63c2e2b913
北海道,その他サービス,その他サービス・役務,サポートセンター「えましあ」,,0113800569,突合済み,pref+city+name,サポートセンター「えましあ」,新冠郡新冠町,公表データ,北海道 工賃実績（主な作業内容）,https://www.pref.hokkaido.lg.jp/hf/shf/ko-chin.html,e19f2b3bac1424c3
北海道,その他サービス,その他サービス・役務,サポートセンターぷるみえ,,0113602395,突合済み,pref+name,サポートセンターぷるみえ,苫小牧市,公表データ,北海道 工賃実績（主な作業内容）,https://www.pref.hokkaido.lg.jp/hf/shf/ko-chin.html,90b4fa2d5bef9174
北海道,その他サービス,その他サービス・役務,サポートワーク,,0110404217,突合済み,pref+city+name,サポートワーク,札幌市白石区,公表データ,北海道 工賃実績（主な作業内容）,https://www.pref.hokkaido.lg.jp/hf/shf/ko-chin.html,635cf0898b4aefc9
北海道,その他サービス,その他サービス・役務,サロベツマイハート,,0116700220,突合済み,pref+name,サロベツマイハート,天塩郡豊富町,公表データ,北海道 工賃実績（主な作業内容）,https://www.pref.hokkaido.lg.jp/hf/shf/ko-chin.html,09f381b3cad8e40f
北海道,その他サービス,その他サービス・役務,サンアップ札幌事業所,,0110104759,突合済み,pref+city+name,サンアップ札幌事業所,札幌市中央区,公表データ,北海道 工賃実績（主な作業内容）,https://www.pref.hokkaido.lg.jp/hf/shf/ko-chin.html,a935a5bc33b590cf
北海道,その他サービス,その他サービス・役務,サンアップ札幌事業所,,0110104759,突合済み,pref+city+name,サンアップ札幌事業所,札幌市中央区,公表データ,北海道 工賃実績（主な作業内容）,https://www.pref.hokkaido.lg.jp/hf/shf/ko-chin.html,a935a5bc33b590cf
北海道,その他サービス,その他サービス・役務,サンスマイル,,0110901964,突合済み,pref+city+name,サンスマイル,札幌市清田区,公表データ,北海道 工賃実績（主な作業内容）,https://www.pref.hokkaido.lg.jp/hf/shf/ko-chin.html,8990b67b4bcaced8
北海道,その他サービス,その他サービス・役務,サンフレンズ,,0110800026,突合済み,pref+city+name,サンフレンズ,札幌市厚別区,公表データ,北海道 工賃実績（主な作業内容）,https://www.pref.hokkaido.lg.jp/hf/shf/ko-chin.html,3de42832c813e9f0
北海道,その他サービス,その他サービス・役務,サンフレンズ旭川,,0113100598,突合済み,pref+city+name,サンフレンズ旭川,上川郡東川町,公表データ,北海道 工賃実績（主な作業内容）,https://www.pref.hokkaido.lg.jp/hf/shf/ko-chin.html,6274e78c1e4afe7a
北海道,その他サービス,その他サービス・役務,サンライフ,,0110103603,突合済み,pref+city+name,サンライフ,札幌市中央区,公表データ,北海道 工賃実績（主な作業内容）,https://www.pref.hokkaido.lg.jp/hf/shf/ko-chin.html,304c38e17a764c70
北海道,その他サービス,その他サービス・役務,サン・フラワー,,0114100100,突合済み,pref+city+name,サン・フラワー,釧路市,公表データ,北海道 工賃実績（主な作業内容）,https://www.pref.hokkaido.lg.jp/hf/shf/ko-chin.html,4dddb57e24e269a5
北海道,その他サービス,その他サービス・役務,シゴトベース,,0111401493,突合済み,pref+city+name,シゴトベース,函館市,公表データ,北海道 工賃実績（主な作業内容）,https://www.pref.hokkaido.lg.jp/hf/shf/ko-chin.html,7f8aab062aeb9fbe
北海道,その他サービス,その他サービス・役務,ジェニアル空知,,0116100504,突合済み,pref+city+name,ジェニアル空知,美唄市,公表データ,北海道 工賃実績（主な作業内容）,https://www.pref.hokkaido.lg.jp/hf/shf/ko-chin.html,2c1c8394582bffaf
北海道,その他サービス,その他サービス・役務,ジョブスペースわくラボ,,0110506870,突合済み,pref+city+name,ジョブスペース　わくラボ,札幌市豊平区,公表データ,北海道 工賃実績（主な作業内容）,https://www.pref.hokkaido.lg.jp/hf/shf/ko-chin.html,e8efd131b0b567f6
北海道,その他サービス,その他サービス・役務,ジョブタス南１４条事業所,,0110104700,突合済み,pref+city+name,ジョブタス南１４条事業所,札幌市中央区,公表データ,北海道 工賃実績（主な作業内容）,https://www.pref.hokkaido.lg.jp/hf/shf/ko-chin.html,0bd540d02b70e9b2
北海道,その他サービス,その他サービス・役務,ジョブタス山鼻事業所,,0110103892,突合済み,pref+city+name,ジョブタス山鼻事業所,札幌市中央区,公表データ,北海道 工賃実績（主な作業内容）,https://www.pref.hokkaido.lg.jp/hf/shf/ko-chin.html,b790a0164faf78db
北海道,その他サービス,その他サービス・役務,ジョブタス新琴似事業所,,0110204922,突合済み,pref+city+name,ジョブタス新琴似事業所,札幌市北区,公表データ,北海道 工賃実績（主な作業内容）,https://www.pref.hokkaido.lg.jp/hf/shf/ko-chin.html,5c56f3d4899370cc
北海道,その他サービス,その他サービス・役務,ジョブタス琴似事業所,,0110701828,突合済み,pref+city+name,ジョブタス琴似事業所,札幌市西区,公表データ,北海道 工賃実績（主な作業内容）,https://www.pref.hokkaido.lg.jp/hf/shf/ko-chin.html,f816dcd5a617a188
北海道,その他サービス,その他サービス・役務,ジョブタス白石事業所,,0110402542,突合済み,pref+city+name,ジョブタス　白石事業所,札幌市白石区,公表データ,北海道 工賃実績（主な作業内容）,https://www.pref.hokkaido.lg.jp/hf/shf/ko-chin.html,dabdf3554cfe71c0
北海道,その他サービス,その他サービス・役務,ジョブタス砂川事業所,,0117100735,突合済み,pref+city+name,ジョブタス砂川事業所,砂川市,公表データ,北海道 工賃実績（主な作業内容）,https://www.pref.hokkaido.lg.jp/hf/shf/ko-chin.html,96d6fbe3658c2014
北海道,その他サービス,その他サービス・役務,ジョブタス青雲町事業所,,0113602544,突合済み,pref+city+name,ジョブタス青雲町事業所,苫小牧市,公表データ,北海道 工賃実績（主な作業内容）,https://www.pref.hokkaido.lg.jp/hf/shf/ko-chin.html,614b904dece5d683
北海道,その他サービス,その他サービス・役務,ジョブベース・ぴすと,,0110204500,突合済み,pref+city+name,ジョブベース・ぴすと,札幌市北区,公表データ,北海道 工賃実績（主な作業内容）,https://www.pref.hokkaido.lg.jp/hf/shf/ko-chin.html,e355ab0408e017b4
北海道,その他サービス,その他サービス・役務,ジョブロジック,,0110402179,突合済み,pref+city+name,ジョブロジック,札幌市手稲区,公表データ,北海道 工賃実績（主な作業内容）,https://www.pref.hokkaido.lg.jp/hf/shf/ko-chin.html,c1a2c2278f57508d
北海道,その他サービス,その他サービス・役務,ジョブロジックあつべつ,,0110800794,突合済み,pref+city+name,ｼﾞｮﾌﾞﾛｼﾞｯｸあつべつ,札幌市厚別区,公表データ,北海道 工賃実績（主な作業内容）,https://www.pref.hokkaido.lg.jp/hf/shf/ko-chin.html,f089a173a6c6a519
北海道,その他サービス,その他サービス・役務,ジョブロジックファクトリー,,0110203478,突合済み,pref+city+name,ジョブロジック　ファクトリー,札幌市北区,公表データ,北海道 工賃実績（主な作業内容）,https://www.pref.hokkaido.lg.jp/hf/shf/ko-chin.html,8a817d6b7664e579
北海道,その他サービス,その他サービス・役務,ジョブロジック新さっぽろ,,0110800117,突合済み,pref+city+name,ジョブロジック新さっぽろ,札幌市厚別区,公表データ,北海道 工賃実績（主な作業内容）,https://www.pref.hokkaido.lg.jp/hf/shf/ko-chin.html,692ef3d1b82a1aa9
北海道,その他サービス,その他サービス・役務,ジョブロジック環状通り東,,0110301165,突合済み,pref+city+name,ジョブロジック環状通り東,札幌市東区,公表データ,北海道 工賃実績（主な作業内容）,https://www.pref.hokkaido.lg.jp/hf/shf/ko-chin.html,f15fe5505aa84b34
北海道,その他サービス,その他サービス・役務,スタジオ ナビス,,0110403748,突合済み,pref+city+name,スタジオ　ナビス,札幌市白石区,公表データ,北海道 工賃実績（主な作業内容）,https://www.pref.hokkaido.lg.jp/hf/shf/ko-chin.html,3eb78b87f54a4c89
北海道,その他サービス,その他サービス・役務,ステップアップおたる,,0112000302,突合済み,pref+city+name,ステップアップおたる,小樽市,公表データ,北海道 工賃実績（主な作業内容）,https://www.pref.hokkaido.lg.jp/hf/shf/ko-chin.html,e6bbfea5212ab075
北海道,その他サービス,その他サービス・役務,スマイル,,,未突合,ambiguous,,,公表データ,北海道 工賃実績（主な作業内容）,https://www.pref.hokkaido.lg.jp/hf/shf/ko-chin.html,
北海道,その他サービス,その他サービス・役務,スリーエフ,,0112908843,突合済み,pref+city+name,スリーエフ,旭川市,公表データ,北海道 工賃実績（主な作業内容）,https://www.pref.hokkaido.lg.jp/hf/shf/ko-chin.html,48210d0eb9d1197f
北海道,その他サービス,その他サービス・役務,セルプ ノイエ,,0112907167,突合済み,pref+city+name,セルプ　ノイエ,旭川市,公表データ,北海道 工賃実績（主な作業内容）,https://www.pref.hokkaido.lg.jp/hf/shf/ko-chin.html,acb0843801a661dd
北海道,その他サービス,その他サービス・役務,セルプ フロイデ,,0112907159,突合済み,pref+city+name,セルプ　フロイデ,旭川市,公表データ,北海道 工賃実績（主な作業内容）,https://www.pref.hokkaido.lg.jp/hf/shf/ko-chin.html,6b1ca5895d612392
北海道,その他サービス,その他サービス・役務,セルプ 豊里,,0112906268,突合済み,pref+city+name,セルプ　豊里,旭川市,公表データ,北海道 工賃実績（主な作業内容）,https://www.pref.hokkaido.lg.jp/hf/shf/ko-chin.html,98f5caf1b82e0fff
北海道,その他サービス,その他サービス・役務,ゼットアクション,,0111101028,突合済み,pref+city+name,ゼットアクション,千歳市,公表データ,北海道 工賃実績（主な作業内容）,https://www.pref.hokkaido.lg.jp/hf/shf/ko-chin.html,882c874c1986f12d
北海道,その他サービス,その他サービス・役務,ダズリングプラス,,0112001482,突合済み,pref+city+name,ダズリングプラス,小樽市,公表データ,北海道 工賃実績（主な作業内容）,https://www.pref.hokkaido.lg.jp/hf/shf/ko-chin.html,74a77a88d1c026c3
北海道,その他サービス,その他サービス・役務,チョコかしわぎ,,0111402400,突合済み,pref+city+name,チョコかしわぎ,函館市,公表データ,北海道 工賃実績（主な作業内容）,https://www.pref.hokkaido.lg.jp/hf/shf/ko-chin.html,297aac22224457dc
北海道,その他サービス,その他サービス・役務,チョコはこだて,,0111401758,突合済み,pref+city+name,チョコはこだて,函館市,公表データ,北海道 工賃実績（主な作業内容）,https://www.pref.hokkaido.lg.jp/hf/shf/ko-chin.html,b5bac0561a48950b
北海道,その他サービス,その他サービス・役務,チョコゆのはま,,0111402046,突合済み,pref+city+name,チョコゆのはま,函館市,公表データ,北海道 工賃実績（主な作業内容）,https://www.pref.hokkaido.lg.jp/hf/shf/ko-chin.html,f61dacfb9bbe7e6c
北海道,その他サービス,その他サービス・役務,チーム紅蓮Ａ,,0112907480,突合済み,pref+city+name,チーム紅蓮Ａ,旭川市,公表データ,北海道 工賃実績（主な作業内容）,https://www.pref.hokkaido.lg.jp/hf/shf/ko-chin.html,9127fc68446c5a10
北海道,その他サービス,その他サービス・役務,チーム紅蓮Ｂ,,0112907480,突合済み,pref+city+name,チーム紅蓮Ｂ,旭川市,公表データ,北海道 工賃実績（主な作業内容）,https://www.pref.hokkaido.lg.jp/hf/shf/ko-chin.html,340a4bf9d5ae3f03
北海道,その他サービス,その他サービス・役務,デイセンターあすなろ,,0113700603,突合済み,pref+city+name,デイセンター　あすなろ,虻田郡洞爺湖町,公表データ,北海道 工賃実績（主な作業内容）,https://www.pref.hokkaido.lg.jp/hf/shf/ko-chin.html,fc2fae06b95cbe55
北海道,その他サービス,その他サービス・役務,ドームファクトリー,,0112908777,突合済み,pref+city+name,ドームファクトリー,旭川市,公表データ,北海道 工賃実績（主な作業内容）,https://www.pref.hokkaido.lg.jp/hf/shf/ko-chin.html,23cb78e99b82853a
北海道,その他サービス,その他サービス・役務,ナッジ,,0110701240,突合済み,pref+city+name,ナッジ,札幌市西区,公表データ,北海道 工賃実績（主な作業内容）,https://www.pref.hokkaido.lg.jp/hf/shf/ko-chin.html,9d9d0836e898bfbd
北海道,その他サービス,その他サービス・役務,ニムビン,,0112906243,突合済み,pref+city+name,ニムビン,旭川市,公表データ,北海道 工賃実績（主な作業内容）,https://www.pref.hokkaido.lg.jp/hf/shf/ko-chin.html,cb83e211dd03e056
北海道,その他サービス,その他サービス・役務,ハッピーラボ,,0110103611,突合済み,pref+city+name,ハッピーラボ,札幌市中央区,公表データ,北海道 工賃実績（主な作業内容）,https://www.pref.hokkaido.lg.jp/hf/shf/ko-chin.html,ad4cbe3d3998474a
北海道,その他サービス,その他サービス・役務,ハローENJOY,,0115800419,突合済み,pref+city+name,ハローＥＮＪＯＹ,夕張郡栗山町,公表データ,北海道 工賃実績（主な作業内容）,https://www.pref.hokkaido.lg.jp/hf/shf/ko-chin.html,05e30ee39295ac2a
北海道,その他サービス,その他サービス・役務,ハローENJOYつぎたて５,,0115800377,突合済み,pref+city+name,ハローＥＮＪＯＹつぎたて５,夕張郡栗山町,公表データ,北海道 工賃実績（主な作業内容）,https://www.pref.hokkaido.lg.jp/hf/shf/ko-chin.html,95db5e37011848e2
北海道,その他サービス,その他サービス・役務,ハローENJYOY札幌Ⅱ,,,未突合,unmatched,,,公表データ,北海道 工賃実績（主な作業内容）,https://www.pref.hokkaido.lg.jp/hf/shf/ko-chin.html,
北海道,その他サービス,その他サービス・役務,ハローＥＮＪＯＹ助歩栗山,,0115800278,突合済み,pref+city+name,ハローＥＮＪＯＹ助歩栗山,夕張郡栗山町,公表データ,北海道 工賃実績（主な作業内容）,https://www.pref.hokkaido.lg.jp/hf/shf/ko-chin.html,cdbcbc9ef049d0b3
北海道,その他サービス,その他サービス・役務,ハートシップ札幌中央,,0110101938,突合済み,pref+city+name,ハートシップ札幌中央,札幌市中央区,公表データ,北海道 工賃実績（主な作業内容）,https://www.pref.hokkaido.lg.jp/hf/shf/ko-chin.html,10376f7a06c3adf3
北海道,その他サービス,その他サービス・役務,ハートステーション網走,,0115300709,突合済み,pref+city+name,ハートステーション網走,網走市,公表データ,北海道 工賃実績（主な作業内容）,https://www.pref.hokkaido.lg.jp/hf/shf/ko-chin.html,a7a3355c91dbcb67
北海道,その他サービス,その他サービス・役務,パステル,,0110404852,突合済み,pref+city+name,パステル,札幌市白石区,公表データ,北海道 工賃実績（主な作業内容）,https://www.pref.hokkaido.lg.jp/hf/shf/ko-chin.html,0affd091d3f08c1e
北海道,その他サービス,その他サービス・役務,ビリーブ,,0110404407,突合済み,pref+city+name,ビリーブ,札幌市白石区,公表データ,北海道 工賃実績（主な作業内容）,https://www.pref.hokkaido.lg.jp/hf/shf/ko-chin.html,31780f23c2a2dc03
北海道,その他サービス,その他のサービス,ビートルーム,,0114101660,突合済み,pref+city+name,ビートルーム,釧路市,公表データ,北海道 工賃実績（主な作業内容）,https://www.pref.hokkaido.lg.jp/hf/shf/ko-chin.html,907f38b6b2fa7dfd
北海道,その他サービス,その他サービス・役務,ピア・こすもす,,0112901343,突合済み,pref+city+name,ピア・こすもす,旭川市,公表データ,北海道 工賃実績（主な作業内容）,https://www.pref.hokkaido.lg.jp/hf/shf/ko-chin.html,926a1ce512b7afbe
北海道,その他サービス,その他サービス・役務,ピーシーズ,,0112908629,突合済み,pref+city+name,ピーシーズ,旭川市,公表データ,北海道 工賃実績（主な作業内容）,https://www.pref.hokkaido.lg.jp/hf/shf/ko-chin.html,cf1548e82f9c7c83
北海道,その他サービス,その他サービス・役務,ピースマイル,,0110402278,突合済み,pref+city+name,ピースマイル,札幌市西区,公表データ,北海道 工賃実績（主な作業内容）,https://www.pref.hokkaido.lg.jp/hf/shf/ko-chin.html,dc28af9873c01ec7
北海道,その他サービス,その他サービス・役務,ピースワーク2nd,,0112001458,突合済み,pref+city+name,ピースワーク2nd,小樽市,公表データ,北海道 工賃実績（主な作業内容）,https://www.pref.hokkaido.lg.jp/hf/shf/ko-chin.html,39d58bf7f07e7291
北海道,その他サービス,その他サービス・役務,ファニー函館,,0111402111,突合済み,pref+city+name,ファニー函館,函館市,公表データ,北海道 工賃実績（主な作業内容）,https://www.pref.hokkaido.lg.jp/hf/shf/ko-chin.html,44b994da64d3345f
北海道,その他サービス,その他サービス・役務,ファニー湯川,,0111402418,突合済み,pref+city+name,ファニー湯川,函館市,公表データ,北海道 工賃実績（主な作業内容）,https://www.pref.hokkaido.lg.jp/hf/shf/ko-chin.html,d800ca381205ccd4
北海道,その他サービス,その他サービス・役務,フリッパー,,0114601487,突合済み,pref+city+name,フリッパー,帯広市,公表データ,北海道 工賃実績（主な作業内容）,https://www.pref.hokkaido.lg.jp/hf/shf/ko-chin.html,ef536893f742209b
北海道,その他サービス,その他サービス・役務,フリーダム,,0110203833,突合済み,pref+city+name,フリーダム,札幌市北区,公表データ,北海道 工賃実績（主な作業内容）,https://www.pref.hokkaido.lg.jp/hf/shf/ko-chin.html,3c749e93a3b78922
北海道,その他サービス,その他サービス・役務,プリウス釧路,,0114102627,突合済み,pref+city+name,プリウス釧路,釧路市,公表データ,北海道 工賃実績（主な作業内容）,https://www.pref.hokkaido.lg.jp/hf/shf/ko-chin.html,0dd3115095f30c04
北海道,その他サービス,その他サービス・役務,プリウス釧路,,0114102627,突合済み,pref+city+name,プリウス釧路,釧路市,公表データ,北海道 工賃実績（主な作業内容）,https://www.pref.hokkaido.lg.jp/hf/shf/ko-chin.html,0dd3115095f30c04
北海道,その他サービス,その他サービス・役務,ベースト,,0116100355,突合済み,pref+city+name,ベースト,美唄市,公表データ,北海道 工賃実績（主な作業内容）,https://www.pref.hokkaido.lg.jp/hf/shf/ko-chin.html,56be91ec46f4c738
北海道,その他サービス,その他サービス・役務,ホープ共同作業所,,0116400342,突合済み,pref+city+name,ホープ共同作業所,留萌市,公表データ,北海道 工賃実績（主な作業内容）,https://www.pref.hokkaido.lg.jp/hf/shf/ko-chin.html,81820cdafbd1c9e7
北海道,その他サービス,その他サービス・役務,ポラリス,,0110102449,突合済み,pref+city+name,ポラリス,札幌市中央区,公表データ,北海道 工賃実績（主な作業内容）,https://www.pref.hokkaido.lg.jp/hf/shf/ko-chin.html,033862724044a05a
北海道,その他サービス,その他サービス・役務,マルハチ急行(株)福祉事業部サークルエイト,,,未突合,unmatched,,,公表データ,北海道 工賃実績（主な作業内容）,https://www.pref.hokkaido.lg.jp/hf/shf/ko-chin.html,
北海道,その他サービス,その他サービス・役務,ミナモト就労継続支援事業所,,0111100756,突合済み,pref+city+name,ミナモト就労継続支援事業所,千歳市,公表データ,北海道 工賃実績（主な作業内容）,https://www.pref.hokkaido.lg.jp/hf/shf/ko-chin.html,d36954a9dee46626
北海道,その他サービス,その他サービス・役務,ミナモト就労継続支援事業所,,0111100756,突合済み,pref+city+name,ミナモト就労継続支援事業所,千歳市,公表データ,北海道 工賃実績（主な作業内容）,https://www.pref.hokkaido.lg.jp/hf/shf/ko-chin.html,d36954a9dee46626
北海道,その他サービス,その他サービス・役務,ミライク,,,未突合,unmatched,,,公表データ,北海道 工賃実績（主な作業内容）,https://www.pref.hokkaido.lg.jp/hf/shf/ko-chin.html,
北海道,その他サービス,その他サービス・役務,ミライク・カラ,,,未突合,unmatched,,,公表データ,北海道 工賃実績（主な作業内容）,https://www.pref.hokkaido.lg.jp/hf/shf/ko-chin.html,
北海道,その他サービス,その他サービス・役務,ムーブオン,,0110505054,突合済み,pref+city+name,ムーブオン,札幌市豊平区,公表データ,北海道 工賃実績（主な作業内容）,https://www.pref.hokkaido.lg.jp/hf/shf/ko-chin.html,4b738cff093c7986
北海道,その他サービス,その他サービス・役務,ムーブオン平岸中央,,0110505542,突合済み,pref+city+name,ムーブオン　平岸中央,札幌市豊平区,公表データ,北海道 工賃実績（主な作業内容）,https://www.pref.hokkaido.lg.jp/hf/shf/ko-chin.html,bebf88e1fee22f2e
北海道,その他サービス,その他サービス・役務,メビウス,,0111100301,突合済み,pref+city+name,メビウス,千歳市,公表データ,北海道 工賃実績（主な作業内容）,https://www.pref.hokkaido.lg.jp/hf/shf/ko-chin.html,aecf5b4e54e08a65
北海道,その他サービス,その他サービス・役務,メビウスB型作業所,,,未突合,unmatched,,,公表データ,北海道 工賃実績（主な作業内容）,https://www.pref.hokkaido.lg.jp/hf/shf/ko-chin.html,
北海道,その他サービス,その他サービス・役務,ユアスタジオ,,0110505534,突合済み,pref+city+name,ユアスタジオ,札幌市豊平区,公表データ,北海道 工賃実績（主な作業内容）,https://www.pref.hokkaido.lg.jp/hf/shf/ko-chin.html,c62db0dfeaa1a706
北海道,その他サービス,その他サービス・役務,ユートス,,0112001276,突合済み,pref+city+name,ユートス,小樽市,公表データ,北海道 工賃実績（主な作業内容）,https://www.pref.hokkaido.lg.jp/hf/shf/ko-chin.html,ec298aa38690b4ec
北海道,その他サービス,その他サービス・役務,ユーリード札幌福住事業所,,0110507027,突合済み,pref+city+name,ユーリード札幌福住事業所,札幌市豊平区,公表データ,北海道 工賃実績（主な作業内容）,https://www.pref.hokkaido.lg.jp/hf/shf/ko-chin.html,909a1332deb52180
北海道,その他サービス,その他サービス・役務,ヨベル,,0110402633,突合済み,pref+city+name,ヨベル,札幌市白石区,公表データ,北海道 工賃実績（主な作業内容）,https://www.pref.hokkaido.lg.jp/hf/shf/ko-chin.html,f21d5815fabb69a1
北海道,その他サービス,その他サービス・役務,ライフテンダー札幌,,0110201217,突合済み,pref+city+name,ライフテンダー札幌,札幌市中央区,公表データ,北海道 工賃実績（主な作業内容）,https://www.pref.hokkaido.lg.jp/hf/shf/ko-chin.html,3e602e495a2c788c
北海道,その他サービス,その他サービス・役務,ライフプラス,,0114102387,突合済み,pref+city+name,ライフプラス,釧路市,公表データ,北海道 工賃実績（主な作業内容）,https://www.pref.hokkaido.lg.jp/hf/shf/ko-chin.html,d511499bf518dfd5
北海道,その他サービス,その他サービス・役務,ライブコネクトくだん,,0117400499,突合済み,pref+city+name,ライブコネクトくだん,深川市,公表データ,北海道 工賃実績（主な作業内容）,https://www.pref.hokkaido.lg.jp/hf/shf/ko-chin.html,12f609ba66ce8ad8
北海道,その他サービス,その他サービス・役務,ラボルスタシオ,,0110104064,突合済み,pref+city+name,ラボルスタシオ,札幌市西区,公表データ,北海道 工賃実績（主な作業内容）,https://www.pref.hokkaido.lg.jp/hf/shf/ko-chin.html,a4ca936b66c4ffb6
北海道,その他サービス,その他サービス・役務,ラポール,,0110700697,突合済み,pref+city+name,ラポール,札幌市西区,公表データ,北海道 工賃実績（主な作業内容）,https://www.pref.hokkaido.lg.jp/hf/shf/ko-chin.html,8d0134f7fe407582
北海道,その他サービス,その他サービス・役務,ラポール,,0110700697,突合済み,pref+city+name,ラポール,札幌市西区,公表データ,北海道 工賃実績（主な作業内容）,https://www.pref.hokkaido.lg.jp/hf/shf/ko-chin.html,8d0134f7fe407582
北海道,その他サービス,その他サービス・役務,ラポールハウスチトセ,,0111100822,突合済み,pref+city+name,ラポールハウスチトセ,千歳市,公表データ,北海道 工賃実績（主な作業内容）,https://www.pref.hokkaido.lg.jp/hf/shf/ko-chin.html,5a44ed62d1ee8247
北海道,その他サービス,その他サービス・役務,リバイブ札幌宮の沢,,0110701901,突合済み,pref+city+name,リバイブ　札幌宮の沢,札幌市西区,公表データ,北海道 工賃実績（主な作業内容）,https://www.pref.hokkaido.lg.jp/hf/shf/ko-chin.html,08c3f583ee7623cc
北海道,その他サービス,その他サービス・役務,リボン（Re Born）,,,未突合,unmatched,,,公表データ,北海道 工賃実績（主な作業内容）,https://www.pref.hokkaido.lg.jp/hf/shf/ko-chin.html,
北海道,その他サービス,その他サービス・役務,リワークあっぷる,,0110502044,突合済み,pref+city+name,リワークあっぷる,札幌市豊平区,公表データ,北海道 工賃実績（主な作業内容）,https://www.pref.hokkaido.lg.jp/hf/shf/ko-chin.html,aa745b72b84dd20e
北海道,その他サービス,その他サービス・役務,リンツガーデン,,0114102502,突合済み,pref+city+name,リンツガーデン,釧路市,公表データ,北海道 工賃実績（主な作業内容）,https://www.pref.hokkaido.lg.jp/hf/shf/ko-chin.html,90acc6a39452fbdd
北海道,その他サービス,その他サービス・役務,ローズ白石,,0110404902,突合済み,pref+city+name,ローズ白石,札幌市白石区,公表データ,北海道 工賃実績（主な作業内容）,https://www.pref.hokkaido.lg.jp/hf/shf/ko-chin.html,f524071fd6698a96
北海道,その他サービス,その他サービス・役務,ロードマーク,,0110101060,突合済み,pref+city+name,ロードマーク,札幌市中央区,公表データ,北海道 工賃実績（主な作業内容）,https://www.pref.hokkaido.lg.jp/hf/shf/ko-chin.html,386e4a38ef69a1e1
北海道,その他サービス,その他サービス・役務,ワンダホープ,,0110404134,突合済み,pref+city+name,ワンダホープ,札幌市白石区,公表データ,北海道 工賃実績（主な作業内容）,https://www.pref.hokkaido.lg.jp/hf/shf/ko-chin.html,7064d1068f975f50
北海道,その他サービス,その他サービス・役務,ワーカーズコープあいあい,,0113602452,突合済み,pref+city+name,ワーカーズコープあいあい,苫小牧市,公表データ,北海道 工賃実績（主な作業内容）,https://www.pref.hokkaido.lg.jp/hf/shf/ko-chin.html,6003a54d961108de
北海道,その他サービス,その他サービス・役務,ワーカーズコープ恵庭地域福祉事業所はっぴーｊｏｂ,,0111200481,突合済み,pref+city+name,ワーカーズコープ　恵庭地域福祉事業所　はっぴーjob,恵庭市,公表データ,北海道 工賃実績（主な作業内容）,https://www.pref.hokkaido.lg.jp/hf/shf/ko-chin.html,3726da21f39e575e
北海道,その他サービス,その他サービス・役務,ワークコートかがやき,,0111402129,突合済み,pref+city+name,ワークコートかがやき,函館市,公表データ,北海道 工賃実績（主な作業内容）,https://www.pref.hokkaido.lg.jp/hf/shf/ko-chin.html,9260641a15d39326
北海道,その他サービス,その他サービス・役務,ワークショップさんれっど,,0113100713,突合済み,pref+city+name,ワークショップ　さんれっど,上川郡当麻町,公表データ,北海道 工賃実績（主な作業内容）,https://www.pref.hokkaido.lg.jp/hf/shf/ko-chin.html,afd8a5eb21463c5e
北海道,その他サービス,その他サービス・役務,ワークショップ・エンジェル,,0110101052,突合済み,pref+city+name,ワークショップ・エンジェル,札幌市東区,公表データ,北海道 工賃実績（主な作業内容）,https://www.pref.hokkaido.lg.jp/hf/shf/ko-chin.html,1463c0569efd5720
北海道,その他サービス,その他サービス・役務,ワークショップ上野幌,,0110501012,突合済み,pref+city+name,ワークショップ上野幌,札幌市厚別区,公表データ,北海道 工賃実績（主な作業内容）,https://www.pref.hokkaido.lg.jp/hf/shf/ko-chin.html,bab311696b38cd84
北海道,その他サービス,その他サービス・役務,ワークショップ実の里,,0110600756,突合済み,pref+city+name,ワークショップ実の里,札幌市南区,公表データ,北海道 工賃実績（主な作業内容）,https://www.pref.hokkaido.lg.jp/hf/shf/ko-chin.html,6ed1e4959910a5d4
北海道,その他サービス,その他サービス・役務,ワークステーション「わくわく」,,0114701949,突合済み,pref+city+name,ワークステーション　「わくわく」,中川郡本別町,公表データ,北海道 工賃実績（主な作業内容）,https://www.pref.hokkaido.lg.jp/hf/shf/ko-chin.html,731836aa5ebf4c3a
北海道,その他サービス,その他サービス・役務,ワークスペース元町,,0110300910,突合済み,pref+city+name,ワークスペース元町,札幌市東区,公表データ,北海道 工賃実績（主な作業内容）,https://www.pref.hokkaido.lg.jp/hf/shf/ko-chin.html,1c94b717329911cc
北海道,その他サービス,その他サービス・役務,ワークセンターるーぷ『ひので』,,0113600373,突合済み,pref+city+name,ワークセンターるーぷ『ひので』,苫小牧市,公表データ,北海道 工賃実績（主な作業内容）,https://www.pref.hokkaido.lg.jp/hf/shf/ko-chin.html,2fff782345d7465c
北海道,その他サービス,その他サービス・役務,ワークセンター・やまびこ,,0112001086,突合済み,pref+city+name,ワークセンター・やまびこ,小樽市,公表データ,北海道 工賃実績（主な作業内容）,https://www.pref.hokkaido.lg.jp/hf/shf/ko-chin.html,a22c388834308faa
北海道,その他サービス,その他サービス・役務,ワークセンター株式会社,,0110500063,突合済み,pref+city+name,ワークセンター　株式会社,札幌市南区,公表データ,北海道 工賃実績（主な作業内容）,https://www.pref.hokkaido.lg.jp/hf/shf/ko-chin.html,9f780523c9245c1e
北海道,その他サービス,その他サービス・役務,ワークネット北見 就労継続支援事業所,,0115000333,突合済み,pref+city+name,ワークネット北見　就労継続支援事業所,北見市,公表データ,北海道 工賃実績（主な作業内容）,https://www.pref.hokkaido.lg.jp/hf/shf/ko-chin.html,940d54eb07084504
北海道,その他サービス,その他サービス・役務,一般社団法人Since'I,,,未突合,unmatched,,,公表データ,北海道 工賃実績（主な作業内容）,https://www.pref.hokkaido.lg.jp/hf/shf/ko-chin.html,
北海道,その他サービス,その他サービス・役務,一般社団法人ぱれっとふぁーむ,,,未突合,unmatched,,,公表データ,北海道 工賃実績（主な作業内容）,https://www.pref.hokkaido.lg.jp/hf/shf/ko-chin.html,
北海道,その他サービス,その他サービス・役務,一般社団法人伊達の風 湘南の風,,,未突合,unmatched,,,公表データ,北海道 工賃実績（主な作業内容）,https://www.pref.hokkaido.lg.jp/hf/shf/ko-chin.html,
北海道,その他サービス,その他サービス・役務,上川更生ハイム 末広デイセンター,,0112908454,突合済み,pref+city+name,上川更生ハイム末広デイセンター,旭川市,公表データ,北海道 工賃実績（主な作業内容）,https://www.pref.hokkaido.lg.jp/hf/shf/ko-chin.html,383e4d6f44c04967
北海道,その他サービス,その他サービス・役務,代行サービスいっ歩,,0114101025,突合済み,pref+city+name,代行サービス　いっ歩,釧路市,公表データ,北海道 工賃実績（主な作業内容）,https://www.pref.hokkaido.lg.jp/hf/shf/ko-chin.html,19cb64153d8f9018
北海道,その他サービス,その他サービス・役務,作業所きたの,,0110501962,突合済み,pref+city+name,作業所きたの,札幌市清田区,公表データ,北海道 工賃実績（主な作業内容）,https://www.pref.hokkaido.lg.jp/hf/shf/ko-chin.html,72884f35780a83ff
北海道,その他サービス,その他サービス・役務,便利屋くれよん,,0110502010,突合済み,pref+city+name,便利屋くれよん,札幌市豊平区,公表データ,北海道 工賃実績（主な作業内容）,https://www.pref.hokkaido.lg.jp/hf/shf/ko-chin.html,bd878231a9008810
北海道,その他サービス,その他サービス・役務,光生舎く・る・る,,0110800067,突合済み,pref+city+name,光生舎く・る・る,札幌市厚別区,公表データ,北海道 工賃実績（主な作業内容）,https://www.pref.hokkaido.lg.jp/hf/shf/ko-chin.html,5362bfe8433edf7b
北海道,その他サービス,その他サービス・役務,共働事業所きばりや（旧名称：もじや）,,,未突合,unmatched,,,公表データ,北海道 工賃実績（主な作業内容）,https://www.pref.hokkaido.lg.jp/hf/shf/ko-chin.html,
北海道,その他サービス,その他サービス・役務,共同作業所ぽろみな,,0110900560,突合済み,pref+city+name,共同作業所　ぽろみな,札幌市手稲区,公表データ,北海道 工賃実績（主な作業内容）,https://www.pref.hokkaido.lg.jp/hf/shf/ko-chin.html,dad3266a8f5f75cb
北海道,その他サービス,その他サービス・役務,共同作業所・ＨＡＰＰＹ,,0110400843,突合済み,pref+city+name,共同作業所・ＨＡＰＰＹ,札幌市西区,公表データ,北海道 工賃実績（主な作業内容）,https://www.pref.hokkaido.lg.jp/hf/shf/ko-chin.html,289e7080d66f2877
北海道,その他サービス,その他サービス・役務,函館あすなろ会,,0111501102,突合済み,pref+city+name,函館あすなろ会,北斗市,公表データ,北海道 工賃実績（主な作業内容）,https://www.pref.hokkaido.lg.jp/hf/shf/ko-chin.html,8b15668b40f1a366
北海道,その他サービス,その他サービス・役務,北広島セルプ,,0111300349,突合済み,pref+city+name,北広島セルプ,北広島市,公表データ,北海道 工賃実績（主な作業内容）,https://www.pref.hokkaido.lg.jp/hf/shf/ko-chin.html,f125de526e4ac77b
北海道,その他サービス,その他サービス・役務,北海道あすなろ会,,0110900107,突合済み,pref+city+name,北海道あすなろ会,札幌市手稲区,公表データ,北海道 工賃実績（主な作業内容）,https://www.pref.hokkaido.lg.jp/hf/shf/ko-chin.html,a3cc9cfc2b1f3e8d
北海道,その他サービス,その他サービス・役務,十勝あすなろ会,,0114600570,突合済み,pref+city+name,十勝あすなろ会,帯広市,公表データ,北海道 工賃実績（主な作業内容）,https://www.pref.hokkaido.lg.jp/hf/shf/ko-chin.html,a9fb968e2a8cd5ec
北海道,その他サービス,その他サービス・役務,千蛍社,,0111401824,突合済み,pref+city+name,千蛍社,函館市,公表データ,北海道 工賃実績（主な作業内容）,https://www.pref.hokkaido.lg.jp/hf/shf/ko-chin.html,bb729ff3f9fef218
北海道,その他サービス,その他サービス・役務,地域サービスセンターはこだて,,0111400958,突合済み,pref+city+name,地域サービスセンターはこだて,函館市,公表データ,北海道 工賃実績（主な作業内容）,https://www.pref.hokkaido.lg.jp/hf/shf/ko-chin.html,fb93d83eb7ea9a00
北海道,その他サービス,その他サービス・役務,地域自立生活応援センター共生舎,,0110300662,突合済み,pref+city+name,地域自立生活応援センター　共生舎,札幌市東区,公表データ,北海道 工賃実績（主な作業内容）,https://www.pref.hokkaido.lg.jp/hf/shf/ko-chin.html,98f8dd56b735aac6
北海道,その他サービス,その他サービス・役務,塩梅屋,,0112000641,突合済み,pref+city+name,塩梅屋,小樽市,公表データ,北海道 工賃実績（主な作業内容）,https://www.pref.hokkaido.lg.jp/hf/shf/ko-chin.html,bb5ca3fd4f7b5fad
北海道,その他サービス,その他サービス・役務,夕陽が丘,,0111401816,突合済み,pref+city+name,夕陽が丘,函館市,公表データ,北海道 工賃実績（主な作業内容）,https://www.pref.hokkaido.lg.jp/hf/shf/ko-chin.html,1c2d96950ba22eee
北海道,その他サービス,その他サービス・役務,多機能事業所ぽれっと,,0114100506,突合済み,pref+city+name,多機能事業所　ぽれっと,釧路市,公表データ,北海道 工賃実績（主な作業内容）,https://www.pref.hokkaido.lg.jp/hf/shf/ko-chin.html,4873cd88155014f6
北海道,その他サービス,その他サービス・役務,多機能型事業所 WiShウイッシュ,,0111402467,突合済み,pref+city+name,多機能型事業所　WiSh　ウイッシュ,函館市,公表データ,北海道 工賃実績（主な作業内容）,https://www.pref.hokkaido.lg.jp/hf/shf/ko-chin.html,724df7dba7b4dd65
北海道,その他サービス,その他サービス・役務,多機能型事業所 ワークス一条,,0111400743,突合済み,pref+city+name,多機能型事業所　ワークス一条,函館市,公表データ,北海道 工賃実績（主な作業内容）,https://www.pref.hokkaido.lg.jp/hf/shf/ko-chin.html,938375103082a35f
北海道,その他サービス,その他サービス・役務,多機能型事業所Seed,,0110700580,突合済み,pref+city+name,多機能型事業所　Ｓｅｅｄ,札幌市西区,公表データ,北海道 工賃実績（主な作業内容）,https://www.pref.hokkaido.lg.jp/hf/shf/ko-chin.html,a7f09141410563a3
北海道,その他サービス,その他サービス・役務,多機能型事業所「もあ」,,,未突合,city_mismatch,,,公表データ,北海道 工賃実績（主な作業内容）,https://www.pref.hokkaido.lg.jp/hf/shf/ko-chin.html,
北海道,その他サービス,その他サービス・役務,多機能型事業所あやめ,,0110901840,突合済み,pref+city+name,多機能型事業所あやめ,札幌市清田区,公表データ,北海道 工賃実績（主な作業内容）,https://www.pref.hokkaido.lg.jp/hf/shf/ko-chin.html,a443ba8a6fdc8d49
北海道,その他サービス,その他サービス・役務,多機能型事業所とらいわーく,,,未突合,unmatched,,,公表データ,北海道 工賃実績（主な作業内容）,https://www.pref.hokkaido.lg.jp/hf/shf/ko-chin.html,
北海道,その他サービス,その他サービス・役務,多機能型事業所ひなた,,0117500371,突合済み,pref+city+name,多機能型事業所ひなた,滝川市,公表データ,北海道 工賃実績（主な作業内容）,https://www.pref.hokkaido.lg.jp/hf/shf/ko-chin.html,7c1b9e72af204357
北海道,その他サービス,その他サービス・役務,多機能型事業所ぴーぷる,,0114100803,突合済み,pref+city+name,多機能型事業所 ぴーぷる,釧路市,公表データ,北海道 工賃実績（主な作業内容）,https://www.pref.hokkaido.lg.jp/hf/shf/ko-chin.html,9c5ff9a7d8007c82
北海道,その他サービス,その他サービス・役務,多機能型事業所ゆうゆう舎,,0114701352,突合済み,pref+city+name,多機能型事業所　ゆうゆう舎,広尾郡広尾町,公表データ,北海道 工賃実績（主な作業内容）,https://www.pref.hokkaido.lg.jp/hf/shf/ko-chin.html,aa17d4f60cfd9a66
北海道,その他サービス,その他サービス・役務,多機能型事業所シーウェル,,0110505559,突合済み,pref+city+name,多機能型事業所　シーウェル,札幌市豊平区,公表データ,北海道 工賃実績（主な作業内容）,https://www.pref.hokkaido.lg.jp/hf/shf/ko-chin.html,286ccaca4ee8ee77
北海道,その他サービス,その他サービス・役務,多機能型事業所ジョブトレ,,0110104494,突合済み,pref+city+name,多機能型事業所ジョブトレ,札幌市中央区,公表データ,北海道 工賃実績（主な作業内容）,https://www.pref.hokkaido.lg.jp/hf/shf/ko-chin.html,3b61770405615d6f
北海道,その他サービス,その他サービス・役務,多機能型事業所リベラ,,,未突合,unmatched,,,公表データ,北海道 工賃実績（主な作業内容）,https://www.pref.hokkaido.lg.jp/hf/shf/ko-chin.html,
北海道,その他サービス,その他サービス・役務,多機能型事業所東開町2丁目,,0113602536,突合済み,pref+city+name,多機能型事業所東開町2丁目,苫小牧市,公表データ,北海道 工賃実績（主な作業内容）,https://www.pref.hokkaido.lg.jp/hf/shf/ko-chin.html,b30c1710b87eaeee
北海道,その他サービス,その他サービス・役務,多機能型就労支援センター「Cha・Cha・Cha」,,0112908348,突合済み,pref+city+name,多機能型就労支援センター「Ｃｈａ・Ｃｈａ・Ｃｈａ」,旭川市,公表データ,北海道 工賃実績（主な作業内容）,https://www.pref.hokkaido.lg.jp/hf/shf/ko-chin.html,4bf9f667c6b69ef5
北海道,その他サービス,その他サービス・役務,多機能型就労支援センター「Cha・Cha・Cha」,,0112908348,突合済み,pref+city+name,多機能型就労支援センター「Ｃｈａ・Ｃｈａ・Ｃｈａ」,旭川市,公表データ,北海道 工賃実績（主な作業内容）,https://www.pref.hokkaido.lg.jp/hf/shf/ko-chin.html,4bf9f667c6b69ef5
北海道,その他サービス,その他サービス・役務,多機能型就労支援施設ユニ・ノーマ,,0110300951,突合済み,pref+city+name,多機能型就労支援施設　ユニ・ノーマ,札幌市東区,公表データ,北海道 工賃実績（主な作業内容）,https://www.pref.hokkaido.lg.jp/hf/shf/ko-chin.html,5bfb2252299372c7
北海道,その他サービス,その他サービス・役務,多機能型通所施設 はばたき,,0114100902,突合済み,pref+city+name,多機能型通所施設はばたき,釧路市,公表データ,北海道 工賃実績（主な作業内容）,https://www.pref.hokkaido.lg.jp/hf/shf/ko-chin.html,13e877939a7ec8ab
北海道,その他サービス,その他サービス・役務,大樹学園,,0114602451,突合済み,pref+city+name,大樹学園,帯広市,公表データ,北海道 工賃実績（主な作業内容）,https://www.pref.hokkaido.lg.jp/hf/shf/ko-chin.html,c53bd7944fd75630
北海道,その他サービス,その他サービス・役務,大空,,0110506110,突合済み,pref+city+name,大空,札幌市豊平区,公表データ,北海道 工賃実績（主な作業内容）,https://www.pref.hokkaido.lg.jp/hf/shf/ko-chin.html,e5b02067ae2442dc
北海道,その他サービス,その他サービス・役務,太夢共同作業所,,0110501970,突合済み,pref+city+name,太夢共同作業所,札幌市豊平区,公表データ,北海道 工賃実績（主な作業内容）,https://www.pref.hokkaido.lg.jp/hf/shf/ko-chin.html,7a3df386cbb5bd23
北海道,その他サービス,その他サービス・役務,宝島,,0110205481,突合済み,pref+city+name,宝島,札幌市北区,公表データ,北海道 工賃実績（主な作業内容）,https://www.pref.hokkaido.lg.jp/hf/shf/ko-chin.html,b9ce4a77bae91348
北海道,その他サービス,その他サービス・役務,小規模作業所央太夢,,0110101771,突合済み,pref+city+name,小規模作業所　央太夢,札幌市東区,公表データ,北海道 工賃実績（主な作業内容）,https://www.pref.hokkaido.lg.jp/hf/shf/ko-chin.html,af72491bab38794b
北海道,その他サービス,その他サービス・役務,就労Bちーむ南6条,,0110104957,突合済み,pref+city+name,就労B　ちーむ南６条,札幌市中央区,公表データ,北海道 工賃実績（主な作業内容）,https://www.pref.hokkaido.lg.jp/hf/shf/ko-chin.html,3866d6b83d107993
北海道,その他サービス,その他サービス・役務,就労サポートセンター紙風船,,0113601306,突合済み,pref+city+name,就労サポートセンター紙風船,苫小牧市,公表データ,北海道 工賃実績（主な作業内容）,https://www.pref.hokkaido.lg.jp/hf/shf/ko-chin.html,caa0eb2d5537ba00
北海道,その他サービス,その他サービス・役務,就労支援 プラスサイン,,0110800836,突合済み,pref+city+name,就労支援プラスサイン,札幌市厚別区,公表データ,北海道 工賃実績（主な作業内容）,https://www.pref.hokkaido.lg.jp/hf/shf/ko-chin.html,7c26635359b10600
北海道,その他サービス,その他サービス・役務,就労支援B型事業所エンターテインメントアカデミー でじるみ苫小牧,,,未突合,unmatched,,,公表データ,北海道 工賃実績（主な作業内容）,https://www.pref.hokkaido.lg.jp/hf/shf/ko-chin.html,
北海道,その他サービス,その他サービス・役務,就労支援aGain,,0110104718,突合済み,pref+city+name,就労支援ａＧａｉｎ,札幌市中央区,公表データ,北海道 工賃実績（主な作業内容）,https://www.pref.hokkaido.lg.jp/hf/shf/ko-chin.html,f4cdcc609e007d15
北海道,その他サービス,その他サービス・役務,就労支援センター ジョブテラス,,0113500854,突合済み,pref+city+name,就労支援センタージョブテラス,登別市,公表データ,北海道 工賃実績（主な作業内容）,https://www.pref.hokkaido.lg.jp/hf/shf/ko-chin.html,fbdc270de83ca3f9
北海道,その他サービス,その他サービス・役務,就労支援センターNEWハウス,,0111501003,突合済み,pref+city+name,就労支援センターＮＥＷハウス,亀田郡七飯町,公表データ,北海道 工賃実績（主な作業内容）,https://www.pref.hokkaido.lg.jp/hf/shf/ko-chin.html,7c5105e1d2cbf2b2
北海道,その他サービス,その他サービス・役務,就労支援センターPORTハウス,,0111501383,突合済み,pref+city+name,就労支援センターＰＯＲＴハウス,北斗市,公表データ,北海道 工賃実績（主な作業内容）,https://www.pref.hokkaido.lg.jp/hf/shf/ko-chin.html,61d19d22dec9ea06
北海道,その他サービス,その他サービス・役務,就労支援センターToMoハウス,,0111500591,突合済み,pref+city+name,就労支援センター　ＴｏＭｏハウス,亀田郡七飯町,公表データ,北海道 工賃実績（主な作業内容）,https://www.pref.hokkaido.lg.jp/hf/shf/ko-chin.html,234e074ee6a7f692
北海道,その他サービス,その他サービス・役務,就労支援センターWORKハウス,,0111500757,突合済み,pref+city+name,就労支援センター　ＷＯＲＫハウス,茅部郡森町,公表データ,北海道 工賃実績（主な作業内容）,https://www.pref.hokkaido.lg.jp/hf/shf/ko-chin.html,1f398402c73e6958
北海道,その他サービス,その他サービス・役務,就労支援センターこんぱす,,0114701063,突合済み,pref+city+name,就労支援センターこんぱす,中川郡池田町,公表データ,北海道 工賃実績（主な作業内容）,https://www.pref.hokkaido.lg.jp/hf/shf/ko-chin.html,a0968ce309be48ce
北海道,その他サービス,その他サービス・役務,就労支援センターすまっしゅ,,0117100420,突合済み,pref+city+name,就労支援センター　すまっしゅ,空知郡奈井江町,公表データ,北海道 工賃実績（主な作業内容）,https://www.pref.hokkaido.lg.jp/hf/shf/ko-chin.html,88be7a0b9fca0fb2
北海道,その他サービス,その他サービス・役務,就労支援センターてとて,,0110800141,突合済み,pref+city+name,就労支援センターてとて,札幌市厚別区,公表データ,北海道 工賃実績（主な作業内容）,https://www.pref.hokkaido.lg.jp/hf/shf/ko-chin.html,67337fad5e40da4a
北海道,その他サービス,その他サービス・役務,就労支援センターべべるい,,0111300711,突合済み,pref+city+name,就労支援センターべべるい,北広島市,公表データ,北海道 工賃実績（主な作業内容）,https://www.pref.hokkaido.lg.jp/hf/shf/ko-chin.html,605eb1c0d1a57f9b
北海道,その他サービス,その他サービス・役務,就労支援センターまろにえ,,0113601041,突合済み,pref+city+name,就労支援センターまろにえ,苫小牧市,公表データ,北海道 工賃実績（主な作業内容）,https://www.pref.hokkaido.lg.jp/hf/shf/ko-chin.html,f262cb97f686839b
北海道,その他サービス,その他サービス・役務,就労支援センターオプス,,,未突合,unmatched,,,公表データ,北海道 工賃実績（主な作業内容）,https://www.pref.hokkaido.lg.jp/hf/shf/ko-chin.html,
北海道,その他サービス,その他サービス・役務,就労支援センターピアチェーレ,,0113500375,突合済み,pref+city+name,就労支援センター　ピアチェーレ,登別市,公表データ,北海道 工賃実績（主な作業内容）,https://www.pref.hokkaido.lg.jp/hf/shf/ko-chin.html,158264d39e478e47
北海道,その他サービス,その他サービス・役務,就労支援センターワークスオーク,,,未突合,unmatched,,,公表データ,北海道 工賃実績（主な作業内容）,https://www.pref.hokkaido.lg.jp/hf/shf/ko-chin.html,
北海道,その他サービス,その他サービス・役務,就労支援センター平岸,,0110505096,突合済み,pref+city+name,就労支援センター平岸,札幌市豊平区,公表データ,北海道 工賃実績（主な作業内容）,https://www.pref.hokkaido.lg.jp/hf/shf/ko-chin.html,f94b7e5b236573ed
北海道,その他サービス,その他サービス・役務,就労支援センター知床どんぐりの家,,0115300329,突合済み,pref+city+name,就労支援センター　知床どんぐりの家,斜里郡斜里町,公表データ,北海道 工賃実績（主な作業内容）,https://www.pref.hokkaido.lg.jp/hf/shf/ko-chin.html,c79810f0bb335246
北海道,その他サービス,その他サービス・役務,就労支援事業所 あしすと,,0114602139,突合済み,pref+city+name,就労支援事業所　あしすと,帯広市,公表データ,北海道 工賃実績（主な作業内容）,https://www.pref.hokkaido.lg.jp/hf/shf/ko-chin.html,5c8f6c2dc6e4fe69
北海道,その他サービス,その他サービス・役務,就労支援事業所 カナエル,,,未突合,unmatched,,,公表データ,北海道 工賃実績（主な作業内容）,https://www.pref.hokkaido.lg.jp/hf/shf/ko-chin.html,
北海道,その他サービス,その他サービス・役務,就労支援事業所 カナエル,,,未突合,unmatched,,,公表データ,北海道 工賃実績（主な作業内容）,https://www.pref.hokkaido.lg.jp/hf/shf/ko-chin.html,
北海道,その他サービス,その他サービス・役務,就労支援事業所 シオル,,0110506821,突合済み,pref+city+name,就労支援事業所　シオル,札幌市南区,公表データ,北海道 工賃実績（主な作業内容）,https://www.pref.hokkaido.lg.jp/hf/shf/ko-chin.html,8df1c8ea49816781
北海道,その他サービス,その他サービス・役務,就労支援事業所 和幸,,0114601446,突合済み,pref+city+name,就労支援事業所　和幸,帯広市,公表データ,北海道 工賃実績（主な作業内容）,https://www.pref.hokkaido.lg.jp/hf/shf/ko-chin.html,690de90107b258e8
北海道,その他サービス,その他サービス・役務,就労支援事業所 帯広はちす園,,0114600984,突合済み,pref+city+name,就労支援事業所　帯広はちす園,帯広市,公表データ,北海道 工賃実績（主な作業内容）,https://www.pref.hokkaido.lg.jp/hf/shf/ko-chin.html,5fc820f3c3bb0e73
北海道,その他サービス,その他サービス・役務,就労支援事業所 恵庭,,0111200259,突合済み,pref+city+name,就労支援事業所恵庭,恵庭市,公表データ,北海道 工賃実績（主な作業内容）,https://www.pref.hokkaido.lg.jp/hf/shf/ko-chin.html,0da3b0cc4701c2c3
北海道,その他サービス,その他サービス・役務,就労支援事業所きずなファーム,,0111501128,突合済み,pref+city+name,就労支援事業所きずなファーム,二海郡八雲町,公表データ,北海道 工賃実績（主な作業内容）,https://www.pref.hokkaido.lg.jp/hf/shf/ko-chin.html,de2354b5987cbc74
北海道,その他サービス,その他サービス・役務,就労支援事業所ぐろーあっぷ美香保,,0110302700,突合済み,pref+city+name,就労支援事業所ぐろーあっぷ美香保,札幌市東区,公表データ,北海道 工賃実績（主な作業内容）,https://www.pref.hokkaido.lg.jp/hf/shf/ko-chin.html,880a3344272d1e1e
北海道,その他サービス,その他サービス・役務,就労支援事業所ねくすと,,0113800734,突合済み,pref+city+name,就労支援事業所　ねくすと,沙流郡日高町,公表データ,北海道 工賃実績（主な作業内容）,https://www.pref.hokkaido.lg.jp/hf/shf/ko-chin.html,6cfebcf99a17f21d
北海道,その他サービス,その他サービス・役務,就労支援事業所ふたば,,0112906466,突合済み,pref+city+name,就労支援事業所　ふたば,旭川市,公表データ,北海道 工賃実績（主な作業内容）,https://www.pref.hokkaido.lg.jp/hf/shf/ko-chin.html,4817e18c037e87fd
北海道,その他サービス,その他サービス・役務,就労支援事業所むつみ,,0112909247,突合済み,pref+city+name,就労支援事業所むつみ,旭川市,公表データ,北海道 工賃実績（主な作業内容）,https://www.pref.hokkaido.lg.jp/hf/shf/ko-chin.html,0f3a3500f2c2bf73
北海道,その他サービス,その他サービス,就労支援事業所らふたの丘,,0110800075,突合済み,pref+city+name,就労支援事業所らふたの丘,札幌市厚別区,公表データ,北海道 工賃実績（主な作業内容）,https://www.pref.hokkaido.lg.jp/hf/shf/ko-chin.html,19061b1c77d79370
北海道,その他サービス,その他サービス・役務,就労支援事業所キロル,,0111300851,突合済み,pref+city+name,就労支援事業所キロル,北広島市,公表データ,北海道 工賃実績（主な作業内容）,https://www.pref.hokkaido.lg.jp/hf/shf/ko-chin.html,9458ff49fd56fa19
北海道,その他サービス,その他サービス・役務,就労支援事業所フィオーレ,,0110800505,突合済み,pref+city+name,就労支援事業所フィオーレ,札幌市厚別区,公表データ,北海道 工賃実績（主な作業内容）,https://www.pref.hokkaido.lg.jp/hf/shf/ko-chin.html,aac2f8529978937c
北海道,その他サービス,その他サービス・役務,就労支援事業所フィオーレ帯広,,0114602204,突合済み,pref+city+name,就労支援事業所フィオーレ帯広,中川郡幕別町,公表データ,北海道 工賃実績（主な作業内容）,https://www.pref.hokkaido.lg.jp/hf/shf/ko-chin.html,a5a7d007c0efbed7
北海道,その他サービス,その他サービス・役務,就労支援事業所フィオーレ旭川,,0112909171,突合済み,pref+city+name,就労支援事業所フィオーレ旭川,旭川市,公表データ,北海道 工賃実績（主な作業内容）,https://www.pref.hokkaido.lg.jp/hf/shf/ko-chin.html,a1828ad40d7a0c46
北海道,その他サービス,その他サービス・役務,就労支援事業所フィオーレ釧路,,,未突合,ambiguous,,,公表データ,北海道 工賃実績（主な作業内容）,https://www.pref.hokkaido.lg.jp/hf/shf/ko-chin.html,
北海道,その他サービス,その他サービス・役務,就労支援事業所ホープフル・和,,,未突合,unmatched,,,公表データ,北海道 工賃実績（主な作業内容）,https://www.pref.hokkaido.lg.jp/hf/shf/ko-chin.html,
北海道,その他サービス,その他サービス・役務,就労支援多機能型ワークメイト,,,未突合,unmatched,,,公表データ,北海道 工賃実績（主な作業内容）,https://www.pref.hokkaido.lg.jp/hf/shf/ko-chin.html,
北海道,その他サービス,その他サービス・役務,就労支援多機能型事業所 みっくすベジタ,,,未突合,unmatched,,,公表データ,北海道 工賃実績（主な作業内容）,https://www.pref.hokkaido.lg.jp/hf/shf/ko-chin.html,
北海道,その他サービス,その他サービス・役務,就労支援施設おおぞら,,0115800450,突合済み,pref+city+name,就労支援施設おおぞら,夕張郡長沼町,公表データ,北海道 工賃実績（主な作業内容）,https://www.pref.hokkaido.lg.jp/hf/shf/ko-chin.html,bf43837c4a67b693
北海道,その他サービス,その他サービス・役務,就労支援継続A型事業所 九神ファームめむろ,,,未突合,unmatched,,,公表データ,北海道 工賃実績（主な作業内容）,https://www.pref.hokkaido.lg.jp/hf/shf/ko-chin.html,
北海道,その他サービス,その他サービス・役務,就労移行支援事業所ゆうび,,0111100277,突合済み,pref+city+name,就労移行支援事業所ゆうび,千歳市,公表データ,北海道 工賃実績（主な作業内容）,https://www.pref.hokkaido.lg.jp/hf/shf/ko-chin.html,65785d9693d82fec
北海道,その他サービス,その他サービス・役務,就労継続B型事業所 ARCH,,,未突合,unmatched,,,公表データ,北海道 工賃実績（主な作業内容）,https://www.pref.hokkaido.lg.jp/hf/shf/ko-chin.html,
北海道,その他サービス,その他サービス・役務,就労継続B型事業所ほっぷすてっぷ,,,未突合,unmatched,,,公表データ,北海道 工賃実績（主な作業内容）,https://www.pref.hokkaido.lg.jp/hf/shf/ko-chin.html,
北海道,その他サービス,その他サービス・役務,就労継続支援 B型事業所 和が家 札幌,,0110104437,突合済み,pref+city+name,就労継続支援B型事業所　和が家　札幌,札幌市中央区,公表データ,北海道 工賃実績（主な作業内容）,https://www.pref.hokkaido.lg.jp/hf/shf/ko-chin.html,906ae35f127426c6
北海道,その他サービス,その他サービス・役務,就労継続支援 れのあ,,0110404530,突合済み,pref+city+name,就労継続支援　れのあ,札幌市白石区,公表データ,北海道 工賃実績（主な作業内容）,https://www.pref.hokkaido.lg.jp/hf/shf/ko-chin.html,897e12471345b937
北海道,その他サービス,その他サービス・役務,就労継続支援A&Bリピケア大谷地,,0110800778,突合済み,pref+city+name,就労継続支援Ａ＆Ｂ　リピケア大谷地,札幌市厚別区,公表データ,北海道 工賃実績（主な作業内容）,https://www.pref.hokkaido.lg.jp/hf/shf/ko-chin.html,c080610be7f5e01c
北海道,その他サービス,その他サービス・役務,就労継続支援A&Bリピケア大谷地,,0110800778,突合済み,pref+city+name,就労継続支援Ａ＆Ｂ　リピケア大谷地,札幌市厚別区,公表データ,北海道 工賃実績（主な作業内容）,https://www.pref.hokkaido.lg.jp/hf/shf/ko-chin.html,c080610be7f5e01c
北海道,その他サービス,その他サービス・役務,就労継続支援A型 ウィルビー,,0114200421,突合済み,pref+name,就労継続支援Ａ型　ウィルビー,標津郡中標津町,公表データ,北海道 工賃実績（主な作業内容）,https://www.pref.hokkaido.lg.jp/hf/shf/ko-chin.html,eebcfbe8836dd002
北海道,その他サービス,その他サービス・役務,就労継続支援A型 トランク,,0110206265,突合済み,pref+city+name,就労継続支援Ａ型　トランク,札幌市北区,公表データ,北海道 工賃実績（主な作業内容）,https://www.pref.hokkaido.lg.jp/hf/shf/ko-chin.html,9cf7e324b8bdd19a
北海道,その他サービス,その他サービス・役務,就労継続支援A型 楽楽物語,,,未突合,unmatched,,,公表データ,北海道 工賃実績（主な作業内容）,https://www.pref.hokkaido.lg.jp/hf/shf/ko-chin.html,
北海道,その他サービス,その他サービス・役務,就労継続支援A型事業所 ニューフィールド元町駅前,,,未突合,unmatched,,,公表データ,北海道 工賃実績（主な作業内容）,https://www.pref.hokkaido.lg.jp/hf/shf/ko-chin.html,
北海道,その他サービス,その他サービス・役務,就労継続支援A型事業所 ビーグル,,,未突合,unmatched,,,公表データ,北海道 工賃実績（主な作業内容）,https://www.pref.hokkaido.lg.jp/hf/shf/ko-chin.html,
北海道,その他サービス,その他サービス・役務,就労継続支援A型事業所One’ｓLife,,0117100644,突合済み,pref+city+name,就労継続支援Ａ型事業所　Ｏｎｅ’ｓ　Ｌｉｆｅ,砂川市,公表データ,北海道 工賃実績（主な作業内容）,https://www.pref.hokkaido.lg.jp/hf/shf/ko-chin.html,11d99cd37d28d748
北海道,その他サービス,その他サービス・役務,就労継続支援A型事業所「なかま」江別,,0111001616,突合済み,pref+city+name,就労継続支援A型事業所「なかま」江別,江別市,公表データ,北海道 工賃実績（主な作業内容）,https://www.pref.hokkaido.lg.jp/hf/shf/ko-chin.html,891b1e8433a9845c
北海道,その他サービス,その他サービス・役務,就労継続支援A型事業所「なかま」真栄,,0110900313,突合済み,pref+city+name,就労継続支援Ａ型事業所「なかま」真栄,札幌市清田区,公表データ,北海道 工賃実績（主な作業内容）,https://www.pref.hokkaido.lg.jp/hf/shf/ko-chin.html,89cd75beeb3636be
北海道,その他サービス,その他サービス・役務,就労継続支援A型事業所ウィズ東苗穂,,0110301751,突合済み,pref+city+name,就労継続支援Ａ型事業所　ウィズ東苗穂,札幌市東区,公表データ,北海道 工賃実績（主な作業内容）,https://www.pref.hokkaido.lg.jp/hf/shf/ko-chin.html,512b5543187d4ed3
北海道,その他サービス,その他サービス・役務,就労継続支援A型事業所コープパートナーズ,,,未突合,unmatched,,,公表データ,北海道 工賃実績（主な作業内容）,https://www.pref.hokkaido.lg.jp/hf/shf/ko-chin.html,
北海道,その他サービス,その他サービス・役務,就労継続支援A型事業所コープパートナーズ石狩,,,未突合,unmatched,,,公表データ,北海道 工賃実績（主な作業内容）,https://www.pref.hokkaido.lg.jp/hf/shf/ko-chin.html,
北海道,その他サービス,その他サービス・役務,就労継続支援A型事業所レイル,,0110103140,突合済み,pref+city+name,就労継続支援Ａ型事業所　レイル,札幌市中央区,公表データ,北海道 工賃実績（主な作業内容）,https://www.pref.hokkaido.lg.jp/hf/shf/ko-chin.html,d12ba5456ea9f413
北海道,その他サービス,その他サービス・役務,就労継続支援B型 BooN新琴似,,0110205770,突合済み,pref+city+name,就労継続支援B型　BooN新琴似,札幌市北区,公表データ,北海道 工賃実績（主な作業内容）,https://www.pref.hokkaido.lg.jp/hf/shf/ko-chin.html,bdeff4f24806f081
北海道,その他サービス,その他サービス・役務,就労継続支援B型 MUSK,,,未突合,unmatched,,,公表データ,北海道 工賃実績（主な作業内容）,https://www.pref.hokkaido.lg.jp/hf/shf/ko-chin.html,
北海道,その他サービス,その他サービス・役務,就労継続支援B型 あとりえ,,0110302114,突合済み,pref+city+name,就労継続支援Ｂ型　あとりえ,札幌市東区,公表データ,北海道 工賃実績（主な作業内容）,https://www.pref.hokkaido.lg.jp/hf/shf/ko-chin.html,1566b70725d30f3b
北海道,その他サービス,その他サービス・役務,就労継続支援B型 チョコ三光,,,未突合,unmatched,,,公表データ,北海道 工賃実績（主な作業内容）,https://www.pref.hokkaido.lg.jp/hf/shf/ko-chin.html,
北海道,その他サービス,その他サービス・役務,就労継続支援B型 希望の道,,,未突合,unmatched,,,公表データ,北海道 工賃実績（主な作業内容）,https://www.pref.hokkaido.lg.jp/hf/shf/ko-chin.html,
北海道,その他サービス,その他サービス・役務,就労継続支援B型Cor＋,,0110205994,突合済み,pref+city+name,就労継続支援B型Cor＋,札幌市北区,公表データ,北海道 工賃実績（主な作業内容）,https://www.pref.hokkaido.lg.jp/hf/shf/ko-chin.html,d6c5711aae74503a
北海道,その他サービス,その他サービス・役務,就労継続支援B型Fun,,0110301652,突合済み,pref+city+name,就労継続支援Ｂ型Fun,札幌市北区,公表データ,北海道 工賃実績（主な作業内容）,https://www.pref.hokkaido.lg.jp/hf/shf/ko-chin.html,a969b91771b2c419
北海道,その他サービス,その他サービス・役務,就労継続支援B型Fun2,,0110302361,突合済み,pref+city+name,就労継続支援B型　Fun２,札幌市東区,公表データ,北海道 工賃実績（主な作業内容）,https://www.pref.hokkaido.lg.jp/hf/shf/ko-chin.html,866d903653ae0a83
北海道,その他サービス,その他サービス・役務,就労継続支援B型PEER+design,,0110403094,突合済み,pref+city+name,就労継続支援B型PEER＋design,札幌市白石区,公表データ,北海道 工賃実績（主な作業内容）,https://www.pref.hokkaido.lg.jp/hf/shf/ko-chin.html,668d1059339d96aa
北海道,その他サービス,その他サービス・役務,就労継続支援B型きずな,,0111001533,突合済み,pref+city+name,就労継続支援B型きずな,江別市,公表データ,北海道 工賃実績（主な作業内容）,https://www.pref.hokkaido.lg.jp/hf/shf/ko-chin.html,3f60fc7de4540d65
北海道,その他サービス,その他サービス・役務,就労継続支援B型なないろ,,,未突合,unmatched,,,公表データ,北海道 工賃実績（主な作業内容）,https://www.pref.hokkaido.lg.jp/hf/shf/ko-chin.html,
北海道,その他サービス,その他サービス・役務,就労継続支援B型ほほえみ,,,未突合,unmatched,,,公表データ,北海道 工賃実績（主な作業内容）,https://www.pref.hokkaido.lg.jp/hf/shf/ko-chin.html,
北海道,その他サービス,その他サービス・役務,就労継続支援B型らいふぁす,,,未突合,unmatched,,,公表データ,北海道 工賃実績（主な作業内容）,https://www.pref.hokkaido.lg.jp/hf/shf/ko-chin.html,
北海道,その他サービス,その他サービス・役務,就労継続支援B型セレーナ,,0110405370,突合済み,pref+city+name,就労継続支援B型セレーナ,札幌市白石区,公表データ,北海道 工賃実績（主な作業内容）,https://www.pref.hokkaido.lg.jp/hf/shf/ko-chin.html,b6297284ede0d621
北海道,その他サービス,その他サービス・役務,就労継続支援B型ソシアル,,0110506391,突合済み,pref+city+name,就労継続支援Ｂ型　ソシアル,札幌市豊平区,公表データ,北海道 工賃実績（主な作業内容）,https://www.pref.hokkaido.lg.jp/hf/shf/ko-chin.html,3f44f70a24f877e9
北海道,その他サービス,その他サービス・役務,就労継続支援B型ミライク・チセ,,0110301215,突合済み,pref+city+name,就労継続支援Ｂ型　ミライク・チセ,札幌市東区,公表データ,北海道 工賃実績（主な作業内容）,https://www.pref.hokkaido.lg.jp/hf/shf/ko-chin.html,384a774248635807
北海道,その他サービス,その他サービス・役務,就労継続支援B型事業所 ENY-WORK（えにわーく),,,未突合,unmatched,,,公表データ,北海道 工賃実績（主な作業内容）,https://www.pref.hokkaido.lg.jp/hf/shf/ko-chin.html,
北海道,その他サービス,その他サービス・役務,就労継続支援B型事業所 FUJILAND,,0110701430,突合済み,pref+city+name,就労継続支援Ｂ型事業所　ＦＵＪＩＬＡＮＤ,札幌市西区,公表データ,北海道 工賃実績（主な作業内容）,https://www.pref.hokkaido.lg.jp/hf/shf/ko-chin.html,808f568ad0438fe9
北海道,その他サービス,その他サービス・役務,就労継続支援B型事業所 LED,,0110506979,突合済み,pref+city+name,就労継続支援Ｂ型事業所　ＬＥＤ,札幌市豊平区,公表データ,北海道 工賃実績（主な作業内容）,https://www.pref.hokkaido.lg.jp/hf/shf/ko-chin.html,60fbf523465444bd
北海道,その他サービス,その他サービス・役務,就労継続支援B型事業所 いきいき東,,0110301736,突合済み,pref+city+name,就労継続支援Ｂ型事業所　いきいき東,札幌市東区,公表データ,北海道 工賃実績（主な作業内容）,https://www.pref.hokkaido.lg.jp/hf/shf/ko-chin.html,dd3db7e0f70d0a31
北海道,その他サービス,その他サービス・役務,就労継続支援B型事業所 いずみの里,,,未突合,unmatched,,,公表データ,北海道 工賃実績（主な作業内容）,https://www.pref.hokkaido.lg.jp/hf/shf/ko-chin.html,
北海道,その他サービス,その他サービス・役務,就労継続支援B型事業所 えこ,,0110902004,突合済み,pref+city+name,就労継続支援Ｂ型事業所　えこ,札幌市手稲区,公表データ,北海道 工賃実績（主な作業内容）,https://www.pref.hokkaido.lg.jp/hf/shf/ko-chin.html,1fc527b14fd190dc
北海道,その他サービス,その他サービス・役務,就労継続支援B型事業所 かるがも,,0110204229,突合済み,pref+city+name,就労継続支援Ｂ型事業所　かるがも,札幌市北区,公表データ,北海道 工賃実績（主な作業内容）,https://www.pref.hokkaido.lg.jp/hf/shf/ko-chin.html,19008edfed654f5e
北海道,その他サービス,その他サービス・役務,就労継続支援B型事業所 きずな,,0114601602,突合済み,pref+city+name,就労継続支援Ｂ型事業所　きずな,帯広市,公表データ,北海道 工賃実績（主な作業内容）,https://www.pref.hokkaido.lg.jp/hf/shf/ko-chin.html,e95f27918b0fa38f
北海道,その他サービス,その他サービス・役務,就労継続支援B型事業所 こがも,,0110205788,突合済み,pref+city+name,就労継続支援B型事業所こがも,札幌市北区,公表データ,北海道 工賃実績（主な作業内容）,https://www.pref.hokkaido.lg.jp/hf/shf/ko-chin.html,68f45c7821f89a5e
北海道,その他サービス,その他サービス・役務,就労継続支援B型事業所 たんた,,0114102429,突合済み,pref+city+name,就労継続支援B型事業所　たんた,釧路市,公表データ,北海道 工賃実績（主な作業内容）,https://www.pref.hokkaido.lg.jp/hf/shf/ko-chin.html,1d4014f3e86e8c9b
北海道,その他サービス,その他サービス・役務,就労継続支援B型事業所 ているういんど,,,未突合,unmatched,,,公表データ,北海道 工賃実績（主な作業内容）,https://www.pref.hokkaido.lg.jp/hf/shf/ko-chin.html,
北海道,その他サービス,その他サービス・役務,就労継続支援B型事業所 なつみかん,,,未突合,unmatched,,,公表データ,北海道 工賃実績（主な作業内容）,https://www.pref.hokkaido.lg.jp/hf/shf/ko-chin.html,
北海道,その他サービス,その他サービス・役務,就労継続支援B型事業所 にじいろ,,0110302197,突合済み,pref+city+name,就労継続支援Ｂ型事業所　にじいろ,札幌市東区,公表データ,北海道 工賃実績（主な作業内容）,https://www.pref.hokkaido.lg.jp/hf/shf/ko-chin.html,750fefd041de8082
北海道,その他サービス,その他サービス・役務,就労継続支援B型事業所 エンターテインメントアカデミー で,,,未突合,unmatched,,,公表データ,北海道 工賃実績（主な作業内容）,https://www.pref.hokkaido.lg.jp/hf/shf/ko-chin.html,
北海道,その他サービス,その他サービス・役務,就労継続支援B型事業所 エンターテインメントアカデミーでじるみ旭川,,0112909619,突合済み,pref+city+name,就労継続支援B型事業所エンターテインメントアカデミーでじるみ旭川,旭川市,公表データ,北海道 工賃実績（主な作業内容）,https://www.pref.hokkaido.lg.jp/hf/shf/ko-chin.html,fed8fb4ab0be07f0
北海道,その他サービス,その他サービス・役務,就労継続支援B型事業所 クローバー琴似,,,未突合,unmatched,,,公表データ,北海道 工賃実績（主な作業内容）,https://www.pref.hokkaido.lg.jp/hf/shf/ko-chin.html,
北海道,その他サービス,その他サービス・役務,就労継続支援B型事業所 サニースポット白石,,,未突合,unmatched,,,公表データ,北海道 工賃実績（主な作業内容）,https://www.pref.hokkaido.lg.jp/hf/shf/ko-chin.html,
北海道,その他サービス,その他サービス・役務,就労継続支援B型事業所 サポート末広,,0116700428,突合済み,pref+city+name,就労継続支援Ｂ型事業所サポート末広,稚内市,公表データ,北海道 工賃実績（主な作業内容）,https://www.pref.hokkaido.lg.jp/hf/shf/ko-chin.html,3eedbb7517bd517e
北海道,その他サービス,その他サービス・役務,就労継続支援B型事業所 ユウアンドアイ,,,未突合,unmatched,,,公表データ,北海道 工賃実績（主な作業内容）,https://www.pref.hokkaido.lg.jp/hf/shf/ko-chin.html,
北海道,その他サービス,その他サービス・役務,就労継続支援B型事業所 ユメイク,,,未突合,unmatched,,,公表データ,北海道 工賃実績（主な作業内容）,https://www.pref.hokkaido.lg.jp/hf/shf/ko-chin.html,
北海道,その他サービス,その他サービス・役務,就労継続支援B型事業所 ユメイク麻生,,,未突合,unmatched,,,公表データ,北海道 工賃実績（主な作業内容）,https://www.pref.hokkaido.lg.jp/hf/shf/ko-chin.html,
北海道,その他サービス,その他サービス・役務,就労継続支援B型事業所 ワークライフ,,,未突合,unmatched,,,公表データ,北海道 工賃実績（主な作業内容）,https://www.pref.hokkaido.lg.jp/hf/shf/ko-chin.html,
北海道,その他サービス,その他サービス・役務,就労継続支援B型事業所 札幌市あかしあ学園,,,未突合,unmatched,,,公表データ,北海道 工賃実績（主な作業内容）,https://www.pref.hokkaido.lg.jp/hf/shf/ko-chin.html,
北海道,その他サービス,その他サービス・役務,就労継続支援B型事業所 東川リード,,,未突合,unmatched,,,公表データ,北海道 工賃実績（主な作業内容）,https://www.pref.hokkaido.lg.jp/hf/shf/ko-chin.html,
北海道,その他サービス,その他サービス・役務,就労継続支援B型事業所 楽厚別店,,,未突合,unmatched,,,公表データ,北海道 工賃実績（主な作業内容）,https://www.pref.hokkaido.lg.jp/hf/shf/ko-chin.html,
北海道,その他サービス,その他サービス・役務,就労継続支援B型事業所 若草友の会共同作業所,,,未突合,unmatched,,,公表データ,北海道 工賃実績（主な作業内容）,https://www.pref.hokkaido.lg.jp/hf/shf/ko-chin.html,
北海道,その他サービス,その他サービス・役務,就労継続支援B型事業所 藍ライズ,,,未突合,unmatched,,,公表データ,北海道 工賃実績（主な作業内容）,https://www.pref.hokkaido.lg.jp/hf/shf/ko-chin.html,
北海道,その他サービス,その他サービス・役務,就労継続支援B型事業所BEBOP,,,未突合,unmatched,,,公表データ,北海道 工賃実績（主な作業内容）,https://www.pref.hokkaido.lg.jp/hf/shf/ko-chin.html,
北海道,その他サービス,その他サービス・役務,就労継続支援B型事業所Link,,,未突合,unmatched,,,公表データ,北海道 工賃実績（主な作業内容）,https://www.pref.hokkaido.lg.jp/hf/shf/ko-chin.html,
北海道,その他サービス,その他サービス・役務,就労継続支援B型事業所Web屋FUJI,,0110403649,突合済み,pref+city+name,就労継続支援Ｂ型事業所　Ｗｅｂ屋ＦＵＪＩ,札幌市白石区,公表データ,北海道 工賃実績（主な作業内容）,https://www.pref.hokkaido.lg.jp/hf/shf/ko-chin.html,5930b12670f32f31
北海道,その他サービス,その他サービス・役務,就労継続支援B型事業所be.coffee stand,,0110404159,突合済み,pref+city+name,就労継続支援Ｂ型事業所be.coffee stand,札幌市白石区,公表データ,北海道 工賃実績（主な作業内容）,https://www.pref.hokkaido.lg.jp/hf/shf/ko-chin.html,6711f9a1be9c885e
北海道,その他サービス,その他サービス・役務,就労継続支援B型事業所be.coffee stay,,0110901394,突合済み,pref+city+name,就労継続支援Ｂ型事業所　ｂｅ．Ｃｏｆｆｅｅ　ｓｔａｙ,札幌市清田区,公表データ,北海道 工賃実績（主な作業内容）,https://www.pref.hokkaido.lg.jp/hf/shf/ko-chin.html,885e3611feec47d7
北海道,その他サービス,その他サービス・役務,就労継続支援B型事業所あすたーの森,,,未突合,unmatched,,,公表データ,北海道 工賃実績（主な作業内容）,https://www.pref.hokkaido.lg.jp/hf/shf/ko-chin.html,
北海道,その他サービス,その他サービス・役務,就労継続支援B型事業所けさらん,,,未突合,unmatched,,,公表データ,北海道 工賃実績（主な作業内容）,https://www.pref.hokkaido.lg.jp/hf/shf/ko-chin.html,
北海道,その他サービス,その他サービス・役務,就労継続支援B型事業所ここちぐら,,,未突合,unmatched,,,公表データ,北海道 工賃実績（主な作業内容）,https://www.pref.hokkaido.lg.jp/hf/shf/ko-chin.html,
北海道,その他サービス,その他サービス・役務,就労継続支援B型事業所さわやか釧路,,,未突合,unmatched,,,公表データ,北海道 工賃実績（主な作業内容）,https://www.pref.hokkaido.lg.jp/hf/shf/ko-chin.html,
北海道,その他サービス,その他サービス・役務,就労継続支援B型事業所ともに,,0114102403,突合済み,pref+city+name,就労継続支援B型事業所　ともに,釧路市,公表データ,北海道 工賃実績（主な作業内容）,https://www.pref.hokkaido.lg.jp/hf/shf/ko-chin.html,5031d37dfc0407db
北海道,その他サービス,その他サービス・役務,就労継続支援B型事業所どんぐりの家,,,未突合,unmatched,,,公表データ,北海道 工賃実績（主な作業内容）,https://www.pref.hokkaido.lg.jp/hf/shf/ko-chin.html,
北海道,その他サービス,その他サービス・役務,就労継続支援B型事業所ひなた,,0110405297,突合済み,pref+city+name,就労継続支援Ｂ型事業所　ひなた,札幌市白石区,公表データ,北海道 工賃実績（主な作業内容）,https://www.pref.hokkaido.lg.jp/hf/shf/ko-chin.html,73720dc2bfdda49c
北海道,その他サービス,その他サービス・役務,就労継続支援B型事業所ひまわり,,0110800364,突合済み,pref+city+name,就労継続支援Ｂ型事業所　ひまわり,札幌市厚別区,公表データ,北海道 工賃実績（主な作業内容）,https://www.pref.hokkaido.lg.jp/hf/shf/ko-chin.html,5bd280b1a0d6e7ff
北海道,その他サービス,その他サービス・役務,就労継続支援B型事業所みらいかない,,,未突合,unmatched,,,公表データ,北海道 工賃実績（主な作業内容）,https://www.pref.hokkaido.lg.jp/hf/shf/ko-chin.html,
北海道,その他サービス,その他サービス・役務,就労継続支援B型事業所わかば,,,未突合,unmatched,,,公表データ,北海道 工賃実績（主な作業内容）,https://www.pref.hokkaido.lg.jp/hf/shf/ko-chin.html,
北海道,その他サービス,その他サービス・役務,就労継続支援B型事業所アルカディア,,0110204732,突合済み,pref+city+name,就労継続支援Ｂ型事業所　アルカディア,札幌市北区,公表データ,北海道 工賃実績（主な作業内容）,https://www.pref.hokkaido.lg.jp/hf/shf/ko-chin.html,1f8ac2d073ae0722
北海道,その他サービス,その他サービス・役務,就労継続支援B型事業所エンターテイメントアカデミーでじる,,,未突合,unmatched,,,公表データ,北海道 工賃実績（主な作業内容）,https://www.pref.hokkaido.lg.jp/hf/shf/ko-chin.html,
北海道,その他サービス,その他サービス・役務,就労継続支援B型事業所エンターテインメントアカデミーでじ,,,未突合,unmatched,,,公表データ,北海道 工賃実績（主な作業内容）,https://www.pref.hokkaido.lg.jp/hf/shf/ko-chin.html,
北海道,その他サービス,その他サービス・役務,就労継続支援B型事業所カムカム,,,未突合,city_mismatch,,,公表データ,北海道 工賃実績（主な作業内容）,https://www.pref.hokkaido.lg.jp/hf/shf/ko-chin.html,
北海道,その他サービス,その他サービス・役務,就労継続支援B型事業所コミュニティはこだて,,0111402293,突合済み,pref+city+name,就労継続支援Ｂ型事業所コミュニティはこだて,函館市,公表データ,北海道 工賃実績（主な作業内容）,https://www.pref.hokkaido.lg.jp/hf/shf/ko-chin.html,e3dbaba27ae78bad
北海道,その他サービス,その他サービス・役務,就労継続支援B型事業所コンテ,,,未突合,unmatched,,,公表データ,北海道 工賃実績（主な作業内容）,https://www.pref.hokkaido.lg.jp/hf/shf/ko-chin.html,
北海道,その他サービス,その他サービス・役務,就労継続支援B型事業所サンク,,,未突合,unmatched,,,公表データ,北海道 工賃実績（主な作業内容）,https://www.pref.hokkaido.lg.jp/hf/shf/ko-chin.html,
北海道,その他サービス,その他サービス・役務,就労継続支援B型事業所スマイルラボ,,0110204682,突合済み,pref+city+name,就労継続支援Ｂ型事業所　スマイルラボ,札幌市北区,公表データ,北海道 工賃実績（主な作業内容）,https://www.pref.hokkaido.lg.jp/hf/shf/ko-chin.html,82a19757b6f5dcd7
北海道,その他サービス,その他サービス・役務,就労継続支援B型事業所スリーピース,,0111100624,突合済み,pref+city+name,就労継続支援Ｂ型事業所スリーピース,千歳市,公表データ,北海道 工賃実績（主な作業内容）,https://www.pref.hokkaido.lg.jp/hf/shf/ko-chin.html,98545a9c11d7e7f7
北海道,その他サービス,その他サービス・役務,就労継続支援B型事業所ソラ,,0110203684,突合済み,pref+city+name,就労継続支援B型事業所ソラ,札幌市北区,公表データ,北海道 工賃実績（主な作業内容）,https://www.pref.hokkaido.lg.jp/hf/shf/ko-chin.html,61382571c5f740ea
北海道,その他サービス,その他サービス・役務,就労継続支援B型事業所パキラねる,,,未突合,unmatched,,,公表データ,北海道 工賃実績（主な作業内容）,https://www.pref.hokkaido.lg.jp/hf/shf/ko-chin.html,
北海道,その他サービス,その他サービス・役務,就労継続支援B型事業所ペットショップいきものがかり,,0114601453,突合済み,pref+city+name,就労継続支援B型事業所ペットショップいきものがかり,帯広市,公表データ,北海道 工賃実績（主な作業内容）,https://www.pref.hokkaido.lg.jp/hf/shf/ko-chin.html,26c1909d522a9b97
北海道,その他サービス,その他サービス・役務,就労継続支援B型事業所メロディーハウス,,0117600817,突合済み,pref+city+name,就労継続支援B型事業所メロディーハウス,石狩市,公表データ,北海道 工賃実績（主な作業内容）,https://www.pref.hokkaido.lg.jp/hf/shf/ko-chin.html,952559d7f32ff5fa
北海道,その他サービス,その他サービス・役務,就労継続支援B型事業所ランプ,,0110404720,突合済み,pref+city+name,就労継続支援B型事業所　ランプ,札幌市白石区,公表データ,北海道 工賃実績（主な作業内容）,https://www.pref.hokkaido.lg.jp/hf/shf/ko-chin.html,6fe28d0dda1ba8ff
北海道,その他サービス,その他サービス・役務,就労継続支援B型事業所和,,,未突合,unmatched,,,公表データ,北海道 工賃実績（主な作業内容）,https://www.pref.hokkaido.lg.jp/hf/shf/ko-chin.html,
北海道,その他サービス,その他サービス・役務,就労継続支援B型事業所型事業所 どさんこ,,,未突合,unmatched,,,公表データ,北海道 工賃実績（主な作業内容）,https://www.pref.hokkaido.lg.jp/hf/shf/ko-chin.html,
北海道,その他サービス,その他サービス・役務,就労継続支援B型事業所型事業所 クルハウス,,,未突合,unmatched,,,公表データ,北海道 工賃実績（主な作業内容）,https://www.pref.hokkaido.lg.jp/hf/shf/ko-chin.html,
北海道,その他サービス,その他サービス・役務,就労継続支援B型事業所型事業所 クルハウス,,,未突合,unmatched,,,公表データ,北海道 工賃実績（主な作業内容）,https://www.pref.hokkaido.lg.jp/hf/shf/ko-chin.html,
北海道,その他サービス,その他サービス・役務,就労継続支援B型事業所型事業所 フレンズ,,,未突合,unmatched,,,公表データ,北海道 工賃実績（主な作業内容）,https://www.pref.hokkaido.lg.jp/hf/shf/ko-chin.html,
北海道,その他サービス,その他サービス・役務,就労継続支援B型事業所型事業所 ワークセンターふれん,,,未突合,unmatched,,,公表データ,北海道 工賃実績（主な作業内容）,https://www.pref.hokkaido.lg.jp/hf/shf/ko-chin.html,
北海道,その他サービス,その他サービス・役務,就労継続支援B型事業所型事業所 杜の風,,,未突合,unmatched,,,公表データ,北海道 工賃実績（主な作業内容）,https://www.pref.hokkaido.lg.jp/hf/shf/ko-chin.html,
北海道,その他サービス,その他サービス・役務,就労継続支援B型事業所型事業所スノードロップ,,,未突合,unmatched,,,公表データ,北海道 工賃実績（主な作業内容）,https://www.pref.hokkaido.lg.jp/hf/shf/ko-chin.html,
北海道,その他サービス,その他サービス・役務,就労継続支援B型事業所ＫＩＲＡＭＥＫＩ,,,未突合,unmatched,,,公表データ,北海道 工賃実績（主な作業内容）,https://www.pref.hokkaido.lg.jp/hf/shf/ko-chin.html,
北海道,その他サービス,その他サービス・役務,就労継続支援B型事業所ｴﾝﾀｰﾃｲﾒﾝﾄｱｶﾃﾞﾐｰでじるみ札幌北,,0110205424,突合済み,pref+city+name,就労継続支援Ｂ型事業所エンターテイメントアカデミーでじるみ札幌北,札幌市北区,公表データ,北海道 工賃実績（主な作業内容）,https://www.pref.hokkaido.lg.jp/hf/shf/ko-chin.html,29d956b87294cdc2
北海道,その他サービス,その他サービス・役務,就労継続支援れのあism,,0110302064,突合済み,pref+city+name,就労継続支援　れのあｉｓｍ,札幌市東区,公表データ,北海道 工賃実績（主な作業内容）,https://www.pref.hokkaido.lg.jp/hf/shf/ko-chin.html,68fb09c9163d11ee
北海道,その他サービス,その他サービス・役務,就労継続支援ビルド,,0110103769,突合済み,pref+city+name,就労継続支援ビルド,札幌市中央区,公表データ,北海道 工賃実績（主な作業内容）,https://www.pref.hokkaido.lg.jp/hf/shf/ko-chin.html,6470ddbc712cfde6
北海道,その他サービス,その他サービス・役務,就労継続支援ワークサロン,,,未突合,unmatched,,,公表データ,北海道 工賃実績（主な作業内容）,https://www.pref.hokkaido.lg.jp/hf/shf/ko-chin.html,
北海道,その他サービス,その他サービス・役務,就労継続支援事業所B型キッチンいつき,,,未突合,unmatched,,,公表データ,北海道 工賃実績（主な作業内容）,https://www.pref.hokkaido.lg.jp/hf/shf/ko-chin.html,
北海道,その他サービス,その他サービス・役務,就労継続支援事業所はばたき,,0112908769,突合済み,pref+city+name,就労継続支援事業所　はばたき,旭川市,公表データ,北海道 工賃実績（主な作業内容）,https://www.pref.hokkaido.lg.jp/hf/shf/ko-chin.html,fcbc67b7af5e0fbc
北海道,その他サービス,その他サービス・役務,就労継続支援事業所ぷりもぱっそ,,0112001375,突合済み,pref+city+name,就労継続支援事業所　ぷりもぱっそ,小樽市,公表データ,北海道 工賃実績（主な作業内容）,https://www.pref.hokkaido.lg.jp/hf/shf/ko-chin.html,1d62d2ec4a3617b6
北海道,その他サービス,その他サービス・役務,就労継続支援事業所エコ・ファクトリー,,0111100236,突合済み,pref+city+name,就労継続支援事業所　エコ・ファクトリー,千歳市,公表データ,北海道 工賃実績（主な作業内容）,https://www.pref.hokkaido.lg.jp/hf/shf/ko-chin.html,7ce84ac09634b0a7
北海道,その他サービス,その他サービス・役務,就労継続支援事業所エンターテインメントアカデミーでじるみ,,,未突合,unmatched,,,公表データ,北海道 工賃実績（主な作業内容）,https://www.pref.hokkaido.lg.jp/hf/shf/ko-chin.html,
北海道,その他サービス,その他サービス・役務,就労継続支援事業所テスターズラボ,,0110203999,突合済み,pref+city+name,就労継続支援事業所テスターズラボ,札幌市北区,公表データ,北海道 工賃実績（主な作業内容）,https://www.pref.hokkaido.lg.jp/hf/shf/ko-chin.html,c7e1ddb5c565fb00
北海道,その他サービス,その他サービス・役務,就労継続支援事業所テスターズラボ 南道通事業所,,,未突合,unmatched,,,公表データ,北海道 工賃実績（主な作業内容）,https://www.pref.hokkaido.lg.jp/hf/shf/ko-chin.html,
北海道,その他サービス,その他サービス・役務,就労継続支援事業所テスターズラボ 本郷通事業所,,0110405420,突合済み,pref+city+name,就労継続支援事業所テスターズラボ　本郷通事業所,札幌市白石区,公表データ,北海道 工賃実績（主な作業内容）,https://www.pref.hokkaido.lg.jp/hf/shf/ko-chin.html,27ce81c00d1985d3
北海道,その他サービス,その他サービス・役務,就労継続支援事業所ハーモニ―,,,未突合,unmatched,,,公表データ,北海道 工賃実績（主な作業内容）,https://www.pref.hokkaido.lg.jp/hf/shf/ko-chin.html,
北海道,その他サービス,その他サービス・役務,就労継続支援事業所マヤッカ,,0113200620,突合済み,pref+city+name,就労継続支援事業所マヤッカ,名寄市,公表データ,北海道 工賃実績（主な作業内容）,https://www.pref.hokkaido.lg.jp/hf/shf/ko-chin.html,95bf9d62f4251ca9
北海道,その他サービス,その他サービス・役務,就労継続支援事業所森の家,,0114200306,突合済み,pref+city+name,就労継続支援事業所　森の家,標津郡中標津町,公表データ,北海道 工賃実績（主な作業内容）,https://www.pref.hokkaido.lg.jp/hf/shf/ko-chin.html,81cab1d14535e81d
北海道,その他サービス,その他サービス・役務,就労継続支援施設B型 歩,,0110900404,突合済み,pref+city+name,就労継続支援施設Ｂ型　歩,札幌市手稲区,公表データ,北海道 工賃実績（主な作業内容）,https://www.pref.hokkaido.lg.jp/hf/shf/ko-chin.html,28b98bd56f6ff1a0
北海道,その他サービス,その他サービス・役務,就労継続支援施設月とらいおん,,0113500284,突合済み,pref+city+name,就労継続支援施設月とらいおん,登別市,公表データ,北海道 工賃実績（主な作業内容）,https://www.pref.hokkaido.lg.jp/hf/shf/ko-chin.html,3b0b7c143f93ba98
北海道,その他サービス,その他サービス・役務,就労継続支援Ａ型事業所ジョブクルー,,0111000998,突合済み,pref+city+name,就労継続支援Ａ型事業所　ｼﾞｮﾌﾞｸﾙｰ,江別市,公表データ,北海道 工賃実績（主な作業内容）,https://www.pref.hokkaido.lg.jp/hf/shf/ko-chin.html,1306ad5bb99c62c9
北海道,その他サービス,その他サービス・役務,就労継続支援Ｂ型かつら共同作業所,,0111501169,突合済み,pref+city+name,就労継続支援Ｂ型　かつら共同作業所,二海郡八雲町,公表データ,北海道 工賃実績（主な作業内容）,https://www.pref.hokkaido.lg.jp/hf/shf/ko-chin.html,6feb066eaf784d1e
北海道,その他サービス,その他サービス・役務,就労継続支援Ｂ型どりーみほーむ,,0110700036,突合済み,pref+city+name,就労継続支援Ｂ型どりーみほーむ,札幌市西区,公表データ,北海道 工賃実績（主な作業内容）,https://www.pref.hokkaido.lg.jp/hf/shf/ko-chin.html,68aa6e5e44f82444
北海道,その他サービス,その他サービス・役務,就労継続支援Ｂ型エルム,,,未突合,unmatched,,,公表データ,北海道 工賃実績（主な作業内容）,https://www.pref.hokkaido.lg.jp/hf/shf/ko-chin.html,
北海道,その他サービス,その他サービス・役務,就労継続支援Ｂ型事業所 くしろわんこ,,,未突合,unmatched,,,公表データ,北海道 工賃実績（主な作業内容）,https://www.pref.hokkaido.lg.jp/hf/shf/ko-chin.html,
北海道,その他サービス,その他サービス・役務,就労継続支援Ｂ型事業所 つばさ,,0111402285,突合済み,pref+city+name,就労継続支援Ｂ型事業所つばさ,函館市,公表データ,北海道 工賃実績（主な作業内容）,https://www.pref.hokkaido.lg.jp/hf/shf/ko-chin.html,86c04c67aba8bc76
北海道,その他サービス,その他サービス・役務,就労継続支援Ｂ型事業所 ワンステップ,,,未突合,unmatched,,,公表データ,北海道 工賃実績（主な作業内容）,https://www.pref.hokkaido.lg.jp/hf/shf/ko-chin.html,
北海道,その他サービス,その他サービス・役務,就労継続支援Ｂ型事業所 愛らんど,,,未突合,unmatched,,,公表データ,北海道 工賃実績（主な作業内容）,https://www.pref.hokkaido.lg.jp/hf/shf/ko-chin.html,
北海道,その他サービス,その他サービス・役務,就労継続支援Ｂ型事業所 絆,,0110900099,突合済み,pref+city+name,就労継続支援Ｂ型事業所　絆,札幌市厚別区,公表データ,北海道 工賃実績（主な作業内容）,https://www.pref.hokkaido.lg.jp/hf/shf/ko-chin.html,25dcd160593adcfb
北海道,その他サービス,その他サービス・役務,就労継続支援Ｂ型事業所TeCREA千歳,,0111101010,突合済み,pref+city+name,就労継続支援Ｂ型事業所　TeCREA千歳,千歳市,公表データ,北海道 工賃実績（主な作業内容）,https://www.pref.hokkaido.lg.jp/hf/shf/ko-chin.html,fe771ff8cb754bb3
北海道,その他サービス,その他サービス・役務,就労継続支援Ｂ型事業所illumi,,0114102056,突合済み,pref+city+name,就労継続支援B型事業所　illumi,釧路市,公表データ,北海道 工賃実績（主な作業内容）,https://www.pref.hokkaido.lg.jp/hf/shf/ko-chin.html,87d27d0855973121
北海道,その他サービス,その他サービス・役務,就労継続支援Ｂ型事業所びーぼ,,0115000945,突合済み,pref+city+name,就労継続支援Ｂ型事業所　びーぼ,北見市,公表データ,北海道 工賃実績（主な作業内容）,https://www.pref.hokkaido.lg.jp/hf/shf/ko-chin.html,0ca995acac0c243d
北海道,その他サービス,その他サービス・役務,就労継続支援Ｂ型事業所アクション,,,未突合,unmatched,,,公表データ,北海道 工賃実績（主な作業内容）,https://www.pref.hokkaido.lg.jp/hf/shf/ko-chin.html,
北海道,その他サービス,その他サービス・役務,就労継続支援Ｂ型事業所クローバーズ,,,未突合,unmatched,,,公表データ,北海道 工賃実績（主な作業内容）,https://www.pref.hokkaido.lg.jp/hf/shf/ko-chin.html,
北海道,その他サービス,その他サービス・役務,就労継続支援Ｂ型作業所ここ・から,,0110600418,突合済み,pref+city+name,就労継続支援Ｂ型作業所　ここ・から,札幌市南区,公表データ,北海道 工賃実績（主な作業内容）,https://www.pref.hokkaido.lg.jp/hf/shf/ko-chin.html,acb545fe2c47ff01
北海道,その他サービス,その他サービス・役務,島屋ゴマサーカス,,0114100837,突合済み,pref+city+name,島屋ゴマサーカス,釧路市,公表データ,北海道 工賃実績（主な作業内容）,https://www.pref.hokkaido.lg.jp/hf/shf/ko-chin.html,b1d899fbbff0ffbc
北海道,その他サービス,その他サービス・役務,島時間,,0110405263,突合済み,pref+city+name,島時間,札幌市白石区,公表データ,北海道 工賃実績（主な作業内容）,https://www.pref.hokkaido.lg.jp/hf/shf/ko-chin.html,3a05266e10ea1551
北海道,その他サービス,その他サービス・役務,島時間中島公園店,,0110103710,突合済み,pref+city+name,島時間中島公園店,札幌市中央区,公表データ,北海道 工賃実績（主な作業内容）,https://www.pref.hokkaido.lg.jp/hf/shf/ko-chin.html,030f0d3ca56c804c
北海道,その他サービス,その他サービス・役務,工房こぶし・いこい,,0115700445,突合済み,pref+city+name,工房こぶし・いこい,岩見沢市,公表データ,北海道 工賃実績（主な作業内容）,https://www.pref.hokkaido.lg.jp/hf/shf/ko-chin.html,1955de4bca2b518a
北海道,その他サービス,その他サービス・役務,工房むぎ,,0110901600,突合済み,pref+city+name,工房むぎ,札幌市清田区,公表データ,北海道 工賃実績（主な作業内容）,https://www.pref.hokkaido.lg.jp/hf/shf/ko-chin.html,0c7072ebefd29e80
北海道,その他サービス,その他サービス・役務,工房四季,,,未突合,unmatched,,,公表データ,北海道 工賃実績（主な作業内容）,https://www.pref.hokkaido.lg.jp/hf/shf/ko-chin.html,
北海道,その他サービス,その他サービス・役務,愛和の里きもべつ,,0112200019,突合済み,pref+city+name,愛和の里きもべつ,虻田郡喜茂別町,公表データ,北海道 工賃実績（主な作業内容）,https://www.pref.hokkaido.lg.jp/hf/shf/ko-chin.html,4672c08a52414d48
北海道,その他サービス,その他サービス・役務,新ひだか町コミュニティハウスしずない,,,未突合,unmatched,,,公表データ,北海道 工賃実績（主な作業内容）,https://www.pref.hokkaido.lg.jp/hf/shf/ko-chin.html,
北海道,その他サービス,その他サービス・役務,新十津川町ジョブサポートフレーバーカントリー,,,未突合,unmatched,,,公表データ,北海道 工賃実績（主な作業内容）,https://www.pref.hokkaido.lg.jp/hf/shf/ko-chin.html,
北海道,その他サービス,その他サービス・役務,新十津川町ジョブサポートフレーバーカントリー,,,未突合,unmatched,,,公表データ,北海道 工賃実績（主な作業内容）,https://www.pref.hokkaido.lg.jp/hf/shf/ko-chin.html,
北海道,その他サービス,その他サービス・役務,新十津川町就労継続支援B型事業所ぴあねっと,,,未突合,unmatched,,,公表データ,北海道 工賃実績（主な作業内容）,https://www.pref.hokkaido.lg.jp/hf/shf/ko-chin.html,
北海道,その他サービス,その他サービス・役務,日中活動センターげんせん,,0113500185,突合済み,pref+city+name,日中活動センターげんせん,室蘭市,公表データ,北海道 工賃実績（主な作業内容）,https://www.pref.hokkaido.lg.jp/hf/shf/ko-chin.html,f5d72e4014c57817
北海道,その他サービス,その他サービス・役務,旭川就労継続支援B型事業所あーる,,,未突合,ambiguous,,,公表データ,北海道 工賃実績（主な作業内容）,https://www.pref.hokkaido.lg.jp/hf/shf/ko-chin.html,
北海道,その他サービス,その他サービス・役務,旭川福祉園,,0112907175,突合済み,pref+city+name,旭川福祉園,旭川市,公表データ,北海道 工賃実績（主な作業内容）,https://www.pref.hokkaido.lg.jp/hf/shf/ko-chin.html,8c2263d43efae41d
北海道,その他サービス,その他サービス・役務,晴レルモキッチン,,0111100723,突合済み,pref+city+name,晴レルモキッチン,千歳市,公表データ,北海道 工賃実績（主な作業内容）,https://www.pref.hokkaido.lg.jp/hf/shf/ko-chin.html,a88daeedcb4a17b3
北海道,その他サービス,その他サービス・役務,未来ｓｍ,,0110101805,突合済み,pref+city+name,未来ｓｍ,札幌市中央区,公表データ,北海道 工賃実績（主な作業内容）,https://www.pref.hokkaido.lg.jp/hf/shf/ko-chin.html,84bd4f987dcae0ff
北海道,その他サービス,その他サービス・役務,札幌東事業所,,,未突合,unmatched,,,公表データ,北海道 工賃実績（主な作業内容）,https://www.pref.hokkaido.lg.jp/hf/shf/ko-chin.html,
北海道,その他サービス,その他サービス・役務,松陰プラザ,,0111401642,突合済み,pref+city+name,松陰プラザ,函館市,公表データ,北海道 工賃実績（主な作業内容）,https://www.pref.hokkaido.lg.jp/hf/shf/ko-chin.html,6320af6cff6227af
北海道,その他サービス,その他サービス・役務,株式会社 帆の風 平岸事業所,,0110505617,突合済み,pref+city+name,株式会社帆の風　平岸事業所,札幌市豊平区,公表データ,北海道 工賃実績（主な作業内容）,https://www.pref.hokkaido.lg.jp/hf/shf/ko-chin.html,27aa577e6cfca5ae
北海道,その他サービス,その他サービス・役務,株式会社 帆の風 平岸事業所,,0110505617,突合済み,pref+city+name,株式会社帆の風　平岸事業所,札幌市豊平区,公表データ,北海道 工賃実績（主な作業内容）,https://www.pref.hokkaido.lg.jp/hf/shf/ko-chin.html,27aa577e6cfca5ae
北海道,その他サービス,その他サービス・役務,株式会社HSS B型事業所,,0112908066,突合済み,pref+city+name,株式会社HSS　B型事業所,旭川市,公表データ,北海道 工賃実績（主な作業内容）,https://www.pref.hokkaido.lg.jp/hf/shf/ko-chin.html,051dda4f717c959a
北海道,その他サービス,その他サービス・役務,株式会社ウェイブアイ,,0113602635,突合済み,pref+city+name,株式会社ウェイブアイ,苫小牧市,公表データ,北海道 工賃実績（主な作業内容）,https://www.pref.hokkaido.lg.jp/hf/shf/ko-chin.html,44be5adb005734d5
北海道,その他サービス,その他サービス・役務,株式会社トリノ,,0114601438,突合済み,pref+city+name,株式会社トリノ,帯広市,公表データ,北海道 工賃実績（主な作業内容）,https://www.pref.hokkaido.lg.jp/hf/shf/ko-chin.html,8bc60c860ec62c35
北海道,その他サービス,その他サービス・役務,株式会社トリノ,,0114601438,突合済み,pref+city+name,株式会社トリノ,帯広市,公表データ,北海道 工賃実績（主な作業内容）,https://www.pref.hokkaido.lg.jp/hf/shf/ko-chin.html,8bc60c860ec62c35
北海道,その他サービス,その他サービス・役務,株式会社ネットワーク,,0113500961,突合済み,pref+city+name,株式会社ネットワーク,登別市,公表データ,北海道 工賃実績（主な作業内容）,https://www.pref.hokkaido.lg.jp/hf/shf/ko-chin.html,37f7579bace640a2
北海道,その他サービス,その他サービス・役務,株式会社帆の風 千歳事業所,,0111100533,突合済み,pref+city+name,株式会社帆の風　千歳事業所,千歳市,公表データ,北海道 工賃実績（主な作業内容）,https://www.pref.hokkaido.lg.jp/hf/shf/ko-chin.html,5f86d8ef795f08f1
北海道,その他サービス,その他サービス・役務,株式会社帆の風 千歳事業所,,0111100533,突合済み,pref+city+name,株式会社帆の風　千歳事業所,千歳市,公表データ,北海道 工賃実績（主な作業内容）,https://www.pref.hokkaido.lg.jp/hf/shf/ko-chin.html,5f86d8ef795f08f1
北海道,その他サービス,その他サービス・役務,歩 星置,,0110901543,突合済み,pref+city+name,歩　星置,札幌市手稲区,公表データ,北海道 工賃実績（主な作業内容）,https://www.pref.hokkaido.lg.jp/hf/shf/ko-chin.html,a98f69ed16c8544a
北海道,その他サービス,その他サービス・役務,永光,,0113600308,突合済み,pref+city+name,永光,苫小牧市,公表データ,北海道 工賃実績（主な作業内容）,https://www.pref.hokkaido.lg.jp/hf/shf/ko-chin.html,542cc6677722a5ab
北海道,その他サービス,その他サービス・役務,活動支援施設あけぼの,,0113500763,突合済み,pref+city+name,活動支援施設　あけぼの,室蘭市,公表データ,北海道 工賃実績（主な作業内容）,https://www.pref.hokkaido.lg.jp/hf/shf/ko-chin.html,5a5927a6bb40eaf5
北海道,その他サービス,その他サービス・役務,湧くわく園 春光事業所,,,未突合,unmatched,,,公表データ,北海道 工賃実績（主な作業内容）,https://www.pref.hokkaido.lg.jp/hf/shf/ko-chin.html,
北海道,その他サービス,その他サービス・役務,満天の丘輝星,,0113100754,突合済み,pref+name,満天の丘　輝星,上川郡美瑛町,公表データ,北海道 工賃実績（主な作業内容）,https://www.pref.hokkaido.lg.jp/hf/shf/ko-chin.html,4b620a75485772bc
北海道,その他サービス,その他サービス・役務,滝川ほほえみ工房,,0117500157,突合済み,pref+city+name,滝川ほほえみ工房,滝川市,公表データ,北海道 工賃実績（主な作業内容）,https://www.pref.hokkaido.lg.jp/hf/shf/ko-chin.html,6d024e2690df3a5e
北海道,その他サービス,その他サービス・役務,滝川新生園,,0117500322,突合済み,pref+city+name,滝川新生園,滝川市,公表データ,北海道 工賃実績（主な作業内容）,https://www.pref.hokkaido.lg.jp/hf/shf/ko-chin.html,1e53b11dd64220a0
北海道,その他サービス,その他サービス・役務,爽やかネットワーク,,,未突合,unmatched,,,公表データ,北海道 工賃実績（主な作業内容）,https://www.pref.hokkaido.lg.jp/hf/shf/ko-chin.html,
北海道,その他サービス,その他サービス・役務,特定非営利活動法人 せたな共同作業所 ふれんど,,0111700233,突合済み,pref+city+name,特定非営利活動法人　せたな共同作業所ふれんど,久遠郡せたな町,公表データ,北海道 工賃実績（主な作業内容）,https://www.pref.hokkaido.lg.jp/hf/shf/ko-chin.html,eb4740615ff4db1b
北海道,その他サービス,その他サービス・役務,特定非営利活動法人 ライズ,,0110501244,突合済み,pref+city+name,特定非営利活動法人ライズ,札幌市西区,公表データ,北海道 工賃実績（主な作業内容）,https://www.pref.hokkaido.lg.jp/hf/shf/ko-chin.html,d6cd90ac480f364d
北海道,その他サービス,その他サービス・役務,特定非営利活動法人 芦別あゆみ会,,0117300129,突合済み,pref+city+name,特定非営利活動法人　芦別あゆみ会,芦別市,公表データ,北海道 工賃実績（主な作業内容）,https://www.pref.hokkaido.lg.jp/hf/shf/ko-chin.html,bb85ebe8675bfae0
北海道,その他サービス,その他サービス・役務,特定非営利活動法人グリップ,,,未突合,unmatched,,,公表データ,北海道 工賃実績（主な作業内容）,https://www.pref.hokkaido.lg.jp/hf/shf/ko-chin.html,
北海道,その他サービス,その他サービス・役務,特定非営利活動法人サポートハウスちゃお,,0116400227,突合済み,pref+city+name,特定非営利活動法人　サポートハウスちゃお,留萌市,公表データ,北海道 工賃実績（主な作業内容）,https://www.pref.hokkaido.lg.jp/hf/shf/ko-chin.html,48e44e71e685f38c
北海道,その他サービス,その他サービス・役務,特定非営利活動法人余市はまなす,,0112500368,突合済み,pref+city+name,特定非営利活動法人　余市はまなす,余市郡余市町,公表データ,北海道 工賃実績（主な作業内容）,https://www.pref.hokkaido.lg.jp/hf/shf/ko-chin.html,04d13ef6d75be695
北海道,その他サービス,その他サービス・役務,特定非営利活動法人愛里の会 帯広事業所,,0114601305,突合済み,pref+city+name,特定非営利活動法人　愛里の会　帯広事業所,帯広市,公表データ,北海道 工賃実績（主な作業内容）,https://www.pref.hokkaido.lg.jp/hf/shf/ko-chin.html,612886265544ed51
北海道,その他サービス,その他サービス・役務,犬＋就労継続支援B型事業所 WAN‘ｓ ＣＯＭ,,,未突合,unmatched,,,公表データ,北海道 工賃実績（主な作業内容）,https://www.pref.hokkaido.lg.jp/hf/shf/ko-chin.html,
北海道,その他サービス,その他サービス・役務,猫＋Plus,,0110600996,突合済み,pref+city+name,猫＋Ｐｌｕｓ,札幌市南区,公表データ,北海道 工賃実績（主な作業内容）,https://www.pref.hokkaido.lg.jp/hf/shf/ko-chin.html,e127cc4ebd3a80ba
北海道,その他サービス,その他サービス・役務,生き活きワークセンター,,0110401502,突合済み,pref+city+name,生き活きワークセンター,札幌市手稲区,公表データ,北海道 工賃実績（主な作業内容）,https://www.pref.hokkaido.lg.jp/hf/shf/ko-chin.html,64e58cd2c0e9c5ce
北海道,その他サービス,その他サービス・役務,生活介護。就労継続支援B型事業所 わらいち,,,未突合,unmatched,,,公表データ,北海道 工賃実績（主な作業内容）,https://www.pref.hokkaido.lg.jp/hf/shf/ko-chin.html,
北海道,その他サービス,その他サービス・役務,生活支援センターきずな,,0114300478,突合済み,pref+city+name,生活支援センターきずな,釧路郡釧路町,公表データ,北海道 工賃実績（主な作業内容）,https://www.pref.hokkaido.lg.jp/hf/shf/ko-chin.html,3ae24cc271c32474
北海道,その他サービス,その他サービス・役務,白石障がい者就労センタースカイ,,0110402401,突合済み,pref+city+name,白石障がい者就労センター　スカイ,札幌市白石区,公表データ,北海道 工賃実績（主な作業内容）,https://www.pref.hokkaido.lg.jp/hf/shf/ko-chin.html,70338f2d5f322128
北海道,その他サービス,その他サービス・役務,百年の森 函館駅前,,0111402301,突合済み,pref+city+name,百年の森 函館駅前,函館市,公表データ,北海道 工賃実績（主な作業内容）,https://www.pref.hokkaido.lg.jp/hf/shf/ko-chin.html,9852b2b0f55447b0
北海道,その他サービス,その他サービス・役務,砂川市つむぎの家,,0117100412,突合済み,pref+city+name,砂川市つむぎの家,砂川市,公表データ,北海道 工賃実績（主な作業内容）,https://www.pref.hokkaido.lg.jp/hf/shf/ko-chin.html,e518c936e979c581
北海道,その他サービス,その他サービス・役務,社会就労センターらびぃ,,0114101058,突合済み,pref+city+name,社会就労センターらびぃ,釧路市,公表データ,北海道 工賃実績（主な作業内容）,https://www.pref.hokkaido.lg.jp/hf/shf/ko-chin.html,c4f25aa8dd9608c5
北海道,その他サービス,その他サービス・役務,福の木,,,未突合,unmatched,,,公表データ,北海道 工賃実績（主な作業内容）,https://www.pref.hokkaido.lg.jp/hf/shf/ko-chin.html,
北海道,その他サービス,その他サービス・役務,福祉サービス事業所 笑心。,,0114701519,突合済み,pref+city+name,福祉サービス事業所　笑心。,中川郡幕別町,公表データ,北海道 工賃実績（主な作業内容）,https://www.pref.hokkaido.lg.jp/hf/shf/ko-chin.html,7a1aefc636c32707
北海道,その他サービス,その他サービス・役務,福祉サービス事業所リガール,,0112908561,突合済み,pref+city+name,福祉サービス事業所　リガール,旭川市,公表データ,北海道 工賃実績（主な作業内容）,https://www.pref.hokkaido.lg.jp/hf/shf/ko-chin.html,bf79b7df96c09246
北海道,その他サービス,その他サービス・役務,第２ふみだす,,,未突合,city_mismatch,,,公表データ,北海道 工賃実績（主な作業内容）,https://www.pref.hokkaido.lg.jp/hf/shf/ko-chin.html,
北海道,その他サービス,その他サービス・役務,継続支援コネクトベース琴似,,,未突合,ambiguous,,,公表データ,北海道 工賃実績（主な作業内容）,https://www.pref.hokkaido.lg.jp/hf/shf/ko-chin.html,
北海道,その他サービス,その他サービス・役務,継続支援コネクトワークス中の島,,0110506946,突合済み,pref+city+name,継続支援コネクトワークス中の島,札幌市豊平区,公表データ,北海道 工賃実績（主な作業内容）,https://www.pref.hokkaido.lg.jp/hf/shf/ko-chin.html,205d916de607ef9f
北海道,その他サービス,その他サービス・役務,継続支援コネクトワークス新さっぽろ,,0110800653,突合済み,pref+city+name,継続支援コネクトワークス新さっぽろ,札幌市厚別区,公表データ,北海道 工賃実績（主な作業内容）,https://www.pref.hokkaido.lg.jp/hf/shf/ko-chin.html,0156986e6640340c
北海道,その他サービス,その他サービス・役務,継続支援コネクトワークス豊平,,0110506284,突合済み,pref+city+name,継続支援コネクトワークス豊平,札幌市豊平区,公表データ,北海道 工賃実績（主な作業内容）,https://www.pref.hokkaido.lg.jp/hf/shf/ko-chin.html,2e5b8d2be3580771
北海道,その他サービス,その他サービス・役務,継続支援セコンド,,0110701158,突合済み,pref+city+name,継続支援セコンド,札幌市西区,公表データ,北海道 工賃実績（主な作業内容）,https://www.pref.hokkaido.lg.jp/hf/shf/ko-chin.html,928db296e32be3df
北海道,その他サービス,その他サービス・役務,継続支援ベストジョイ菊水,,0110404514,突合済み,pref+city+name,継続支援ベストジョイ菊水,札幌市白石区,公表データ,北海道 工賃実績（主な作業内容）,https://www.pref.hokkaido.lg.jp/hf/shf/ko-chin.html,bba979bf639f214a
北海道,その他サービス,その他サービス・役務,美瑛デイセンターすずらん,,,未突合,unmatched,,,公表データ,北海道 工賃実績（主な作業内容）,https://www.pref.hokkaido.lg.jp/hf/shf/ko-chin.html,
北海道,その他サービス,その他サービス・役務,職業指導センターきぼう,,0114300411,突合済み,pref+city+name,職業指導センターきぼう,釧路郡釧路町,公表データ,北海道 工賃実績（主な作業内容）,https://www.pref.hokkaido.lg.jp/hf/shf/ko-chin.html,975111adc32e6c44
北海道,その他サービス,その他サービス・役務,自立サポートセンター工房うぃんくる,,0114200256,突合済み,pref+name,自立サポートセンター　工房うぃんくる,標津郡中標津町,公表データ,北海道 工賃実績（主な作業内容）,https://www.pref.hokkaido.lg.jp/hf/shf/ko-chin.html,39ea0419fc903bcd
北海道,その他サービス,その他サービス・役務,自立サポート彩り舎,,0112001177,突合済み,pref+city+name,自立サポート彩り舎,小樽市,公表データ,北海道 工賃実績（主な作業内容）,https://www.pref.hokkaido.lg.jp/hf/shf/ko-chin.html,ff169705e62560b8
北海道,その他サービス,その他サービス・役務,自立支援センターほのぼの,,0114200264,突合済み,pref+city+name,自立支援センター　ほのぼの,根室市,公表データ,北海道 工賃実績（主な作業内容）,https://www.pref.hokkaido.lg.jp/hf/shf/ko-chin.html,8ea28558b9cad571
北海道,その他サービス,その他サービス・役務,自立支援センター翔栄,,0111400693,突合済み,pref+city+name,自立支援センター翔栄,函館市,公表データ,北海道 工賃実績（主な作業内容）,https://www.pref.hokkaido.lg.jp/hf/shf/ko-chin.html,f62b5062df368bcc
北海道,その他サービス,その他サービス・役務,花ファクトリーあけぼの,,0113500771,突合済み,pref+city+name,花ファクトリーあけぼの,室蘭市,公表データ,北海道 工賃実績（主な作業内容）,https://www.pref.hokkaido.lg.jp/hf/shf/ko-chin.html,262b13c72045e589
北海道,その他サービス,その他サービス・役務,草の実平岸の里,,0110502028,突合済み,pref+city+name,草の実平岸の里,札幌市豊平区,公表データ,北海道 工賃実績（主な作業内容）,https://www.pref.hokkaido.lg.jp/hf/shf/ko-chin.html,a5d5941d83d5af1e
北海道,その他サービス,その他サービス・役務,豊平ＭＡＸ,,0110503075,突合済み,pref+city+name,豊平ＭＡＸ,札幌市豊平区,公表データ,北海道 工賃実績（主な作業内容）,https://www.pref.hokkaido.lg.jp/hf/shf/ko-chin.html,cbb06f710196575c
北海道,その他サービス,その他サービス・役務,錦町ワークサポート陽だまりの郷,,0111000535,突合済み,pref+city+name,錦町ワークサポート陽だまりの郷,江別市,公表データ,北海道 工賃実績（主な作業内容）,https://www.pref.hokkaido.lg.jp/hf/shf/ko-chin.html,cc9f3828aff388db
北海道,その他サービス,その他サービス・役務,障がい福祉サービス事業所 ちあファクトリー,,0114601412,突合済み,pref+city+name,障がい福祉サービス事業所　ちあファクトリー,帯広市,公表データ,北海道 工賃実績（主な作業内容）,https://www.pref.hokkaido.lg.jp/hf/shf/ko-chin.html,5317c985d88d0903
北海道,その他サービス,その他サービス・役務,障がい福祉サービス事業所 オークル,,,未突合,unmatched,,,公表データ,北海道 工賃実績（主な作業内容）,https://www.pref.hokkaido.lg.jp/hf/shf/ko-chin.html,
北海道,その他サービス,その他サービス・役務,障がい福祉サービス事業所 北愛館,,,未突合,unmatched,,,公表データ,北海道 工賃実績（主な作業内容）,https://www.pref.hokkaido.lg.jp/hf/shf/ko-chin.html,
北海道,その他サービス,その他サービス・役務,障がい福祉事業所 ていすと,,0112909577,突合済み,pref+city+name,障がい福祉事業所　ていすと,旭川市,公表データ,北海道 工賃実績（主な作業内容）,https://www.pref.hokkaido.lg.jp/hf/shf/ko-chin.html,fca38a4120abc2c5
北海道,その他サービス,その他サービス・役務,障がい者多機能型事業所リンク,,0110101235,突合済み,pref+city+name,障がい者多機能型事業所　リンク,札幌市中央区,公表データ,北海道 工賃実績（主な作業内容）,https://www.pref.hokkaido.lg.jp/hf/shf/ko-chin.html,25b47221a1b0e684
北海道,その他サービス,その他サービス・役務,障がい者就労支援こはく,,0110205390,突合済み,pref+city+name,障がい者就労支援こはく,札幌市北区,公表データ,北海道 工賃実績（主な作業内容）,https://www.pref.hokkaido.lg.jp/hf/shf/ko-chin.html,d66a6e38e48a22b4
北海道,その他サービス,その他サービス・役務,障がい者就労支援センター ストーリー,,0110203189,突合済み,pref+city+name,障がい者就労支援センターストーリー,札幌市北区,公表データ,北海道 工賃実績（主な作業内容）,https://www.pref.hokkaido.lg.jp/hf/shf/ko-chin.html,a68bab5af55f1b22
北海道,その他サービス,その他サービス・役務,障がい者支援事業所 歩,,0117500462,突合済み,pref+city+name,障がい者支援事業所　歩,滝川市,公表データ,北海道 工賃実績（主な作業内容）,https://www.pref.hokkaido.lg.jp/hf/shf/ko-chin.html,98917a717ed479e2
北海道,その他サービス,その他サービス・役務,障がい者支援施設あっぷ,,0110200870,突合済み,pref+city+name,障がい者支援施設　あっぷ,札幌市西区,公表データ,北海道 工賃実績（主な作業内容）,https://www.pref.hokkaido.lg.jp/hf/shf/ko-chin.html,10488b5bb56499c0
北海道,その他サービス,その他サービス・役務,障がい者支援施設ホップ,,0110400868,突合済み,pref+city+name,障がい者支援施設　ホップ,札幌市西区,公表データ,北海道 工賃実績（主な作業内容）,https://www.pref.hokkaido.lg.jp/hf/shf/ko-chin.html,0cf712a708421f94
北海道,その他サービス,その他サービス・役務,障害福祉サービス事業所K・P１,,,未突合,unmatched,,,公表データ,北海道 工賃実績（主な作業内容）,https://www.pref.hokkaido.lg.jp/hf/shf/ko-chin.html,
北海道,その他サービス,その他サービス・役務,障害福祉サービス事業所K・P１,,,未突合,unmatched,,,公表データ,北海道 工賃実績（主な作業内容）,https://www.pref.hokkaido.lg.jp/hf/shf/ko-chin.html,
北海道,その他サービス,その他サービス・役務,障害福祉サービス事業所i・box,,0113700561,突合済み,pref+city+name,障害福祉サービス事業所　ⅰ・ｂｏｘ,伊達市,公表データ,北海道 工賃実績（主な作業内容）,https://www.pref.hokkaido.lg.jp/hf/shf/ko-chin.html,2652e4e6e05b3754
北海道,その他サービス,その他サービス・役務,障害者就労支援事業Step,,0112907266,突合済み,pref+city+name,障害者就労支援事業Ｓｔｅｐ,旭川市,公表データ,北海道 工賃実績（主な作業内容）,https://www.pref.hokkaido.lg.jp/hf/shf/ko-chin.html,c9c3bc91ba070018
北海道,その他サービス,その他サービス・役務,障害者支援施設パシオ,,,未突合,unmatched,,,公表データ,北海道 工賃実績（主な作業内容）,https://www.pref.hokkaido.lg.jp/hf/shf/ko-chin.html,
北海道,その他サービス,その他サービス・役務,雪ん子セルフサポート,,0110505294,突合済み,pref+city+name,雪ん子セルフサポート,札幌市豊平区,公表データ,北海道 工賃実績（主な作業内容）,https://www.pref.hokkaido.lg.jp/hf/shf/ko-chin.html,f3661ca41caec590
北海道,その他サービス,その他サービス・役務,音色元町,,0110302791,突合済み,pref+city+name,音色　元町,札幌市東区,公表データ,北海道 工賃実績（主な作業内容）,https://www.pref.hokkaido.lg.jp/hf/shf/ko-chin.html,eaba957eea9a8741
北海道,その他サービス,その他サービス・役務,風の子さん太,,0110504313,突合済み,pref+city+name,風の子さん太,札幌市南区,公表データ,北海道 工賃実績（主な作業内容）,https://www.pref.hokkaido.lg.jp/hf/shf/ko-chin.html,5dd9bea2141e9a2b
北海道,その他サービス,その他サービス・役務,麻生事業所,,,未突合,unmatched,,,公表データ,北海道 工賃実績（主な作業内容）,https://www.pref.hokkaido.lg.jp/hf/shf/ko-chin.html,
北海道,その他サービス,その他サービス・役務,ＣＯＬＯＲ ＰＩＥＣＥ,,0112906516,突合済み,pref+city+name,ＣＯＬＯＲ　ＰＩＥＣＥ,旭川市,公表データ,北海道 工賃実績（主な作業内容）,https://www.pref.hokkaido.lg.jp/hf/shf/ko-chin.html,fbead8511005c5b6
北海道,その他サービス,その他サービス・役務,Ｌ ａｎｄ Ｐ,,0111300356,突合済み,pref+city+name,Ｌ　ａｎｄ　Ｐ,北広島市,公表データ,北海道 工賃実績（主な作業内容）,https://www.pref.hokkaido.lg.jp/hf/shf/ko-chin.html,939cca00b9c0cee8
北海道,その他サービス,その他サービス・役務,Ｒｅ～らぶ,,,未突合,unmatched,,,公表データ,北海道 工賃実績（主な作業内容）,https://www.pref.hokkaido.lg.jp/hf/shf/ko-chin.html,
北海道,その他物品,その他物品,ARC～歩～,,,未突合,unmatched,,,公表データ,北海道 工賃実績（主な作業内容）,https://www.pref.hokkaido.lg.jp/hf/shf/ko-chin.html,
北海道,その他物品,その他物品,BRIO BASE,,0110506573,突合済み,pref+city+name,BRIO　BASE,札幌市豊平区,公表データ,北海道 工賃実績（主な作業内容）,https://www.pref.hokkaido.lg.jp/hf/shf/ko-chin.html,0214be6538117b8c
北海道,その他物品,その他物品,Biz room MALIV,,0110404928,突合済み,pref+city+name,Ｂｉｚ ｒｏｏｍ ＭＡＬＩＶ,札幌市白石区,公表データ,北海道 工賃実績（主な作業内容）,https://www.pref.hokkaido.lg.jp/hf/shf/ko-chin.html,8dc286a76fe48395
北海道,その他物品,その他物品,D.Factory,,0110301918,突合済み,pref+city+name,Ｄ．Ｆａｃｔｏｒｙ,札幌市東区,公表データ,北海道 工賃実績（主な作業内容）,https://www.pref.hokkaido.lg.jp/hf/shf/ko-chin.html,24c4bbf497d03750
北海道,その他物品,その他物品,For step,,0110701042,突合済み,pref+city+name,Ｆｏｒ　ｓｔｅｐ,札幌市西区,公表データ,北海道 工賃実績（主な作業内容）,https://www.pref.hokkaido.lg.jp/hf/shf/ko-chin.html,ff3ff4d9d89fde02
北海道,その他物品,その他物品,Gworks,,,未突合,unmatched,,,公表データ,北海道 工賃実績（主な作業内容）,https://www.pref.hokkaido.lg.jp/hf/shf/ko-chin.html,
北海道,その他物品,その他物品,Lino,,,未突合,unmatched,,,公表データ,北海道 工賃実績（主な作業内容）,https://www.pref.hokkaido.lg.jp/hf/shf/ko-chin.html,
北海道,その他物品,その他物品,MIRAI札幌駅前,,0110103207,突合済み,pref+city+name,ＭＩＲＡＩ　札幌駅前,札幌市中央区,公表データ,北海道 工賃実績（主な作業内容）,https://www.pref.hokkaido.lg.jp/hf/shf/ko-chin.html,16c446dda8d318ef
北海道,その他物品,その他物品,MutualSupportCenter ラベンダーの郷,,0113000012,突合済み,pref+city+name,Mutual　Support　Center　ラベンダーの郷,富良野市,公表データ,北海道 工賃実績（主な作業内容）,https://www.pref.hokkaido.lg.jp/hf/shf/ko-chin.html,6cf11525ef24c606
北海道,その他物品,その他物品,One Life,,0110403102,突合済み,pref+city+name,One Life,札幌市白石区,公表データ,北海道 工賃実績（主な作業内容）,https://www.pref.hokkaido.lg.jp/hf/shf/ko-chin.html,50722803656e1070
北海道,その他物品,その他物品,One Life Climb,,0110405313,突合済み,pref+city+name,Ｏｎｅ　Ｌｉｆｅ　Ｃｌｉｍｂ,札幌市白石区,公表データ,北海道 工賃実績（主な作業内容）,https://www.pref.hokkaido.lg.jp/hf/shf/ko-chin.html,e2df0ce29d92f440
北海道,その他物品,その他物品,PASSO,,0110300605,突合済み,pref+city+name,ＰＡＳＳＯ,札幌市東区,公表データ,北海道 工賃実績（主な作業内容）,https://www.pref.hokkaido.lg.jp/hf/shf/ko-chin.html,26702e5879a0bc2e
北海道,その他物品,その他物品,PPC,,0114702061,突合済み,pref+city+name,ＰＰＣ,中川郡幕別町,公表データ,北海道 工賃実績（主な作業内容）,https://www.pref.hokkaido.lg.jp/hf/shf/ko-chin.html,f59c9a64f15a7025
北海道,その他物品,その他物品,Perch,,0114102577,突合済み,pref+city+name,Perch,釧路市,公表データ,北海道 工賃実績（主な作業内容）,https://www.pref.hokkaido.lg.jp/hf/shf/ko-chin.html,d5743e92d1c002b5
北海道,その他物品,その他物品,Sapporo Innovation Hub Labiz,,0110105061,突合済み,pref+city+name,Sapporo Innovation Hub Labiz,札幌市中央区,公表データ,北海道 工賃実績（主な作業内容）,https://www.pref.hokkaido.lg.jp/hf/shf/ko-chin.html,165ef7de1c5be59a
北海道,その他物品,その他物品,TARUO CAFE,,0111100715,突合済み,pref+city+name,TARUOCAFE,千歳市,公表データ,北海道 工賃実績（主な作業内容）,https://www.pref.hokkaido.lg.jp/hf/shf/ko-chin.html,dcc7a8bfa2742bf4
北海道,その他物品,その他物品,TSスターエンタープライズ,,0115701195,突合済み,pref+city+name,TSスターエンタープライズ,岩見沢市,公表データ,北海道 工賃実績（主な作業内容）,https://www.pref.hokkaido.lg.jp/hf/shf/ko-chin.html,136e52bb334a9b3c
北海道,その他物品,その他物品,TomoWork,,0110600558,突合済み,pref+city+name,Ｔｏｍｏ　Ｗｏｒｋ,札幌市南区,公表データ,北海道 工賃実績（主な作業内容）,https://www.pref.hokkaido.lg.jp/hf/shf/ko-chin.html,8c14b4309abd308c
北海道,その他物品,その他物品,Yui・たかしま,,0112000252,突合済み,pref+city+name,Ｙｕｉ・たかしま,小樽市,公表データ,北海道 工賃実績（主な作業内容）,https://www.pref.hokkaido.lg.jp/hf/shf/ko-chin.html,65c2812f46f6ea9a
北海道,その他物品,その他物品,atelier COLOR,,0110404415,突合済み,pref+city+name,atelier COLOR,札幌市白石区,公表データ,北海道 工賃実績（主な作業内容）,https://www.pref.hokkaido.lg.jp/hf/shf/ko-chin.html,148012df11c28792
北海道,その他物品,その他物品,sono,,,未突合,unmatched,,,公表データ,北海道 工賃実績（主な作業内容）,https://www.pref.hokkaido.lg.jp/hf/shf/ko-chin.html,
北海道,その他物品,その他物品,white cube DEEP FRYERS,,0110301561,突合済み,pref+city+name,white cube DEEP FRYERS,札幌市東区,公表データ,北海道 工賃実績（主な作業内容）,https://www.pref.hokkaido.lg.jp/hf/shf/ko-chin.html,5bd699040ef31a26
北海道,その他物品,その他物品,あいステップ,,0110404142,突合済み,pref+city+name,あいステップ,札幌市白石区,公表データ,北海道 工賃実績（主な作業内容）,https://www.pref.hokkaido.lg.jp/hf/shf/ko-chin.html,aa83d932bb7df4f6
北海道,その他物品,その他物品,あるむ,,0114102361,突合済み,pref+city+name,あるむ,釧路市,公表データ,北海道 工賃実績（主な作業内容）,https://www.pref.hokkaido.lg.jp/hf/shf/ko-chin.html,998c26ce3b013c23
北海道,その他物品,その他物品,かなえーる,,,未突合,unmatched,,,公表データ,北海道 工賃実績（主な作業内容）,https://www.pref.hokkaido.lg.jp/hf/shf/ko-chin.html,
北海道,その他物品,その他物品,きらめき,,0112908546,突合済み,pref+city+name,きらめき,旭川市,公表データ,北海道 工賃実績（主な作業内容）,https://www.pref.hokkaido.lg.jp/hf/shf/ko-chin.html,29deb1270036339d
北海道,その他物品,その他物品,この実支援センター うぇるなっつ,,0110401288,突合済み,pref+city+name,この実支援センター　うぇるなっつ,札幌市西区,公表データ,北海道 工賃実績（主な作業内容）,https://www.pref.hokkaido.lg.jp/hf/shf/ko-chin.html,c9a3c4ff1ca7ded8
北海道,その他物品,その他物品,こぶし作業所,,0114100894,突合済み,pref+city+name,こぶし作業所,釧路市,公表データ,北海道 工賃実績（主な作業内容）,https://www.pref.hokkaido.lg.jp/hf/shf/ko-chin.html,8e122eb547f12e7e
北海道,その他物品,その他物品,さっぽろ地域生活支援センターらいず,,0110202967,突合済み,pref+city+name,さっぽろ地域生活支援センター　らいず,札幌市東区,公表データ,北海道 工賃実績（主な作業内容）,https://www.pref.hokkaido.lg.jp/hf/shf/ko-chin.html,9f26c1331a4b5dc6
北海道,その他物品,その他物品,さぽーとセンターこねくと,,0111001624,突合済み,pref+city+name,さぽーとセンターこねくと,江別市,公表データ,北海道 工賃実績（主な作業内容）,https://www.pref.hokkaido.lg.jp/hf/shf/ko-chin.html,d223643aa94d586c
北海道,その他物品,その他物品,しべちゃコスモス,,0114300304,突合済み,pref+city+name,しべちゃコスモス,川上郡標茶町,公表データ,北海道 工賃実績（主な作業内容）,https://www.pref.hokkaido.lg.jp/hf/shf/ko-chin.html,7e387db8dfcc0438
北海道,その他物品,その他物品,しほろほのぼのホーム共同作業所,,0114701329,突合済み,pref+city+name,しほろほのぼのホーム共同作業所,河東郡士幌町,公表データ,北海道 工賃実績（主な作業内容）,https://www.pref.hokkaido.lg.jp/hf/shf/ko-chin.html,a40dd9021b3646f1
北海道,その他物品,その他物品,しらかば,,0112906078,突合済み,pref+city+name,しらかば,旭川市,公表データ,北海道 工賃実績（主な作業内容）,https://www.pref.hokkaido.lg.jp/hf/shf/ko-chin.html,a0de12af442d8e23
北海道,その他物品,その他物品,しりべしワークセンターセオス,,0112100185,突合済み,pref+city+name,しりべしワークセンター　セオス,寿都郡黒松内町,公表データ,北海道 工賃実績（主な作業内容）,https://www.pref.hokkaido.lg.jp/hf/shf/ko-chin.html,82786c485c8a0453
北海道,その他物品,その他物品,しろくじら,,0110800703,突合済み,pref+city+name,しろくじら,札幌市厚別区,公表データ,北海道 工賃実績（主な作業内容）,https://www.pref.hokkaido.lg.jp/hf/shf/ko-chin.html,7044fa2cf813aa63
北海道,その他物品,その他物品,すずかけ,,0113500755,突合済み,pref+city+name,すずかけ,登別市,公表データ,北海道 工賃実績（主な作業内容）,https://www.pref.hokkaido.lg.jp/hf/shf/ko-chin.html,ad60e984ad7c7b26
北海道,その他物品,その他物品,たいよう園,,0115001752,突合済み,pref+city+name,たいよう園,北見市,公表データ,北海道 工賃実績（主な作業内容）,https://www.pref.hokkaido.lg.jp/hf/shf/ko-chin.html,f3518abfdb626d13
北海道,その他物品,その他物品,ていくるーと,,,未突合,unmatched,,,公表データ,北海道 工賃実績（主な作業内容）,https://www.pref.hokkaido.lg.jp/hf/shf/ko-chin.html,
北海道,その他物品,その他物品,でじるみ函館吉川,,0111402723,突合済み,pref+city+name,でじるみ函館吉川,函館市,公表データ,北海道 工賃実績（主な作業内容）,https://www.pref.hokkaido.lg.jp/hf/shf/ko-chin.html,7415ea46604c4d8e
北海道,その他物品,その他物品,でじるみ札幌東,,,未突合,unmatched,,,公表データ,北海道 工賃実績（主な作業内容）,https://www.pref.hokkaido.lg.jp/hf/shf/ko-chin.html,
北海道,その他物品,その他物品,ともに,,0110400025,突合済み,pref+city+name,ともに,札幌市西区,公表データ,北海道 工賃実績（主な作業内容）,https://www.pref.hokkaido.lg.jp/hf/shf/ko-chin.html,a06ce261449ec2cc
北海道,その他物品,その他物品,とわ北斗,,0113100531,突合済み,pref+city+name,とわ北斗,上川郡鷹栖町,公表データ,北海道 工賃実績（主な作業内容）,https://www.pref.hokkaido.lg.jp/hf/shf/ko-chin.html,d514dcc364416a5d
北海道,その他物品,その他物品,なないろ,,0114702186,突合済み,pref+city+name,なないろ,河東郡音更町,公表データ,北海道 工賃実績（主な作業内容）,https://www.pref.hokkaido.lg.jp/hf/shf/ko-chin.html,f1e631d7656ee220
北海道,その他物品,その他物品,ななはち,,0114102239,突合済み,pref+city+name,ななはち,釧路市,公表データ,北海道 工賃実績（主な作業内容）,https://www.pref.hokkaido.lg.jp/hf/shf/ko-chin.html,51cb3b48d699b1a7
北海道,その他物品,その他物品,にっか,,,未突合,ambiguous,,,公表データ,北海道 工賃実績（主な作業内容）,https://www.pref.hokkaido.lg.jp/hf/shf/ko-chin.html,
北海道,その他物品,その他物品,ねむのきワークセンター,,0112907290,突合済み,pref+city+name,ねむのきワークセンター,旭川市,公表データ,北海道 工賃実績（主な作業内容）,https://www.pref.hokkaido.lg.jp/hf/shf/ko-chin.html,54c854413d9afaab
北海道,その他物品,その他物品,はあと,,0111500807,突合済み,pref+city+name,はあと,北斗市,公表データ,北海道 工賃実績（主な作業内容）,https://www.pref.hokkaido.lg.jp/hf/shf/ko-chin.html,dfb093337673015c
北海道,その他物品,その他物品,はこだて療育・自立支援センター ワークあおば,,0111400594,突合済み,pref+city+name,はこだて療育・自立支援センター　ワークあおば,函館市,公表データ,北海道 工賃実績（主な作業内容）,https://www.pref.hokkaido.lg.jp/hf/shf/ko-chin.html,ef59cb5feb1fec7f
北海道,その他物品,その他物品,はちわれ,,0110405032,突合済み,pref+city+name,はちわれ,札幌市清田区,公表データ,北海道 工賃実績（主な作業内容）,https://www.pref.hokkaido.lg.jp/hf/shf/ko-chin.html,f37d6da366bddfed
北海道,その他物品,その他物品,ひだまり,,0112907373,突合済み,pref+city+name,ひだまり,旭川市,公表データ,北海道 工賃実績（主な作業内容）,https://www.pref.hokkaido.lg.jp/hf/shf/ko-chin.html,b7bf64e22560c392
北海道,その他物品,その他物品,びふか陽だまり,,,未突合,unmatched,,,公表データ,北海道 工賃実績（主な作業内容）,https://www.pref.hokkaido.lg.jp/hf/shf/ko-chin.html,
北海道,その他物品,その他物品,びーぱる,,,未突合,city_mismatch,,,公表データ,北海道 工賃実績（主な作業内容）,https://www.pref.hokkaido.lg.jp/hf/shf/ko-chin.html,
北海道,その他物品,その他物品,ふぁん・力むず,,,未突合,unmatched,,,公表データ,北海道 工賃実績（主な作業内容）,https://www.pref.hokkaido.lg.jp/hf/shf/ko-chin.html,
北海道,その他物品,その他物品,みなぽろ,,0112908538,突合済み,pref+city+name,みなぽろ,旭川市,公表データ,北海道 工賃実績（主な作業内容）,https://www.pref.hokkaido.lg.jp/hf/shf/ko-chin.html,700c694767805f73
北海道,その他物品,その他物品,みのり,,,未突合,unmatched,,,公表データ,北海道 工賃実績（主な作業内容）,https://www.pref.hokkaido.lg.jp/hf/shf/ko-chin.html,
北海道,その他物品,その他物品,ゆうき,,,未突合,unmatched,,,公表データ,北海道 工賃実績（主な作業内容）,https://www.pref.hokkaido.lg.jp/hf/shf/ko-chin.html,
北海道,その他物品,その他物品,ゆったりたんぽぽ,,0110503323,突合済み,pref+city+name,ゆったりたんぽぽ,札幌市南区,公表データ,北海道 工賃実績（主な作業内容）,https://www.pref.hokkaido.lg.jp/hf/shf/ko-chin.html,31d17510debfbc9e
北海道,その他物品,その他物品,ゆめみらい,,0115001067,突合済み,pref+city+name,ゆめみらい,北見市,公表データ,北海道 工賃実績（主な作業内容）,https://www.pref.hokkaido.lg.jp/hf/shf/ko-chin.html,ee8919f4ea14b009
北海道,その他物品,その他物品,よつばの会,,,未突合,unmatched,,,公表データ,北海道 工賃実績（主な作業内容）,https://www.pref.hokkaido.lg.jp/hf/shf/ko-chin.html,
北海道,その他物品,その他物品,りとるて,,0115001653,突合済み,pref+city+name,りとるて,北見市,公表データ,北海道 工賃実績（主な作業内容）,https://www.pref.hokkaido.lg.jp/hf/shf/ko-chin.html,6c8520fb8e0ea140
北海道,その他物品,その他物品,りりーふ,,0110102647,突合済み,pref+city+name,りりーふ,札幌市中央区,公表データ,北海道 工賃実績（主な作業内容）,https://www.pref.hokkaido.lg.jp/hf/shf/ko-chin.html,271fd95aac18dd30
北海道,その他物品,その他物品,りんくす,,0110700531,突合済み,pref+city+name,りんくす,札幌市西区,公表データ,北海道 工賃実績（主な作業内容）,https://www.pref.hokkaido.lg.jp/hf/shf/ko-chin.html,eb2fb97af1fbb85a
北海道,その他物品,その他物品,るんべる,,0113200539,突合済み,pref+city+name,るんべる,士別市,公表データ,北海道 工賃実績（主な作業内容）,https://www.pref.hokkaido.lg.jp/hf/shf/ko-chin.html,ffffa9275d7b1cf2
北海道,その他物品,その他物品,ろまんすキッチン,,,未突合,unmatched,,,公表データ,北海道 工賃実績（主な作業内容）,https://www.pref.hokkaido.lg.jp/hf/shf/ko-chin.html,
北海道,その他物品,その他物品,わかふじワークセンター,,0114700693,突合済み,pref+city+name,わかふじワークセンター,上川郡新得町,公表データ,北海道 工賃実績（主な作業内容）,https://www.pref.hokkaido.lg.jp/hf/shf/ko-chin.html,3fe9af3b51fd402b
北海道,その他物品,その他物品,わかふじ寮,,0114700669,突合済み,pref+city+name,わかふじ寮,上川郡新得町,公表データ,北海道 工賃実績（主な作業内容）,https://www.pref.hokkaido.lg.jp/hf/shf/ko-chin.html,311eecaaf96b2a65
北海道,その他物品,その他物品,わくわくおおぞら,,,未突合,unmatched,,,公表データ,北海道 工賃実績（主な作業内容）,https://www.pref.hokkaido.lg.jp/hf/shf/ko-chin.html,
北海道,その他物品,その他物品,わくわくワーク函館,,0111402327,突合済み,pref+city+name,わくわくワーク函館,函館市,公表データ,北海道 工賃実績（主な作業内容）,https://www.pref.hokkaido.lg.jp/hf/shf/ko-chin.html,4560c00d87de5813
北海道,その他物品,その他物品,わく・WORK ランタナ,,0113500482,突合済み,pref+city+name,わく・ＷＯＲＫ　ランタナ,室蘭市,公表データ,北海道 工賃実績（主な作業内容）,https://www.pref.hokkaido.lg.jp/hf/shf/ko-chin.html,dd3f7cda51bf837c
北海道,その他物品,その他物品,わんこっと,,0110301306,突合済み,pref+city+name,わんこっと,札幌市東区,公表データ,北海道 工賃実績（主な作業内容）,https://www.pref.hokkaido.lg.jp/hf/shf/ko-chin.html,83747cdf2610064d
北海道,その他物品,その他物品,わーく・ひまわり,,0110502036,突合済み,pref+city+name,わーく・ひまわり,札幌市豊平区,公表データ,北海道 工賃実績（主な作業内容）,https://www.pref.hokkaido.lg.jp/hf/shf/ko-chin.html,8520dc27e5a382ef
北海道,その他物品,その他物品,アウルの杜,,0110900172,突合済み,pref+city+name,アウルの杜,札幌市清田区,公表データ,北海道 工賃実績（主な作業内容）,https://www.pref.hokkaido.lg.jp/hf/shf/ko-chin.html,0292e8a3cad09370
北海道,その他物品,その他物品,アグリーン妹背牛,,0117400473,突合済み,pref+city+name,アグリーン妹背牛,雨竜郡妹背牛町,公表データ,北海道 工賃実績（主な作業内容）,https://www.pref.hokkaido.lg.jp/hf/shf/ko-chin.html,31a111a78ab795cb
北海道,その他物品,その他物品,アプローチ,,0110302189,突合済み,pref+city+name,アプローチ,札幌市東区,公表データ,北海道 工賃実績（主な作業内容）,https://www.pref.hokkaido.lg.jp/hf/shf/ko-chin.html,35f24a29b58cc85f
北海道,その他物品,その他物品,アポロ計画,,,未突合,unmatched,,,公表データ,北海道 工賃実績（主な作業内容）,https://www.pref.hokkaido.lg.jp/hf/shf/ko-chin.html,
北海道,その他物品,その他物品,イーマール,,0110104890,突合済み,pref+city+name,イーマール,札幌市中央区,公表データ,北海道 工賃実績（主な作業内容）,https://www.pref.hokkaido.lg.jp/hf/shf/ko-chin.html,e8be79eef8108ad5
北海道,その他物品,その他物品,ウイング,,0110104379,突合済み,pref+city+name,ウイング,札幌市中央区,公表データ,北海道 工賃実績（主な作業内容）,https://www.pref.hokkaido.lg.jp/hf/shf/ko-chin.html,952532d708da0684
北海道,その他物品,その他物品,ウレシパ・ポエムアクティビティーセンター,,0110502515,突合済み,pref+city+name,ウレシパ・ポエムアクティビティーセンター,札幌市清田区,公表データ,北海道 工賃実績（主な作業内容）,https://www.pref.hokkaido.lg.jp/hf/shf/ko-chin.html,c9b15964ae70c928
北海道,その他物品,その他物品,エルブの杜,,0110101813,突合済み,pref+city+name,エルブの杜,札幌市中央区,公表データ,北海道 工賃実績（主な作業内容）,https://www.pref.hokkaido.lg.jp/hf/shf/ko-chin.html,a021359c8edf7674
北海道,その他物品,その他物品,エンパワメントステーションかむかむ,,0112001334,突合済み,pref+city+name,エンパワメントステーション　かむかむ,小樽市,公表データ,北海道 工賃実績（主な作業内容）,https://www.pref.hokkaido.lg.jp/hf/shf/ko-chin.html,dc74e9045c1963d0
北海道,その他物品,その他物品,オフィスきらり,,0114100738,突合済み,pref+city+name,オフィス　きらり,釧路市,公表データ,北海道 工賃実績（主な作業内容）,https://www.pref.hokkaido.lg.jp/hf/shf/ko-chin.html,ef4b4c2d53c1a742
北海道,その他物品,その他物品,オホーツクきのこの里,,0115300105,突合済み,pref+city+name,オホーツクきのこの里,網走市,公表データ,北海道 工賃実績（主な作業内容）,https://www.pref.hokkaido.lg.jp/hf/shf/ko-chin.html,d2ce43ed4e95eaab
北海道,その他物品,その他物品,キピラート,,0110700549,突合済み,pref+city+name,キピラート,札幌市西区,公表データ,北海道 工賃実績（主な作業内容）,https://www.pref.hokkaido.lg.jp/hf/shf/ko-chin.html,d828537570ea368d
北海道,その他物品,その他物品,クオリティ,,,未突合,unmatched,,,公表データ,北海道 工賃実績（主な作業内容）,https://www.pref.hokkaido.lg.jp/hf/shf/ko-chin.html,
北海道,その他物品,その他物品,クオリティ南,,0117600577,突合済み,pref+city+name,クオリティ南,石狩市,公表データ,北海道 工賃実績（主な作業内容）,https://www.pref.hokkaido.lg.jp/hf/shf/ko-chin.html,04bea1000e982388
北海道,その他物品,その他物品,クレール,,0116400441,突合済み,pref+city+name,クレール,苫前郡羽幌町,公表データ,北海道 工賃実績（主な作業内容）,https://www.pref.hokkaido.lg.jp/hf/shf/ko-chin.html,eae2eb576264a227
北海道,その他物品,その他物品,クローバーベリー,,0114701980,突合済み,pref+city+name,クローバー　ベリー,河東郡音更町,公表データ,北海道 工賃実績（主な作業内容）,https://www.pref.hokkaido.lg.jp/hf/shf/ko-chin.html,36c7d509b92d68c0
北海道,その他物品,その他物品,ココスマイル,,,未突合,unmatched,,,公表データ,北海道 工賃実績（主な作業内容）,https://www.pref.hokkaido.lg.jp/hf/shf/ko-chin.html,
北海道,その他物品,その他物品,コミュニティスペースじゃがいも,,0110700424,突合済み,pref+city+name,コミュニティスペースじゃがいも,札幌市西区,公表データ,北海道 工賃実績（主な作業内容）,https://www.pref.hokkaido.lg.jp/hf/shf/ko-chin.html,29ebbbd051d24509
北海道,その他物品,その他物品,コラボワーク,,0111100988,突合済み,pref+city+name,コラボワーク,千歳市,公表データ,北海道 工賃実績（主な作業内容）,https://www.pref.hokkaido.lg.jp/hf/shf/ko-chin.html,9deddd3d2bfdfcec
北海道,その他物品,その他物品,サチエル・ロビンソン,,0111501649,突合済み,pref+city+name,サチエル・ロビンソン,北斗市,公表データ,北海道 工賃実績（主な作業内容）,https://www.pref.hokkaido.lg.jp/hf/shf/ko-chin.html,24471a37f56a6a0b
北海道,その他物品,その他物品,サニー,,0110205937,突合済み,pref+city+name,サニー,札幌市北区,公表データ,北海道 工賃実績（主な作業内容）,https://www.pref.hokkaido.lg.jp/hf/shf/ko-chin.html,7656322de4908625
北海道,その他物品,その他物品,サニースポット札幌東,,,未突合,unmatched,,,公表データ,北海道 工賃実績（主な作業内容）,https://www.pref.hokkaido.lg.jp/hf/shf/ko-chin.html,
北海道,その他物品,その他物品,サポートステーションすきっぷ,,0113000293,突合済み,pref+city+name,サポートステーションすきっぷ,富良野市,公表データ,北海道 工賃実績（主な作業内容）,https://www.pref.hokkaido.lg.jp/hf/shf/ko-chin.html,67a97936070f9cdd
北海道,その他物品,その他物品,サポートステーション愛,,0112908074,突合済み,pref+city+name,サポートステーション愛,旭川市,公表データ,北海道 工賃実績（主な作業内容）,https://www.pref.hokkaido.lg.jp/hf/shf/ko-chin.html,298f0e6daa7df06d
北海道,その他物品,その他物品,サポートセンター豊平,,0110505328,突合済み,pref+city+name,サポートセンター豊平,札幌市豊平区,公表データ,北海道 工賃実績（主な作業内容）,https://www.pref.hokkaido.lg.jp/hf/shf/ko-chin.html,f7a56b59eded680d
北海道,その他物品,その他物品,サポートワーク,,0110404217,突合済み,pref+city+name,サポートワーク,札幌市白石区,公表データ,北海道 工賃実績（主な作業内容）,https://www.pref.hokkaido.lg.jp/hf/shf/ko-chin.html,635cf0898b4aefc9
北海道,その他物品,その他物品,サン・フラワー,,0114100100,突合済み,pref+city+name,サン・フラワー,釧路市,公表データ,北海道 工賃実績（主な作業内容）,https://www.pref.hokkaido.lg.jp/hf/shf/ko-chin.html,4dddb57e24e269a5
北海道,その他物品,その他物品,サードエスポワール北見,,0115001570,突合済み,pref+city+name,サードエスポワール北見,北見市,公表データ,北海道 工賃実績（主な作業内容）,https://www.pref.hokkaido.lg.jp/hf/shf/ko-chin.html,ef0db5dbed2d746c
北海道,その他物品,その他物品,ジャパニケア江別,,,未突合,unmatched,,,公表データ,北海道 工賃実績（主な作業内容）,https://www.pref.hokkaido.lg.jp/hf/shf/ko-chin.html,
北海道,その他物品,その他物品,ジョブアカデミー名寄,,0113201040,突合済み,pref+city+name,ジョブアカデミー名寄,名寄市,公表データ,北海道 工賃実績（主な作業内容）,https://www.pref.hokkaido.lg.jp/hf/shf/ko-chin.html,3ebe8e8ae8f92d6b
北海道,その他物品,その他物品,ジョブタスもいわ事業所,,,未突合,ambiguous,,,公表データ,北海道 工賃実績（主な作業内容）,https://www.pref.hokkaido.lg.jp/hf/shf/ko-chin.html,
北海道,その他物品,その他物品,ジョブタス北野事業所,,,未突合,ambiguous,,,公表データ,北海道 工賃実績（主な作業内容）,https://www.pref.hokkaido.lg.jp/hf/shf/ko-chin.html,
北海道,その他物品,その他物品,ジョブタス宮の森事業所,,0110103884,突合済み,pref+city+name,ジョブタス宮の森事業所,札幌市中央区,公表データ,北海道 工賃実績（主な作業内容）,https://www.pref.hokkaido.lg.jp/hf/shf/ko-chin.html,01d7821e2a2852cd
北海道,その他物品,その他物品,ジョブタス白石事業所,,0110402542,突合済み,pref+city+name,ジョブタス　白石事業所,札幌市白石区,公表データ,北海道 工賃実績（主な作業内容）,https://www.pref.hokkaido.lg.jp/hf/shf/ko-chin.html,dabdf3554cfe71c0
北海道,その他物品,その他物品,ジョブタス美園事業所,,0110506599,突合済み,pref+city+name,ジョブタス美園事業所,札幌市豊平区,公表データ,北海道 工賃実績（主な作業内容）,https://www.pref.hokkaido.lg.jp/hf/shf/ko-chin.html,86c7f7c09da5850e
北海道,その他物品,その他物品,ジョブタス菊水事業所,,0110403078,突合済み,pref+city+name,ジョブタス菊水事業所,札幌市白石区,公表データ,北海道 工賃実績（主な作業内容）,https://www.pref.hokkaido.lg.jp/hf/shf/ko-chin.html,3c68e4fa91882947
北海道,その他物品,その他物品,スタイルとかち,,0114601743,突合済み,pref+name,スタイルとかち,帯広市,公表データ,北海道 工賃実績（主な作業内容）,https://www.pref.hokkaido.lg.jp/hf/shf/ko-chin.html,21fd05e3a9f7881d
北海道,その他物品,その他物品,スリーエフ,,0112908843,突合済み,pref+city+name,スリーエフ,旭川市,公表データ,北海道 工賃実績（主な作業内容）,https://www.pref.hokkaido.lg.jp/hf/shf/ko-chin.html,48210d0eb9d1197f
北海道,その他物品,その他物品,セルプさっぽろ,,0110500865,突合済み,pref+city+name,セルプさっぽろ,札幌市豊平区,公表データ,北海道 工賃実績（主な作業内容）,https://www.pref.hokkaido.lg.jp/hf/shf/ko-chin.html,7e0e7d88d4a925d9
北海道,その他物品,その他物品,セルプさっぽろ,,0110500865,突合済み,pref+city+name,セルプさっぽろ,札幌市豊平区,公表データ,北海道 工賃実績（主な作業内容）,https://www.pref.hokkaido.lg.jp/hf/shf/ko-chin.html,7e0e7d88d4a925d9
北海道,その他物品,その他物品,チアアップ,,0110404373,突合済み,pref+city+name,チアアップ,札幌市白石区,公表データ,北海道 工賃実績（主な作業内容）,https://www.pref.hokkaido.lg.jp/hf/shf/ko-chin.html,96a7f021f6286b16
北海道,その他物品,その他物品,チョコかわぞえ,,0110600988,突合済み,pref+city+name,チョコかわぞえ,札幌市南区,公表データ,北海道 工賃実績（主な作業内容）,https://www.pref.hokkaido.lg.jp/hf/shf/ko-chin.html,fe0050356c45df3c
北海道,その他物品,その他物品,デイセンターいちばんぼし,,0113700611,突合済み,pref+city+name,デイセンター　いちばんぼし,虻田郡洞爺湖町,公表データ,北海道 工賃実績（主な作業内容）,https://www.pref.hokkaido.lg.jp/hf/shf/ko-chin.html,4367b7827f815a05
北海道,その他物品,その他物品,ネクストステージ,,0110204724,突合済み,pref+city+name,ネクストステージ,札幌市北区,公表データ,北海道 工賃実績（主な作業内容）,https://www.pref.hokkaido.lg.jp/hf/shf/ko-chin.html,f2b6810f9ff7cd09
北海道,その他物品,その他物品,ノース工房,,0116700592,突合済み,pref+city+name,ノース工房,稚内市,公表データ,北海道 工賃実績（主な作業内容）,https://www.pref.hokkaido.lg.jp/hf/shf/ko-chin.html,deeec932b3c9f119
北海道,その他物品,その他物品,ハローENJYOY札幌Ⅱ,,,未突合,unmatched,,,公表データ,北海道 工賃実績（主な作業内容）,https://www.pref.hokkaido.lg.jp/hf/shf/ko-chin.html,
北海道,その他物品,その他物品,ピースワーク小樽駅前,,0112001367,突合済み,pref+city+name,ピースワーク小樽駅前,小樽市,公表データ,北海道 工賃実績（主な作業内容）,https://www.pref.hokkaido.lg.jp/hf/shf/ko-chin.html,79bf19e49956f51b
北海道,その他物品,その他物品,プレジール中の島,,0110507241,突合済み,pref+city+name,プレジール　中の島,札幌市豊平区,公表データ,北海道 工賃実績（主な作業内容）,https://www.pref.hokkaido.lg.jp/hf/shf/ko-chin.html,a314bfd7567304d8
北海道,その他物品,その他物品,ベースト,,0116100355,突合済み,pref+city+name,ベースト,美唄市,公表データ,北海道 工賃実績（主な作業内容）,https://www.pref.hokkaido.lg.jp/hf/shf/ko-chin.html,56be91ec46f4c738
北海道,その他物品,その他物品,ホープ,,0110401882,突合済み,pref+city+name,ホープ,札幌市西区,公表データ,北海道 工賃実績（主な作業内容）,https://www.pref.hokkaido.lg.jp/hf/shf/ko-chin.html,958eb4d9658290c6
北海道,その他物品,その他物品,ボルト澄川,,0110601226,突合済み,pref+city+name,ボルト澄川,札幌市南区,公表データ,北海道 工賃実績（主な作業内容）,https://www.pref.hokkaido.lg.jp/hf/shf/ko-chin.html,d150ac0174d948ba
北海道,その他物品,その他物品,ポラリス,,0110102449,突合済み,pref+city+name,ポラリス,札幌市中央区,公表データ,北海道 工賃実績（主な作業内容）,https://www.pref.hokkaido.lg.jp/hf/shf/ko-chin.html,033862724044a05a
北海道,その他物品,その他物品,マイ・スタイル大通東事業所,,0110104122,突合済み,pref+city+name,マイ・スタイル　大通東事業所,札幌市中央区,公表データ,北海道 工賃実績（主な作業内容）,https://www.pref.hokkaido.lg.jp/hf/shf/ko-chin.html,2ad3f9e5ba2c6223
北海道,その他物品,その他物品,ミライク・カラ,,,未突合,unmatched,,,公表データ,北海道 工賃実績（主な作業内容）,https://www.pref.hokkaido.lg.jp/hf/shf/ko-chin.html,
北海道,その他物品,その他物品,ユニバード,,0110103819,突合済み,pref+city+name,ユニバード,札幌市中央区,公表データ,北海道 工賃実績（主な作業内容）,https://www.pref.hokkaido.lg.jp/hf/shf/ko-chin.html,ebad3779e53d8a01
北海道,その他物品,その他物品,ユメトキボウ,,0110402260,突合済み,pref+city+name,ユメトキボウ,札幌市手稲区,公表データ,北海道 工賃実績（主な作業内容）,https://www.pref.hokkaido.lg.jp/hf/shf/ko-chin.html,c8cfe1c66bbd2cc8
北海道,その他物品,その他物品,ライフテンダークオーレ,,0110401635,突合済み,pref+city+name,ライフテンダー　クオーレ,札幌市西区,公表データ,北海道 工賃実績（主な作業内容）,https://www.pref.hokkaido.lg.jp/hf/shf/ko-chin.html,6097d5a0f04994d0
北海道,その他物品,その他物品,ライフテンダー札幌,,0110201217,突合済み,pref+city+name,ライフテンダー札幌,札幌市中央区,公表データ,北海道 工賃実績（主な作業内容）,https://www.pref.hokkaido.lg.jp/hf/shf/ko-chin.html,3e602e495a2c788c
北海道,その他物品,その他物品,ライブインホープ,,,未突合,unmatched,,,公表データ,北海道 工賃実績（主な作業内容）,https://www.pref.hokkaido.lg.jp/hf/shf/ko-chin.html,
北海道,その他物品,その他物品,ラインズ白石,,0110404423,突合済み,pref+city+name,ラインズ白石,札幌市白石区,公表データ,北海道 工賃実績（主な作業内容）,https://www.pref.hokkaido.lg.jp/hf/shf/ko-chin.html,bf92dbc16e7e96e0
北海道,その他物品,その他物品,ラダーサポート,,0110402856,突合済み,pref+city+name,ラダーサポート,札幌市白石区,公表データ,北海道 工賃実績（主な作業内容）,https://www.pref.hokkaido.lg.jp/hf/shf/ko-chin.html,7c858805665bbd45
北海道,その他物品,その他物品,ラポール,,0110700697,突合済み,pref+city+name,ラポール,札幌市西区,公表データ,北海道 工賃実績（主な作業内容）,https://www.pref.hokkaido.lg.jp/hf/shf/ko-chin.html,8d0134f7fe407582
北海道,その他物品,その他物品,リッジウッド,,0114102635,突合済み,pref+city+name,リッジウッド,釧路市,公表データ,北海道 工賃実績（主な作業内容）,https://www.pref.hokkaido.lg.jp/hf/shf/ko-chin.html,3005112d32f79966
北海道,その他物品,その他物品,リバース,,,未突合,ambiguous,,,公表データ,北海道 工賃実績（主な作業内容）,https://www.pref.hokkaido.lg.jp/hf/shf/ko-chin.html,
北海道,その他物品,製作,リポ豊岡事業所,,,未突合,unmatched,,,公表データ,北海道 工賃実績（主な作業内容）,https://www.pref.hokkaido.lg.jp/hf/shf/ko-chin.html,
北海道,その他物品,その他物品,リンネル,,0110204849,突合済み,pref+city+name,リンネル,札幌市北区,公表データ,北海道 工賃実績（主な作業内容）,https://www.pref.hokkaido.lg.jp/hf/shf/ko-chin.html,b84011f8b536ee26
北海道,その他物品,その他物品,ローズ白石,,0110404902,突合済み,pref+city+name,ローズ白石,札幌市白石区,公表データ,北海道 工賃実績（主な作業内容）,https://www.pref.hokkaido.lg.jp/hf/shf/ko-chin.html,f524071fd6698a96
北海道,その他物品,その他物品,ワーカーズコープあいあい,,0113602452,突合済み,pref+city+name,ワーカーズコープあいあい,苫小牧市,公表データ,北海道 工賃実績（主な作業内容）,https://www.pref.hokkaido.lg.jp/hf/shf/ko-chin.html,6003a54d961108de
北海道,その他物品,その他物品,ワークエリア ハートの森,,0112907035,突合済み,pref+city+name,ワークエリア　ハートの森,旭川市,公表データ,北海道 工賃実績（主な作業内容）,https://www.pref.hokkaido.lg.jp/hf/shf/ko-chin.html,97b6fd11f2ba9730
北海道,その他物品,その他物品,ワークサポートふれあい,,0114600901,突合済み,pref+city+name,ワークサポートふれあい,帯広市,公表データ,北海道 工賃実績（主な作業内容）,https://www.pref.hokkaido.lg.jp/hf/shf/ko-chin.html,b09fae0a202daec4
北海道,その他物品,その他物品,ワークサポート北の風,,0111300588,突合済み,pref+city+name,ワークサポート　北の風,北広島市,公表データ,北海道 工賃実績（主な作業内容）,https://www.pref.hokkaido.lg.jp/hf/shf/ko-chin.html,9cf8b2a0616fd880
北海道,その他物品,その他物品,ワークショップどり～夢,,,未突合,unmatched,,,公表データ,北海道 工賃実績（主な作業内容）,https://www.pref.hokkaido.lg.jp/hf/shf/ko-chin.html,
北海道,その他物品,その他物品,ワークショップ実の里,,0110600756,突合済み,pref+city+name,ワークショップ実の里,札幌市南区,公表データ,北海道 工賃実績（主な作業内容）,https://www.pref.hokkaido.lg.jp/hf/shf/ko-chin.html,6ed1e4959910a5d4
北海道,その他物品,その他物品,ワークショップ風,,0113200786,突合済み,pref+city+name,ワークショップ風,上川郡剣淵町,公表データ,北海道 工賃実績（主な作業内容）,https://www.pref.hokkaido.lg.jp/hf/shf/ko-chin.html,ee7d425a570a07f6
北海道,その他物品,その他物品,ワークセンターはまなす,,0114600737,突合済み,pref+city+name,ワークセンターはまなす,帯広市,公表データ,北海道 工賃実績（主な作業内容）,https://www.pref.hokkaido.lg.jp/hf/shf/ko-chin.html,5897058509e97c7b
北海道,その他物品,その他物品,ワークセンターらーふ,,,未突合,unmatched,,,公表データ,北海道 工賃実績（主な作業内容）,https://www.pref.hokkaido.lg.jp/hf/shf/ko-chin.html,
北海道,その他物品,その他物品,ワークセンター株式会社,,0110500063,突合済み,pref+city+name,ワークセンター　株式会社,札幌市南区,公表データ,北海道 工賃実績（主な作業内容）,https://www.pref.hokkaido.lg.jp/hf/shf/ko-chin.html,9f780523c9245c1e
北海道,その他物品,その他物品,ワークネット北見 就労継続支援事業所,,0115000333,突合済み,pref+city+name,ワークネット北見　就労継続支援事業所,北見市,公表データ,北海道 工賃実績（主な作業内容）,https://www.pref.hokkaido.lg.jp/hf/shf/ko-chin.html,940d54eb07084504
北海道,その他物品,その他物品,一般社団法人伊達の風 湘南の風,,,未突合,unmatched,,,公表データ,北海道 工賃実績（主な作業内容）,https://www.pref.hokkaido.lg.jp/hf/shf/ko-chin.html,
北海道,その他物品,その他物品,七色の杜,,0110102845,突合済み,pref+city+name,七色の杜,札幌市清田区,公表データ,北海道 工賃実績（主な作業内容）,https://www.pref.hokkaido.lg.jp/hf/shf/ko-chin.html,dc71addb51bed257
北海道,その他物品,その他物品,七飯町就労継続支援施設ぽぽろ館,,0111500880,突合済み,pref+city+name,七飯町就労継続支援施設ぽぽろ館,亀田郡七飯町,公表データ,北海道 工賃実績（主な作業内容）,https://www.pref.hokkaido.lg.jp/hf/shf/ko-chin.html,2e8dd00f1336ca35
北海道,その他物品,その他物品,中富良野町Libre,,,未突合,unmatched,,,公表データ,北海道 工賃実績（主な作業内容）,https://www.pref.hokkaido.lg.jp/hf/shf/ko-chin.html,
北海道,その他物品,その他物品,余市作業所,,0112500525,突合済み,pref+city+name,余市作業所,余市郡余市町,公表データ,北海道 工賃実績（主な作業内容）,https://www.pref.hokkaido.lg.jp/hf/shf/ko-chin.html,81ff9cb84925bb1c
北海道,その他物品,その他物品,健心サポート,,,未突合,unmatched,,,公表データ,北海道 工賃実績（主な作業内容）,https://www.pref.hokkaido.lg.jp/hf/shf/ko-chin.html,
北海道,その他物品,その他物品,光生舎プラザ・イン・サッポロ,,0110400017,突合済み,pref+city+name,光生舎プラザ・イン・サッポロ,札幌市西区,公表データ,北海道 工賃実績（主な作業内容）,https://www.pref.hokkaido.lg.jp/hf/shf/ko-chin.html,50e4e7e137005285
北海道,その他物品,その他物品,六事化事業所,,0115200354,突合済み,pref+city+name,六事化事業所,網走郡美幌町,公表データ,北海道 工賃実績（主な作業内容）,https://www.pref.hokkaido.lg.jp/hf/shf/ko-chin.html,67cfa2f9c9b1956e
北海道,その他物品,その他物品,共同作業所はばたき,,0110202629,突合済み,pref+city+name,共同作業所はばたき,札幌市東区,公表データ,北海道 工賃実績（主な作業内容）,https://www.pref.hokkaido.lg.jp/hf/shf/ko-chin.html,17cf02b7387e7bed
北海道,その他物品,その他物品,共同作業所・ＨＡＰＰＹ,,0110400843,突合済み,pref+city+name,共同作業所・ＨＡＰＰＹ,札幌市西区,公表データ,北海道 工賃実績（主な作業内容）,https://www.pref.hokkaido.lg.jp/hf/shf/ko-chin.html,289e7080d66f2877
北海道,その他物品,その他物品,千歳物流センター,,0111100269,突合済み,pref+city+name,千歳物流センター,千歳市,公表データ,北海道 工賃実績（主な作業内容）,https://www.pref.hokkaido.lg.jp/hf/shf/ko-chin.html,82362d7e10804c1b
北海道,その他物品,その他物品,合同会社LTF,,0110403458,突合済み,pref+city+name,合同会社ＬＴＦ,札幌市北区,公表データ,北海道 工賃実績（主な作業内容）,https://www.pref.hokkaido.lg.jp/hf/shf/ko-chin.html,517dc405cae9ba36
北海道,その他物品,その他物品,地域生活支援施設山麓郷,,0110901147,突合済み,pref+city+name,地域生活支援施設　山麓郷,札幌市手稲区,公表データ,北海道 工賃実績（主な作業内容）,https://www.pref.hokkaido.lg.jp/hf/shf/ko-chin.html,ec65d861582ddb6c
北海道,その他物品,その他物品,多機能型事業所 ワークステーションシーウィンド,,,未突合,unmatched,,,公表データ,北海道 工賃実績（主な作業内容）,https://www.pref.hokkaido.lg.jp/hf/shf/ko-chin.html,
北海道,その他物品,その他物品,多機能型事業所asurara〈あすらら〉,,0111401881,突合済み,pref+city+name,多機能型事業所asurara〈あすらら〉,函館市,公表データ,北海道 工賃実績（主な作業内容）,https://www.pref.hokkaido.lg.jp/hf/shf/ko-chin.html,f549c7f913c8d2df
北海道,その他物品,その他物品,多機能型事業所「もあ」,,,未突合,city_mismatch,,,公表データ,北海道 工賃実績（主な作業内容）,https://www.pref.hokkaido.lg.jp/hf/shf/ko-chin.html,
北海道,その他物品,その他物品,多機能型事業所あずあいむ,,0110101128,突合済み,pref+city+name,多機能型事業所　あずあいむ,札幌市西区,公表データ,北海道 工賃実績（主な作業内容）,https://www.pref.hokkaido.lg.jp/hf/shf/ko-chin.html,4a13ef343e6647c7
北海道,その他物品,その他物品,多機能型事業所はぴら 就労継続支援B型,,,未突合,unmatched,,,公表データ,北海道 工賃実績（主な作業内容）,https://www.pref.hokkaido.lg.jp/hf/shf/ko-chin.html,
北海道,その他物品,その他物品,多機能型事業所ぴーぷる,,0114100803,突合済み,pref+city+name,多機能型事業所 ぴーぷる,釧路市,公表データ,北海道 工賃実績（主な作業内容）,https://www.pref.hokkaido.lg.jp/hf/shf/ko-chin.html,9c5ff9a7d8007c82
北海道,その他物品,その他物品,多機能型事業所ステップ,,0110503927,突合済み,pref+city+name,多機能型事業所ステップ,札幌市白石区,公表データ,北海道 工賃実績（主な作業内容）,https://www.pref.hokkaido.lg.jp/hf/shf/ko-chin.html,5bf1c9361ba8df76
北海道,その他物品,その他物品,多機能型事業所ｅワークフォレスト,,0111501607,突合済み,pref+city+name,多機能型事業所eワークフォレスト,亀田郡七飯町,公表データ,北海道 工賃実績（主な作業内容）,https://www.pref.hokkaido.lg.jp/hf/shf/ko-chin.html,e6f1b3867db55daf
北海道,その他物品,その他物品,大空,,0110506110,突合済み,pref+city+name,大空,札幌市豊平区,公表データ,北海道 工賃実績（主な作業内容）,https://www.pref.hokkaido.lg.jp/hf/shf/ko-chin.html,e5b02067ae2442dc
北海道,その他物品,その他物品,太陽技研サービス,,,未突合,unmatched,,,公表データ,北海道 工賃実績（主な作業内容）,https://www.pref.hokkaido.lg.jp/hf/shf/ko-chin.html,
北海道,その他物品,その他物品,就労支援 プラスサイン,,0110800836,突合済み,pref+city+name,就労支援プラスサイン,札幌市厚別区,公表データ,北海道 工賃実績（主な作業内容）,https://www.pref.hokkaido.lg.jp/hf/shf/ko-chin.html,7c26635359b10600
北海道,その他物品,その他物品,就労支援おうか,,0114102296,突合済み,pref+city+name,就労支援　おうか,釧路市,公表データ,北海道 工賃実績（主な作業内容）,https://www.pref.hokkaido.lg.jp/hf/shf/ko-chin.html,ba5bdb7c3d4b25bd
北海道,その他物品,その他物品,就労支援センターあるく,,0110402625,突合済み,pref+city+name,就労支援センターあるく,札幌市白石区,公表データ,北海道 工賃実績（主な作業内容）,https://www.pref.hokkaido.lg.jp/hf/shf/ko-chin.html,509b52799f774394
北海道,その他物品,その他物品,就労支援センター平岸,,0110505096,突合済み,pref+city+name,就労支援センター平岸,札幌市豊平区,公表データ,北海道 工賃実績（主な作業内容）,https://www.pref.hokkaido.lg.jp/hf/shf/ko-chin.html,f94b7e5b236573ed
北海道,その他物品,その他物品,就労支援事業所 シオル,,0110506821,突合済み,pref+city+name,就労支援事業所　シオル,札幌市南区,公表データ,北海道 工賃実績（主な作業内容）,https://www.pref.hokkaido.lg.jp/hf/shf/ko-chin.html,8df1c8ea49816781
北海道,その他物品,その他物品,就労支援事業所 実の里,,0117400275,突合済み,pref+city+name,就労支援事業所　実の里,雨竜郡雨竜町,公表データ,北海道 工賃実績（主な作業内容）,https://www.pref.hokkaido.lg.jp/hf/shf/ko-chin.html,f2ceaff37a924bd8
北海道,その他物品,その他物品,就労支援事業所TOMO,,0113201099,突合済み,pref+city+name,就労支援事業所　TOMO,上川郡下川町,公表データ,北海道 工賃実績（主な作業内容）,https://www.pref.hokkaido.lg.jp/hf/shf/ko-chin.html,1c878bdb24414601
北海道,その他物品,その他物品,就労支援事業所「すてっぷ」,,0115000622,突合済み,pref+city+name,就労支援事業所「すてっぷ」,北見市,公表データ,北海道 工賃実績（主な作業内容）,https://www.pref.hokkaido.lg.jp/hf/shf/ko-chin.html,0a36f29c241437c1
北海道,その他物品,その他物品,就労支援事業所ほおずき,,0110503851,突合済み,pref+city+name,就労支援事業所ほおずき,札幌市北区,公表データ,北海道 工賃実績（主な作業内容）,https://www.pref.hokkaido.lg.jp/hf/shf/ko-chin.html,2eafea1274af8309
北海道,その他物品,その他物品,就労支援事業所らふたの丘,,0110800075,突合済み,pref+city+name,就労支援事業所らふたの丘,札幌市厚別区,公表データ,北海道 工賃実績（主な作業内容）,https://www.pref.hokkaido.lg.jp/hf/shf/ko-chin.html,19061b1c77d79370
北海道,その他物品,その他物品,就労支援事業所アーカス,,,未突合,unmatched,,,公表データ,北海道 工賃実績（主な作業内容）,https://www.pref.hokkaido.lg.jp/hf/shf/ko-chin.html,
北海道,その他物品,その他物品,就労支援事業所サラサ,,0110701851,突合済み,pref+city+name,就労支援事業所サラサ,札幌市西区,公表データ,北海道 工賃実績（主な作業内容）,https://www.pref.hokkaido.lg.jp/hf/shf/ko-chin.html,5fdb530d810ea812
北海道,その他物品,その他物品,就労支援事業所リブラぴあ～の,,,未突合,unmatched,,,公表データ,北海道 工賃実績（主な作業内容）,https://www.pref.hokkaido.lg.jp/hf/shf/ko-chin.html,
北海道,その他物品,その他物品,就労継続支援 れのあ ＧＡＬＡＸＹ,,0110205143,突合済み,pref+city+name,就労継続支援　れのあ　ＧＡＬＡＸＹ,札幌市北区,公表データ,北海道 工賃実績（主な作業内容）,https://www.pref.hokkaido.lg.jp/hf/shf/ko-chin.html,bd1fad8eeb18547b
北海道,その他物品,その他物品,就労継続支援A型 キャッチオオドオリ,,,未突合,unmatched,,,公表データ,北海道 工賃実績（主な作業内容）,https://www.pref.hokkaido.lg.jp/hf/shf/ko-chin.html,
北海道,その他物品,その他物品,就労継続支援A型 ミント,,0110105160,突合済み,pref+city+name,就労継続支援Ａ型　ミント,札幌市中央区,公表データ,北海道 工賃実績（主な作業内容）,https://www.pref.hokkaido.lg.jp/hf/shf/ko-chin.html,48a99dc552a5dfc5
北海道,その他物品,その他物品,就労継続支援A型事業所 CONNECT YOICHI,,0112500632,突合済み,pref+city+name,就労継続支援A型事業所　CONNECT　YOICHI,余市郡余市町,公表データ,北海道 工賃実績（主な作業内容）,https://www.pref.hokkaido.lg.jp/hf/shf/ko-chin.html,b20e0bb1f840accf
北海道,その他物品,その他物品,就労継続支援B型,,,未突合,unmatched,,,公表データ,北海道 工賃実績（主な作業内容）,https://www.pref.hokkaido.lg.jp/hf/shf/ko-chin.html,
北海道,その他物品,その他物品,就労継続支援B型 MUSK,,,未突合,unmatched,,,公表データ,北海道 工賃実績（主な作業内容）,https://www.pref.hokkaido.lg.jp/hf/shf/ko-chin.html,
北海道,その他物品,その他物品,就労継続支援B型 あとりえ,,0110302114,突合済み,pref+city+name,就労継続支援Ｂ型　あとりえ,札幌市東区,公表データ,北海道 工賃実績（主な作業内容）,https://www.pref.hokkaido.lg.jp/hf/shf/ko-chin.html,1566b70725d30f3b
北海道,その他物品,その他物品,就労継続支援B型 いぶき,,,未突合,unmatched,,,公表データ,北海道 工賃実績（主な作業内容）,https://www.pref.hokkaido.lg.jp/hf/shf/ko-chin.html,
北海道,その他物品,その他物品,就労継続支援B型 まんまる笑顔,,,未突合,unmatched,,,公表データ,北海道 工賃実績（主な作業内容）,https://www.pref.hokkaido.lg.jp/hf/shf/ko-chin.html,
北海道,その他物品,その他物品,就労継続支援B型 るみえる,,0111402533,突合済み,pref+city+name,就労継続支援Ｂ型　るみえる,函館市,公表データ,北海道 工賃実績（主な作業内容）,https://www.pref.hokkaido.lg.jp/hf/shf/ko-chin.html,053573941b042ded
北海道,その他物品,その他物品,就労継続支援B型 キャッチオオドオリ,,,未突合,unmatched,,,公表データ,北海道 工賃実績（主な作業内容）,https://www.pref.hokkaido.lg.jp/hf/shf/ko-chin.html,
北海道,その他物品,その他物品,就労継続支援B型 ククア,,,未突合,unmatched,,,公表データ,北海道 工賃実績（主な作業内容）,https://www.pref.hokkaido.lg.jp/hf/shf/ko-chin.html,
北海道,その他物品,その他物品,就労継続支援B型 来夢,,0113500409,突合済み,pref+city+name,就労継続支援Ｂ型　来夢,室蘭市,公表データ,北海道 工賃実績（主な作業内容）,https://www.pref.hokkaido.lg.jp/hf/shf/ko-chin.html,325f981d3c2c5196
北海道,その他物品,その他物品,就労継続支援B型ここしあ,,0110302502,突合済み,pref+city+name,就労継続支援B型　ここしあ,札幌市東区,公表データ,北海道 工賃実績（主な作業内容）,https://www.pref.hokkaido.lg.jp/hf/shf/ko-chin.html,088eed339a918b10
北海道,その他物品,その他物品,就労継続支援B型しろくま,,,未突合,ambiguous,,,公表データ,北海道 工賃実績（主な作業内容）,https://www.pref.hokkaido.lg.jp/hf/shf/ko-chin.html,
北海道,その他物品,その他物品,就労継続支援B型とかち共同作業所,,,未突合,unmatched,,,公表データ,北海道 工賃実績（主な作業内容）,https://www.pref.hokkaido.lg.jp/hf/shf/ko-chin.html,
北海道,その他物品,その他物品,就労継続支援B型はんど＆はんど,,,未突合,unmatched,,,公表データ,北海道 工賃実績（主な作業内容）,https://www.pref.hokkaido.lg.jp/hf/shf/ko-chin.html,
北海道,その他物品,その他物品,就労継続支援B型イナンクル,,,未突合,unmatched,,,公表データ,北海道 工賃実績（主な作業内容）,https://www.pref.hokkaido.lg.jp/hf/shf/ko-chin.html,
北海道,その他物品,その他物品,就労継続支援B型グラン・ベース,,0110302569,突合済み,pref+city+name,就労継続支援B型グラン・ベース,札幌市東区,公表データ,北海道 工賃実績（主な作業内容）,https://www.pref.hokkaido.lg.jp/hf/shf/ko-chin.html,5ac0c8bf1819e998
北海道,その他物品,その他物品,就労継続支援B型ソシアル,,0110506391,突合済み,pref+city+name,就労継続支援Ｂ型　ソシアル,札幌市豊平区,公表データ,北海道 工賃実績（主な作業内容）,https://www.pref.hokkaido.lg.jp/hf/shf/ko-chin.html,3f44f70a24f877e9
北海道,その他物品,その他物品,就労継続支援B型プラスタ,,0110103157,突合済み,pref+city+name,就労継続支援Ｂ型　プラスタ,札幌市中央区,公表データ,北海道 工賃実績（主な作業内容）,https://www.pref.hokkaido.lg.jp/hf/shf/ko-chin.html,0f1ef599eb0cd168
北海道,その他物品,その他物品,就労継続支援B型事業所 Latte,,0110701372,突合済み,pref+city+name,就労継続支援Ｂ型事業所Latte,札幌市西区,公表データ,北海道 工賃実績（主な作業内容）,https://www.pref.hokkaido.lg.jp/hf/shf/ko-chin.html,b88f9a5b6a1cc5c4
北海道,その他物品,その他物品,就労継続支援B型事業所 Oasis Create,,,未突合,unmatched,,,公表データ,北海道 工賃実績（主な作業内容）,https://www.pref.hokkaido.lg.jp/hf/shf/ko-chin.html,
北海道,その他物品,その他物品,就労継続支援B型事業所 POKKAPOKA,,0112907381,突合済み,pref+city+name,就労継続支援Ｂ型事業所　POKKAPOKA,旭川市,公表データ,北海道 工賃実績（主な作業内容）,https://www.pref.hokkaido.lg.jp/hf/shf/ko-chin.html,97e590787095e36b
北海道,その他物品,その他物品,就労継続支援B型事業所 PureBeans,,0110701232,突合済み,pref+city+name,就労継続支援Ｂ型事業所　Pure Beans,札幌市西区,公表データ,北海道 工賃実績（主な作業内容）,https://www.pref.hokkaido.lg.jp/hf/shf/ko-chin.html,bc1658f4ccbc0a51
北海道,その他物品,その他物品,就労継続支援B型事業所 きずな2,,0112906953,突合済み,pref+city+name,就労継続支援Ｂ型事業所　きずな2,旭川市,公表データ,北海道 工賃実績（主な作業内容）,https://www.pref.hokkaido.lg.jp/hf/shf/ko-chin.html,ebe16bb31b894d69
北海道,その他物品,その他物品,就労継続支援B型事業所 でじるみ釧路,,0114102528,突合済み,pref+city+name,就労継続支援B型事業所　でじるみ　釧路,釧路市,公表データ,北海道 工賃実績（主な作業内容）,https://www.pref.hokkaido.lg.jp/hf/shf/ko-chin.html,1500b41eabe48928
北海道,その他物品,その他物品,就労継続支援B型事業所 はぴふる,,,未突合,unmatched,,,公表データ,北海道 工賃実績（主な作業内容）,https://www.pref.hokkaido.lg.jp/hf/shf/ko-chin.html,
北海道,その他物品,その他物品,就労継続支援B型事業所 ひまわり,,0110800364,突合済み,pref+city+name,就労継続支援Ｂ型事業所　ひまわり,札幌市厚別区,公表データ,北海道 工賃実績（主な作業内容）,https://www.pref.hokkaido.lg.jp/hf/shf/ko-chin.html,5bd280b1a0d6e7ff
北海道,その他物品,その他物品,就労継続支援B型事業所 アリエッタ,,,未突合,unmatched,,,公表データ,北海道 工賃実績（主な作業内容）,https://www.pref.hokkaido.lg.jp/hf/shf/ko-chin.html,
北海道,その他物品,その他物品,就労継続支援B型事業所 バリアフリー,,,未突合,unmatched,,,公表データ,北海道 工賃実績（主な作業内容）,https://www.pref.hokkaido.lg.jp/hf/shf/ko-chin.html,
北海道,その他物品,その他物品,就労継続支援B型事業所 ヴォーグ真栄１条,,0110901071,突合済み,pref+city+name,就労継続支援Ｂ型事業所　ヴォーグ真栄１条,札幌市清田区,公表データ,北海道 工賃実績（主な作業内容）,https://www.pref.hokkaido.lg.jp/hf/shf/ko-chin.html,b08d0b073b2f1bae
北海道,その他物品,その他物品,就労継続支援B型事業所 楽‐RAKU‐豊平店,,,未突合,unmatched,,,公表データ,北海道 工賃実績（主な作業内容）,https://www.pref.hokkaido.lg.jp/hf/shf/ko-chin.html,
北海道,その他物品,その他物品,就労継続支援B型事業所 陽だまり,,,未突合,unmatched,,,公表データ,北海道 工賃実績（主な作業内容）,https://www.pref.hokkaido.lg.jp/hf/shf/ko-chin.html,
北海道,その他物品,その他物品,就労継続支援B型事業所 Ａ－ｕｐ,,,未突合,unmatched,,,公表データ,北海道 工賃実績（主な作業内容）,https://www.pref.hokkaido.lg.jp/hf/shf/ko-chin.html,
北海道,その他物品,その他物品,就労継続支援B型事業所F,,0112909494,突合済み,pref+city+name,就労継続支援B型事業所　F,旭川市,公表データ,北海道 工賃実績（主な作業内容）,https://www.pref.hokkaido.lg.jp/hf/shf/ko-chin.html,2b529622c0695607
北海道,その他物品,その他物品,就労継続支援B型事業所Mt.works,,0116100546,突合済み,pref+city+name,就労継続支援B型事業所　Mt.works,美唄市,公表データ,北海道 工賃実績（主な作業内容）,https://www.pref.hokkaido.lg.jp/hf/shf/ko-chin.html,3b97390b6fdb9865
北海道,その他物品,その他物品,就労継続支援B型事業所RIN＆RAN,,0110301454,突合済み,pref+city+name,就労継続支援Ｂ型事業所　ＲＩＮ　＆　ＲＡＮ,札幌市東区,公表データ,北海道 工賃実績（主な作業内容）,https://www.pref.hokkaido.lg.jp/hf/shf/ko-chin.html,d793ce8fffd25864
北海道,その他物品,その他物品,就労継続支援B型事業所Web屋FUJI,,0110403649,突合済み,pref+city+name,就労継続支援Ｂ型事業所　Ｗｅｂ屋ＦＵＪＩ,札幌市白石区,公表データ,北海道 工賃実績（主な作業内容）,https://www.pref.hokkaido.lg.jp/hf/shf/ko-chin.html,5930b12670f32f31
北海道,その他物品,その他物品,就労継続支援B型事業所あいてらす,,,未突合,unmatched,,,公表データ,北海道 工賃実績（主な作業内容）,https://www.pref.hokkaido.lg.jp/hf/shf/ko-chin.html,
北海道,その他物品,その他物品,就労継続支援B型事業所あんず,,,未突合,unmatched,,,公表データ,北海道 工賃実績（主な作業内容）,https://www.pref.hokkaido.lg.jp/hf/shf/ko-chin.html,
北海道,その他物品,その他物品,就労継続支援B型事業所いちから,,,未突合,unmatched,,,公表データ,北海道 工賃実績（主な作業内容）,https://www.pref.hokkaido.lg.jp/hf/shf/ko-chin.html,
北海道,その他物品,その他物品,就労継続支援B型事業所えーる,,0114601784,突合済み,pref+city+name,就労継続支援B型事業所　えーる,帯広市,公表データ,北海道 工賃実績（主な作業内容）,https://www.pref.hokkaido.lg.jp/hf/shf/ko-chin.html,3ff68aa3072fd58e
北海道,その他物品,その他物品,就労継続支援B型事業所さわやか,,,未突合,city_mismatch,,,公表データ,北海道 工賃実績（主な作業内容）,https://www.pref.hokkaido.lg.jp/hf/shf/ko-chin.html,
北海道,その他物品,その他物品,就労継続支援B型事業所さわやか釧路,,,未突合,unmatched,,,公表データ,北海道 工賃実績（主な作業内容）,https://www.pref.hokkaido.lg.jp/hf/shf/ko-chin.html,
北海道,その他物品,その他物品,就労継続支援B型事業所すたーりす,,0111001426,突合済み,pref+city+name,就労継続支援B型事業所　すたーりす,江別市,公表データ,北海道 工賃実績（主な作業内容）,https://www.pref.hokkaido.lg.jp/hf/shf/ko-chin.html,7165cc70582d9fe2
北海道,その他物品,その他物品,就労継続支援B型事業所ぴぃち,,0110104783,突合済み,pref+city+name,就労継続支援B型事業所　ぴぃち,札幌市中央区,公表データ,北海道 工賃実績（主な作業内容）,https://www.pref.hokkaido.lg.jp/hf/shf/ko-chin.html,3da1185dd719c9ac
北海道,その他物品,その他物品,就労継続支援B型事業所ぴぃちSmile,,0110302940,突合済み,pref+city+name,就労継続支援Ｂ型事業所　ぴぃち　Ｓｍｉｌｅ,札幌市東区,公表データ,北海道 工賃実績（主な作業内容）,https://www.pref.hokkaido.lg.jp/hf/shf/ko-chin.html,739475eec16c8232
北海道,その他物品,その他物品,就労継続支援B型事業所みらくるジャンプ,,0111001582,突合済み,pref+city+name,就労継続支援B型事業所　みらくるジャンプ,江別市,公表データ,北海道 工賃実績（主な作業内容）,https://www.pref.hokkaido.lg.jp/hf/shf/ko-chin.html,8c803aed0bcddf1e
北海道,その他物品,その他物品,就労継続支援B型事業所みんなのおうち CoCo-BuLa,,,未突合,unmatched,,,公表データ,北海道 工賃実績（主な作業内容）,https://www.pref.hokkaido.lg.jp/hf/shf/ko-chin.html,
北海道,その他物品,その他物品,就労継続支援B型事業所みんなのて,,0115001836,突合済み,pref+city+name,就労継続支援B型事業所みんなのて,北見市,公表データ,北海道 工賃実績（主な作業内容）,https://www.pref.hokkaido.lg.jp/hf/shf/ko-chin.html,f282c018a28de3c0
北海道,その他物品,その他物品,就労継続支援B型事業所よりそいJobspace一歩,,0110204096,突合済み,pref+city+name,就労継続支援Ｂ型事業所　よりそいＪｏｂＳｐａｃｅ一歩,札幌市北区,公表データ,北海道 工賃実績（主な作業内容）,https://www.pref.hokkaido.lg.jp/hf/shf/ko-chin.html,67a164695198e979
北海道,その他物品,その他物品,就労継続支援B型事業所わごころ,,0110505880,突合済み,pref+city+name,就労継続支援Ｂ型事業所　わごころ,札幌市豊平区,公表データ,北海道 工賃実績（主な作業内容）,https://www.pref.hokkaido.lg.jp/hf/shf/ko-chin.html,373c8f3ec2c183c2
北海道,その他物品,その他物品,就労継続支援B型事業所アクシエ,,0110104288,突合済み,pref+city+name,就労継続支援Ｂ型事業所　アクシエ,札幌市中央区,公表データ,北海道 工賃実績（主な作業内容）,https://www.pref.hokkaido.lg.jp/hf/shf/ko-chin.html,9cfdb3ebdf2139cd
北海道,その他物品,その他物品,就労継続支援B型事業所アルななえはま,,0111501664,突合済み,pref+city+name,就労継続支援B型事業所　アルななえはま,北斗市,公表データ,北海道 工賃実績（主な作業内容）,https://www.pref.hokkaido.lg.jp/hf/shf/ko-chin.html,1bded50201bfb06c
北海道,その他物品,その他物品,就労継続支援B型事業所アルカディア,,0110204732,突合済み,pref+city+name,就労継続支援Ｂ型事業所　アルカディア,札幌市北区,公表データ,北海道 工賃実績（主な作業内容）,https://www.pref.hokkaido.lg.jp/hf/shf/ko-chin.html,1f8ac2d073ae0722
北海道,その他物品,その他物品,就労継続支援B型事業所イコロン村,,,未突合,unmatched,,,公表データ,北海道 工賃実績（主な作業内容）,https://www.pref.hokkaido.lg.jp/hf/shf/ko-chin.html,
北海道,その他物品,その他物品,就労継続支援B型事業所ウェルウェイ,,0110103165,突合済み,pref+city+name,就労継続支援Ｂ型事業所ウェルウェイ,札幌市中央区,公表データ,北海道 工賃実績（主な作業内容）,https://www.pref.hokkaido.lg.jp/hf/shf/ko-chin.html,b5b6a884a7e55195
北海道,その他物品,その他物品,就労継続支援B型事業所オリーブの樹,,0112907886,突合済み,pref+city+name,就労継続支援Ｂ型事業所　オリーブの樹,旭川市,公表データ,北海道 工賃実績（主な作業内容）,https://www.pref.hokkaido.lg.jp/hf/shf/ko-chin.html,5b04a60deaab46f1
北海道,その他物品,その他物品,就労継続支援B型事業所カムカム,,0110302924,突合済み,pref+city+name,就労継続支援B型事業所　カムカム,札幌市東区,公表データ,北海道 工賃実績（主な作業内容）,https://www.pref.hokkaido.lg.jp/hf/shf/ko-chin.html,b6bd7aa2929bcafd
北海道,その他物品,その他物品,就労継続支援B型事業所カムカム,,,未突合,city_mismatch,,,公表データ,北海道 工賃実績（主な作業内容）,https://www.pref.hokkaido.lg.jp/hf/shf/ko-chin.html,
北海道,その他物品,その他物品,就労継続支援B型事業所サンク,,,未突合,unmatched,,,公表データ,北海道 工賃実績（主な作業内容）,https://www.pref.hokkaido.lg.jp/hf/shf/ko-chin.html,
北海道,その他物品,その他物品,就労継続支援B型事業所スカイピア,,0115100331,突合済み,pref+city+name,就労継続支援Ｂ型事業所スカイピア,紋別市,公表データ,北海道 工賃実績（主な作業内容）,https://www.pref.hokkaido.lg.jp/hf/shf/ko-chin.html,a1a88a198af6925f
北海道,その他物品,その他物品,就労継続支援B型事業所ソラ,,0110203684,突合済み,pref+city+name,就労継続支援B型事業所ソラ,札幌市北区,公表データ,北海道 工賃実績（主な作業内容）,https://www.pref.hokkaido.lg.jp/hf/shf/ko-chin.html,61382571c5f740ea
北海道,その他物品,その他物品,就労継続支援B型事業所ビーウェル,,0110102993,突合済み,pref+city+name,就労継続支援Ｂ型事業所ビーウェル,札幌市中央区,公表データ,北海道 工賃実績（主な作業内容）,https://www.pref.hokkaido.lg.jp/hf/shf/ko-chin.html,8fd4a56e0be97ab0
北海道,その他物品,その他物品,就労継続支援B型事業所フォーリーフ,,0110404803,突合済み,pref+city+name,就労継続支援Ｂ型事業所　フォーリーフ,札幌市白石区,公表データ,北海道 工賃実績（主な作業内容）,https://www.pref.hokkaido.lg.jp/hf/shf/ko-chin.html,0632a1346104e934
北海道,その他物品,その他物品,就労継続支援B型事業所ホワイトファルコン,,0110800638,突合済み,pref+city+name,就労継続支援Ｂ型事業所　ホワイトファルコン,札幌市厚別区,公表データ,北海道 工賃実績（主な作業内容）,https://www.pref.hokkaido.lg.jp/hf/shf/ko-chin.html,4a2af90a0b497405
北海道,その他物品,その他物品,就労継続支援B型事業所ランプ,,0110404720,突合済み,pref+city+name,就労継続支援B型事業所　ランプ,札幌市白石区,公表データ,北海道 工賃実績（主な作業内容）,https://www.pref.hokkaido.lg.jp/hf/shf/ko-chin.html,6fe28d0dda1ba8ff
北海道,その他物品,その他物品,就労継続支援B型事業所型事業所 あるま縁屋,,,未突合,unmatched,,,公表データ,北海道 工賃実績（主な作業内容）,https://www.pref.hokkaido.lg.jp/hf/shf/ko-chin.html,
北海道,その他物品,その他物品,就労継続支援B型事業所型事業所 さるがわ,,,未突合,unmatched,,,公表データ,北海道 工賃実績（主な作業内容）,https://www.pref.hokkaido.lg.jp/hf/shf/ko-chin.html,
北海道,その他物品,その他物品,就労継続支援B型事業所型事業所 ワークセンターふれん,,,未突合,unmatched,,,公表データ,北海道 工賃実績（主な作業内容）,https://www.pref.hokkaido.lg.jp/hf/shf/ko-chin.html,
北海道,その他物品,その他物品,就労継続支援センターきらら,,0112906128,突合済み,pref+city+name,就労継続支援センター　きらら,旭川市,公表データ,北海道 工賃実績（主な作業内容）,https://www.pref.hokkaido.lg.jp/hf/shf/ko-chin.html,7f85588736a652d1
北海道,その他物品,その他物品,就労継続支援事業所 ばる～ん,,,未突合,unmatched,,,公表データ,北海道 工賃実績（主な作業内容）,https://www.pref.hokkaido.lg.jp/hf/shf/ko-chin.html,
北海道,その他物品,その他物品,就労継続支援事業所 りんご広場,,0111001384,突合済み,pref+city+name,就労継続支援事業所　りんご広場,江別市,公表データ,北海道 工賃実績（主な作業内容）,https://www.pref.hokkaido.lg.jp/hf/shf/ko-chin.html,618a4fab017b42e2
北海道,その他物品,その他物品,就労継続支援事業所あすか,,0111000113,突合済み,pref+city+name,就労継続支援事業所あすか,江別市,公表データ,北海道 工賃実績（主な作業内容）,https://www.pref.hokkaido.lg.jp/hf/shf/ko-chin.html,235a4e4ae2693125
北海道,その他物品,その他物品,就労継続支援事業所エコ・ファクトリー,,0111100236,突合済み,pref+city+name,就労継続支援事業所　エコ・ファクトリー,千歳市,公表データ,北海道 工賃実績（主な作業内容）,https://www.pref.hokkaido.lg.jp/hf/shf/ko-chin.html,7ce84ac09634b0a7
北海道,その他物品,その他物品,就労継続支援事業所双葉,,0110205226,突合済み,pref+city+name,就労継続支援事業所双葉,札幌市北区,公表データ,北海道 工賃実績（主な作業内容）,https://www.pref.hokkaido.lg.jp/hf/shf/ko-chin.html,1035f621019e0dd2
北海道,その他物品,その他物品,就労継続支援施設AMAUi,,,未突合,unmatched,,,公表データ,北海道 工賃実績（主な作業内容）,https://www.pref.hokkaido.lg.jp/hf/shf/ko-chin.html,
北海道,その他物品,その他物品,就労継続支援Ａ型事業所かしわ,,0114701923,突合済み,pref+city+name,就労継続支援Ａ型事業所　かしわ,河西郡中札内村,公表データ,北海道 工賃実績（主な作業内容）,https://www.pref.hokkaido.lg.jp/hf/shf/ko-chin.html,0535ed8d9f0dd407
北海道,その他物品,その他物品,就労継続支援Ｂ型事業所,,,未突合,unmatched,,,公表データ,北海道 工賃実績（主な作業内容）,https://www.pref.hokkaido.lg.jp/hf/shf/ko-chin.html,
北海道,その他物品,その他物品,就労継続支援Ｂ型事業所 大地,,,未突合,unmatched,,,公表データ,北海道 工賃実績（主な作業内容）,https://www.pref.hokkaido.lg.jp/hf/shf/ko-chin.html,
北海道,その他物品,その他物品,就労継続支援Ｂ型事業所 御影農志塾,,0114701600,突合済み,pref+city+name,就労継続支援Ｂ型事業所　御影農志塾,上川郡清水町,公表データ,北海道 工賃実績（主な作業内容）,https://www.pref.hokkaido.lg.jp/hf/shf/ko-chin.html,fd467eae8a4d6f7a
北海道,その他物品,その他物品,就労継続支援Ｂ型事業所あんど,,0114602303,突合済み,pref+city+name,就労継続支援B型事業所　あんど,帯広市,公表データ,北海道 工賃実績（主な作業内容）,https://www.pref.hokkaido.lg.jp/hf/shf/ko-chin.html,6e6aa8b14fff28be
北海道,その他物品,その他物品,就労継続支援Ｂ型事業所さわやか,,0115400293,突合済み,pref+city+name,就労継続支援Ｂ型事業所　さわやか,紋別郡遠軽町,公表データ,北海道 工賃実績（主な作業内容）,https://www.pref.hokkaido.lg.jp/hf/shf/ko-chin.html,d7b06d3ef944f699
北海道,その他物品,その他物品,就労継続支援Ｂ型事業所たいよう,,,未突合,unmatched,,,公表データ,北海道 工賃実績（主な作業内容）,https://www.pref.hokkaido.lg.jp/hf/shf/ko-chin.html,
北海道,その他物品,その他物品,就労継続支援Ｂ型事業所エスポワール北見,,0115001497,突合済み,pref+city+name,就労継続支援B型事業所　エスポワール北見,北見市,公表データ,北海道 工賃実績（主な作業内容）,https://www.pref.hokkaido.lg.jp/hf/shf/ko-chin.html,dbdd89a4e5b21714
北海道,その他物品,その他物品,就労継続支援Ｂ型事業所クローバーズ,,,未突合,unmatched,,,公表データ,北海道 工賃実績（主な作業内容）,https://www.pref.hokkaido.lg.jp/hf/shf/ko-chin.html,
北海道,その他物品,その他物品,就労継続支援Ｂ型事業所ハーベスト,,0110900669,突合済み,pref+city+name,就労継続支援Ｂ型事業所　ハーベスト,札幌市手稲区,公表データ,北海道 工賃実績（主な作業内容）,https://www.pref.hokkaido.lg.jp/hf/shf/ko-chin.html,b8dc84f6f0aae732
北海道,その他物品,その他物品,就労継続支援Ｂ型事業所リラクス,,0110103918,突合済み,pref+city+name,就労継続支援Ｂ型事業所　リラクス,札幌市中央区,公表データ,北海道 工賃実績（主な作業内容）,https://www.pref.hokkaido.lg.jp/hf/shf/ko-chin.html,a9de72e5f3b8ed72
北海道,その他物品,その他物品,就労継続支援Ｂ型事業所ワークス匠微,,0110104338,突合済み,pref+city+name,就労継続支援Ｂ型事業所ワークス匠微,札幌市中央区,公表データ,北海道 工賃実績（主な作業内容）,https://www.pref.hokkaido.lg.jp/hf/shf/ko-chin.html,4b46a6f7493f829f
北海道,その他物品,その他物品,就労継続支援Ｂ型事業所ヴォーグ,,0110900776,突合済み,pref+city+name,就労継続支援Ｂ型事業所　ヴォーグ,札幌市清田区,公表データ,北海道 工賃実績（主な作業内容）,https://www.pref.hokkaido.lg.jp/hf/shf/ko-chin.html,772991c42bb21e87
北海道,その他物品,その他物品,工房mole,,0110203049,突合済み,pref+city+name,工房　ｍｏｌｅ,札幌市北区,公表データ,北海道 工賃実績（主な作業内容）,https://www.pref.hokkaido.lg.jp/hf/shf/ko-chin.html,bc87dce565fcaa1e
北海道,その他物品,その他物品,工房かのん,,0114100993,突合済み,pref+city+name,工房　かのん,釧路市,公表データ,北海道 工賃実績（主な作業内容）,https://www.pref.hokkaido.lg.jp/hf/shf/ko-chin.html,07fe0ba69af49d0b
北海道,その他物品,その他物品,工房こぶし・いこい,,0115700445,突合済み,pref+city+name,工房こぶし・いこい,岩見沢市,公表データ,北海道 工賃実績（主な作業内容）,https://www.pref.hokkaido.lg.jp/hf/shf/ko-chin.html,1955de4bca2b518a
北海道,その他物品,その他物品,工房とみさと,,0115000762,突合済み,pref+city+name,工房とみさと,北見市,公表データ,北海道 工賃実績（主な作業内容）,https://www.pref.hokkaido.lg.jp/hf/shf/ko-chin.html,93cb42e9041854d6
北海道,その他物品,その他物品,工房るうぷ,,0114300346,突合済み,pref+city+name,工房るうぷ,厚岸郡厚岸町,公表データ,北海道 工賃実績（主な作業内容）,https://www.pref.hokkaido.lg.jp/hf/shf/ko-chin.html,30ca9932a8c5f74d
北海道,その他物品,その他物品,工房・虹と夢,,0111400727,突合済み,pref+city+name,工房・虹と夢,函館市,公表データ,北海道 工賃実績（主な作業内容）,https://www.pref.hokkaido.lg.jp/hf/shf/ko-chin.html,5cf76215d5c827f2
北海道,その他物品,その他物品,工房赤平虹の架け橋,,,未突合,unmatched,,,公表データ,北海道 工賃実績（主な作業内容）,https://www.pref.hokkaido.lg.jp/hf/shf/ko-chin.html,
北海道,その他物品,その他物品,幌西ほうおん,,0110103025,突合済み,pref+city+name,幌西ほうおん,札幌市中央区,公表データ,北海道 工賃実績（主な作業内容）,https://www.pref.hokkaido.lg.jp/hf/shf/ko-chin.html,792e0ef572c5204c
北海道,その他物品,その他物品,新ひだか町コミュニティハウスしずない,,,未突合,unmatched,,,公表データ,北海道 工賃実績（主な作業内容）,https://www.pref.hokkaido.lg.jp/hf/shf/ko-chin.html,
北海道,その他物品,その他物品,株式会社HSS B型事業所,,0112908066,突合済み,pref+city+name,株式会社HSS　B型事業所,旭川市,公表データ,北海道 工賃実績（主な作業内容）,https://www.pref.hokkaido.lg.jp/hf/shf/ko-chin.html,051dda4f717c959a
北海道,その他物品,その他物品,永光,,0113600308,突合済み,pref+city+name,永光,苫小牧市,公表データ,北海道 工賃実績（主な作業内容）,https://www.pref.hokkaido.lg.jp/hf/shf/ko-chin.html,542cc6677722a5ab
北海道,その他物品,その他物品,湧くわく園新川事業所,,,未突合,unmatched,,,公表データ,北海道 工賃実績（主な作業内容）,https://www.pref.hokkaido.lg.jp/hf/shf/ko-chin.html,
北海道,その他物品,その他物品,満天の丘輝星,,0113100754,突合済み,pref+city+name,満天の丘　輝星,上川郡美瑛町,公表データ,北海道 工賃実績（主な作業内容）,https://www.pref.hokkaido.lg.jp/hf/shf/ko-chin.html,4b620a75485772bc
北海道,その他物品,その他物品,特定非営利活動法人 せたな共同作業所 ふれんど,,0111700233,突合済み,pref+city+name,特定非営利活動法人　せたな共同作業所ふれんど,久遠郡せたな町,公表データ,北海道 工賃実績（主な作業内容）,https://www.pref.hokkaido.lg.jp/hf/shf/ko-chin.html,eb4740615ff4db1b
北海道,その他物品,その他物品,特定非営利活動法人 馬木葉クラブ,,0114300114,突合済み,pref+city+name,特定非営利活動法人　馬木葉クラブ,釧路郡釧路町,公表データ,北海道 工賃実績（主な作業内容）,https://www.pref.hokkaido.lg.jp/hf/shf/ko-chin.html,26750d905cb9dfd0
北海道,その他物品,その他物品,犬＋就労継続支援B型事業所 WAN‘ｓ ＣＯＭ,,,未突合,unmatched,,,公表データ,北海道 工賃実績（主な作業内容）,https://www.pref.hokkaido.lg.jp/hf/shf/ko-chin.html,
北海道,その他物品,その他物品,生活支援センターきずな,,0114300478,突合済み,pref+city+name,生活支援センターきずな,釧路郡釧路町,公表データ,北海道 工賃実績（主な作業内容）,https://www.pref.hokkaido.lg.jp/hf/shf/ko-chin.html,3ae24cc271c32474
北海道,その他物品,その他物品,留萌ふれあいの家,,,未突合,unmatched,,,公表データ,北海道 工賃実績（主な作業内容）,https://www.pref.hokkaido.lg.jp/hf/shf/ko-chin.html,
北海道,その他物品,その他物品,白石かがやき園,,,未突合,unmatched,,,公表データ,北海道 工賃実績（主な作業内容）,https://www.pref.hokkaido.lg.jp/hf/shf/ko-chin.html,
北海道,その他物品,その他物品,福の木,,,未突合,unmatched,,,公表データ,北海道 工賃実績（主な作業内容）,https://www.pref.hokkaido.lg.jp/hf/shf/ko-chin.html,
北海道,その他物品,その他物品,福祉工房ゆめゆめ,,0110103975,突合済み,pref+city+name,福祉工房　ゆめゆめ,札幌市中央区,公表データ,北海道 工賃実績（主な作業内容）,https://www.pref.hokkaido.lg.jp/hf/shf/ko-chin.html,4417f385085f6b08
北海道,その他物品,その他物品,第2よろこびの家,,0110502507,突合済み,pref+city+name,第２よろこびの家,札幌市豊平区,公表データ,北海道 工賃実績（主な作業内容）,https://www.pref.hokkaido.lg.jp/hf/shf/ko-chin.html,10eb42e40cf8a4a1
北海道,その他物品,その他物品,第一木馬館,,,未突合,unmatched,,,公表データ,北海道 工賃実績（主な作業内容）,https://www.pref.hokkaido.lg.jp/hf/shf/ko-chin.html,
北海道,その他物品,その他物品,第２ふみだす,,,未突合,city_mismatch,,,公表データ,北海道 工賃実績（主な作業内容）,https://www.pref.hokkaido.lg.jp/hf/shf/ko-chin.html,
北海道,その他物品,その他物品,綜合リサイクルパーク,,0113601827,突合済み,pref+city+name,綜合リサイクルパーク,苫小牧市,公表データ,北海道 工賃実績（主な作業内容）,https://www.pref.hokkaido.lg.jp/hf/shf/ko-chin.html,cac886bdf3b00a96
北海道,その他物品,その他物品,羊蹄セルプ,,0112200118,突合済み,pref+city+name,羊蹄セルプ,虻田郡倶知安町,公表データ,北海道 工賃実績（主な作業内容）,https://www.pref.hokkaido.lg.jp/hf/shf/ko-chin.html,b15af85fac7a3da2
北海道,その他物品,その他物品,聴覚障害者支援センターほほえみ作業所,,0110503554,突合済み,pref+city+name,聴覚障害者支援センターほほえみ作業所,札幌市白石区,公表データ,北海道 工賃実績（主な作業内容）,https://www.pref.hokkaido.lg.jp/hf/shf/ko-chin.html,0b415e9b4d56f5a3
北海道,その他物品,その他物品,自立支援センターほのぼの,,0114200264,突合済み,pref+city+name,自立支援センター　ほのぼの,根室市,公表データ,北海道 工賃実績（主な作業内容）,https://www.pref.hokkaido.lg.jp/hf/shf/ko-chin.html,8ea28558b9cad571
北海道,その他物品,その他物品,花笑みる,,0112909536,突合済み,pref+city+name,花笑みる,旭川市,公表データ,北海道 工賃実績（主な作業内容）,https://www.pref.hokkaido.lg.jp/hf/shf/ko-chin.html,ed83dd15777c2d51
北海道,その他物品,その他物品,菊水ワークセンター,,0110403136,突合済み,pref+city+name,菊水ワークセンター,札幌市白石区,公表データ,北海道 工賃実績（主な作業内容）,https://www.pref.hokkaido.lg.jp/hf/shf/ko-chin.html,cf4b5603cabe6659
北海道,その他物品,その他物品,言の葉みどり 新発寒,,0110900636,突合済み,pref+city+name,言の葉みどり　新発寒,札幌市手稲区,公表データ,北海道 工賃実績（主な作業内容）,https://www.pref.hokkaido.lg.jp/hf/shf/ko-chin.html,9d1f24da39c5f9f3
北海道,その他物品,その他物品,錦町ワークサポート陽だまりの郷,,0111000535,突合済み,pref+city+name,錦町ワークサポート陽だまりの郷,江別市,公表データ,北海道 工賃実績（主な作業内容）,https://www.pref.hokkaido.lg.jp/hf/shf/ko-chin.html,cc9f3828aff388db
北海道,その他物品,その他物品,障がい福祉サービス事業所 ちあファクトリー,,0114601412,突合済み,pref+city+name,障がい福祉サービス事業所　ちあファクトリー,帯広市,公表データ,北海道 工賃実績（主な作業内容）,https://www.pref.hokkaido.lg.jp/hf/shf/ko-chin.html,5317c985d88d0903
北海道,その他物品,その他物品,障がい福祉サービス事業所 北愛館,,,未突合,unmatched,,,公表データ,北海道 工賃実績（主な作業内容）,https://www.pref.hokkaido.lg.jp/hf/shf/ko-chin.html,
北海道,その他物品,その他物品,障がい福祉サービス事業所 音彩,,,未突合,ambiguous,,,公表データ,北海道 工賃実績（主な作業内容）,https://www.pref.hokkaido.lg.jp/hf/shf/ko-chin.html,
北海道,その他物品,その他物品,障がい者就労サポートセンターねすと,,,未突合,ambiguous,,,公表データ,北海道 工賃実績（主な作業内容）,https://www.pref.hokkaido.lg.jp/hf/shf/ko-chin.html,
北海道,その他物品,その他物品,障がい者就労サポートセンターよつば,,,未突合,ambiguous,,,公表データ,北海道 工賃実績（主な作業内容）,https://www.pref.hokkaido.lg.jp/hf/shf/ko-chin.html,
北海道,その他物品,その他物品,障がい者就労サポートセンターりすた,,,未突合,ambiguous,,,公表データ,北海道 工賃実績（主な作業内容）,https://www.pref.hokkaido.lg.jp/hf/shf/ko-chin.html,
北海道,その他物品,その他物品,障がい者就労サポートセンターフォリエ,,,未突合,ambiguous,,,公表データ,北海道 工賃実績（主な作業内容）,https://www.pref.hokkaido.lg.jp/hf/shf/ko-chin.html,
北海道,その他物品,その他物品,障がい者就労サポートセンターラスティ,,,未突合,ambiguous,,,公表データ,北海道 工賃実績（主な作業内容）,https://www.pref.hokkaido.lg.jp/hf/shf/ko-chin.html,
北海道,その他物品,その他物品,障がい者就労継続支援B型事業所 楽ーRAKU－,,,未突合,unmatched,,,公表データ,北海道 工賃実績（主な作業内容）,https://www.pref.hokkaido.lg.jp/hf/shf/ko-chin.html,
北海道,その他物品,その他物品,障がい者就労継続支援事業所 ゆいまーる,,0112908835,突合済み,pref+city+name,障がい者就労継続支援事業所ゆいまーる,旭川市,公表データ,北海道 工賃実績（主な作業内容）,https://www.pref.hokkaido.lg.jp/hf/shf/ko-chin.html,0b855d788ad6404a
北海道,その他物品,その他物品,障がい者自立支援事業所エスポワール,,0113500813,突合済み,pref+city+name,障がい者自立支援事業所　エスポワール,室蘭市,公表データ,北海道 工賃実績（主な作業内容）,https://www.pref.hokkaido.lg.jp/hf/shf/ko-chin.html,b8aa4d6ab4e99a16
北海道,その他物品,その他物品,障害者多機能型施設 カルミア神居,,0112900055,突合済み,pref+city+name,障害者多機能型施設 カルミア神居,旭川市,公表データ,北海道 工賃実績（主な作業内容）,https://www.pref.hokkaido.lg.jp/hf/shf/ko-chin.html,ccbe4c0b9cf2f651
北海道,その他物品,その他物品,障害者支援施設パシオ,,,未突合,unmatched,,,公表データ,北海道 工賃実績（主な作業内容）,https://www.pref.hokkaido.lg.jp/hf/shf/ko-chin.html,
北海道,その他物品,その他物品,青空,,0113800429,突合済み,pref+city+name,青空,浦河郡浦河町,公表データ,北海道 工賃実績（主な作業内容）,https://www.pref.hokkaido.lg.jp/hf/shf/ko-chin.html,fd9072cd522c3368
北海道,その他物品,その他物品,音色,,0110901329,突合済み,pref+city+name,音色,札幌市手稲区,公表データ,北海道 工賃実績（主な作業内容）,https://www.pref.hokkaido.lg.jp/hf/shf/ko-chin.html,9d5e840987fb4cc8
北海道,その他物品,その他物品,ＣＯＬＯＲ ＰＩＥＣＥ,,0112906516,突合済み,pref+city+name,ＣＯＬＯＲ　ＰＩＥＣＥ,旭川市,公表データ,北海道 工賃実績（主な作業内容）,https://www.pref.hokkaido.lg.jp/hf/shf/ko-chin.html,fbead8511005c5b6
北海道,その他物品,その他物品,ＨＡＧ ｅｍｉ,,0114101082,突合済み,pref+city+name,HAG emi,釧路市,公表データ,北海道 工賃実績（主な作業内容）,https://www.pref.hokkaido.lg.jp/hf/shf/ko-chin.html,3e70ff52af929071
北海道,その他物品,その他物品,Ｍ＆H北海道,,0110800760,突合済み,pref+city+name,Ｍ＆Ｈ北海道,札幌市厚別区,公表データ,北海道 工賃実績（主な作業内容）,https://www.pref.hokkaido.lg.jp/hf/shf/ko-chin.html,1850079b7ba0496c
北海道,その他物品,その他物品,ｃａｆｅゆるり,,,未突合,unmatched,,,公表データ,北海道 工賃実績（主な作業内容）,https://www.pref.hokkaido.lg.jp/hf/shf/ko-chin.html,
北海道,その他物品,その他物品,ｆｒｅｅｓｉａ,,0113000632,突合済み,pref+city+name,ｆｒｅｅｓｉａ,富良野市,公表データ,北海道 工賃実績（主な作業内容）,https://www.pref.hokkaido.lg.jp/hf/shf/ko-chin.html,864cd360f5806328
北海道,クリーニング,クリーニング,TARUO CAFE,,0111100715,突合済み,pref+city+name,TARUOCAFE,千歳市,公表データ,北海道 工賃実績（主な作業内容）,https://www.pref.hokkaido.lg.jp/hf/shf/ko-chin.html,dcc7a8bfa2742bf4
北海道,クリーニング,クリーニング,いずみワークセンター,,0111100012,突合済み,pref+city+name,いずみワークセンター,千歳市,公表データ,北海道 工賃実績（主な作業内容）,https://www.pref.hokkaido.lg.jp/hf/shf/ko-chin.html,f3da4a32c1c4428c
北海道,クリーニング,クリーニング,きょうどう,,0112500152,突合済み,pref+city+name,きょうどう,古平郡古平町,公表データ,北海道 工賃実績（主な作業内容）,https://www.pref.hokkaido.lg.jp/hf/shf/ko-chin.html,c529667e776c24b3
北海道,クリーニング,クリーニング,しりべしワークセンターセオス,,0112100185,突合済み,pref+city+name,しりべしワークセンター　セオス,寿都郡黒松内町,公表データ,北海道 工賃実績（主な作業内容）,https://www.pref.hokkaido.lg.jp/hf/shf/ko-chin.html,82786c485c8a0453
北海道,クリーニング,クリーニング,たいよう園,,0115001752,突合済み,pref+city+name,たいよう園,北見市,公表データ,北海道 工賃実績（主な作業内容）,https://www.pref.hokkaido.lg.jp/hf/shf/ko-chin.html,f3518abfdb626d13
北海道,クリーニング,クリーニング,ともに,,0110400025,突合済み,pref+city+name,ともに,札幌市西区,公表データ,北海道 工賃実績（主な作業内容）,https://www.pref.hokkaido.lg.jp/hf/shf/ko-chin.html,a06ce261449ec2cc
北海道,クリーニング,クリーニング,ねむのき神居,,0112901087,突合済み,pref+city+name,ねむのき神居,旭川市,公表データ,北海道 工賃実績（主な作業内容）,https://www.pref.hokkaido.lg.jp/hf/shf/ko-chin.html,40ae547b8cce3222
北海道,クリーニング,クリーニング,のぞみ,,0113200521,突合済み,pref+city+name,のぞみ,中川郡美深町,公表データ,北海道 工賃実績（主な作業内容）,https://www.pref.hokkaido.lg.jp/hf/shf/ko-chin.html,1d52b16b8b0321c5
北海道,クリーニング,クリーニング,はあと,,0111500807,突合済み,pref+city+name,はあと,北斗市,公表データ,北海道 工賃実績（主な作業内容）,https://www.pref.hokkaido.lg.jp/hf/shf/ko-chin.html,dfb093337673015c
北海道,クリーニング,クリーニング,ぴあ月寒,,0110506433,突合済み,pref+city+name,ぴあ月寒,札幌市豊平区,公表データ,北海道 工賃実績（主な作業内容）,https://www.pref.hokkaido.lg.jp/hf/shf/ko-chin.html,49980f75a9e984a4
北海道,クリーニング,クリーニング,ほんべつつつじの園,,0114701162,突合済み,pref+city+name,ほんべつつつじの園,中川郡本別町,公表データ,北海道 工賃実績（主な作業内容）,https://www.pref.hokkaido.lg.jp/hf/shf/ko-chin.html,55e4f81f25afa448
北海道,クリーニング,クリーニング,みのりの苑,,0111000436,突合済み,pref+city+name,みのりの苑,石狩郡新篠津村,公表データ,北海道 工賃実績（主な作業内容）,https://www.pref.hokkaido.lg.jp/hf/shf/ko-chin.html,69bc6c850feea587
北海道,クリーニング,クリーニング,わくわくワーク函館,,0111402327,突合済み,pref+city+name,わくわくワーク函館,函館市,公表データ,北海道 工賃実績（主な作業内容）,https://www.pref.hokkaido.lg.jp/hf/shf/ko-chin.html,4560c00d87de5813
北海道,クリーニング,クリーニング,ウエルサポート和光,,0112000013,突合済み,pref+city+name,ウエルサポート和光,小樽市,公表データ,北海道 工賃実績（主な作業内容）,https://www.pref.hokkaido.lg.jp/hf/shf/ko-chin.html,e1bbf6e5340a2ef5
北海道,クリーニング,クリーニング,エリオスSAPPORO,,0110102621,突合済み,pref+city+name,エリオス　ＳＡＰＰＯＲＯ,札幌市中央区,公表データ,北海道 工賃実績（主な作業内容）,https://www.pref.hokkaido.lg.jp/hf/shf/ko-chin.html,5cdc255ff5780eed
北海道,クリーニング,クリーニング,クリン,,0111402517,突合済み,pref+city+name,クリン,函館市,公表データ,北海道 工賃実績（主な作業内容）,https://www.pref.hokkaido.lg.jp/hf/shf/ko-chin.html,33de6e81f20e230a
北海道,クリーニング,クリーニング,クリーンライフ陽風堂,,0115800609,突合済み,pref+city+name,クリーンライフ陽風堂,夕張郡長沼町,公表データ,北海道 工賃実績（主な作業内容）,https://www.pref.hokkaido.lg.jp/hf/shf/ko-chin.html,977bcb8fbd6cb742
北海道,クリーニング,クリーニング,ケンセイシャレバレッジ,,0113100333,突合済み,pref+name,ケンセイシャレバレッジ,上川郡東神楽町,公表データ,北海道 工賃実績（主な作業内容）,https://www.pref.hokkaido.lg.jp/hf/shf/ko-chin.html,2e7eb94bb513c227
北海道,クリーニング,クリーニング,ジャッジ手稲,,0110901782,突合済み,pref+city+name,ジャッジ手稲,札幌市手稲区,公表データ,北海道 工賃実績（主な作業内容）,https://www.pref.hokkaido.lg.jp/hf/shf/ko-chin.html,7a8d2d8484a33f2a
北海道,クリーニング,クリーニング,ジョブアカデミー名寄,,0113201040,突合済み,pref+city+name,ジョブアカデミー名寄,名寄市,公表データ,北海道 工賃実績（主な作業内容）,https://www.pref.hokkaido.lg.jp/hf/shf/ko-chin.html,3ebe8e8ae8f92d6b
北海道,クリーニング,クリーニング,ジョブタス北野事業所,,,未突合,ambiguous,,,公表データ,北海道 工賃実績（主な作業内容）,https://www.pref.hokkaido.lg.jp/hf/shf/ko-chin.html,
北海道,クリーニング,クリーニング,ジョブタス菊水事業所,,0110403078,突合済み,pref+city+name,ジョブタス菊水事業所,札幌市白石区,公表データ,北海道 工賃実績（主な作業内容）,https://www.pref.hokkaido.lg.jp/hf/shf/ko-chin.html,3c68e4fa91882947
北海道,クリーニング,クリーニング,ジョブハウス勇気,,0111401766,突合済み,pref+city+name,ジョブハウス勇気,函館市,公表データ,北海道 工賃実績（主な作業内容）,https://www.pref.hokkaido.lg.jp/hf/shf/ko-chin.html,7f74df3805c54a78
北海道,クリーニング,クリーニング,ジョブハウス心愛,,0110301801,突合済み,pref+city+name,ジョブハウス　心愛,札幌市東区,公表データ,北海道 工賃実績（主な作業内容）,https://www.pref.hokkaido.lg.jp/hf/shf/ko-chin.html,1238886b3d26ddb9
北海道,クリーニング,クリーニング,セルプさっぽろ,,0110500865,突合済み,pref+city+name,セルプさっぽろ,札幌市豊平区,公表データ,北海道 工賃実績（主な作業内容）,https://www.pref.hokkaido.lg.jp/hf/shf/ko-chin.html,7e0e7d88d4a925d9
北海道,クリーニング,クリーニング,チアアップ,,0110404373,突合済み,pref+city+name,チアアップ,札幌市白石区,公表データ,北海道 工賃実績（主な作業内容）,https://www.pref.hokkaido.lg.jp/hf/shf/ko-chin.html,96a7f021f6286b16
北海道,クリーニング,クリーニング,テラグラッサ北海道江別,,,未突合,unmatched,,,公表データ,北海道 工賃実績（主な作業内容）,https://www.pref.hokkaido.lg.jp/hf/shf/ko-chin.html,
北海道,クリーニング,クリーニング,デイセンターいちばんぼし,,0113700611,突合済み,pref+city+name,デイセンター　いちばんぼし,虻田郡洞爺湖町,公表データ,北海道 工賃実績（主な作業内容）,https://www.pref.hokkaido.lg.jp/hf/shf/ko-chin.html,4367b7827f815a05
北海道,クリーニング,クリーニング,マイランドリーⅡ,,0113601876,突合済み,pref+city+name,マイランドリー　Ⅱ,苫小牧市,公表データ,北海道 工賃実績（主な作業内容）,https://www.pref.hokkaido.lg.jp/hf/shf/ko-chin.html,fd2bf1cfd0e08c08
北海道,クリーニング,クリーニング,メビウス,,0111100301,突合済み,pref+city+name,メビウス,千歳市,公表データ,北海道 工賃実績（主な作業内容）,https://www.pref.hokkaido.lg.jp/hf/shf/ko-chin.html,aecf5b4e54e08a65
北海道,クリーニング,クリーニング,メビウスB型作業所,,,未突合,unmatched,,,公表データ,北海道 工賃実績（主な作業内容）,https://www.pref.hokkaido.lg.jp/hf/shf/ko-chin.html,
北海道,クリーニング,クリーニング,リハビリーおおぞら,,,未突合,unmatched,,,公表データ,北海道 工賃実績（主な作業内容）,https://www.pref.hokkaido.lg.jp/hf/shf/ko-chin.html,
北海道,クリーニング,クリーニング,リハビリーおおぞら,,,未突合,unmatched,,,公表データ,北海道 工賃実績（主な作業内容）,https://www.pref.hokkaido.lg.jp/hf/shf/ko-chin.html,
北海道,クリーニング,クリーニング,リハビリー・クリーナース,,0111300208,突合済み,pref+city+name,リハビリー・クリーナース,北広島市,公表データ,北海道 工賃実績（主な作業内容）,https://www.pref.hokkaido.lg.jp/hf/shf/ko-chin.html,3cb90956abccae82
北海道,クリーニング,クリーニング,リハビリー・クリーナース,,0111300208,突合済み,pref+city+name,リハビリー・クリーナース,北広島市,公表データ,北海道 工賃実績（主な作業内容）,https://www.pref.hokkaido.lg.jp/hf/shf/ko-chin.html,3cb90956abccae82
北海道,クリーニング,クリーニング,リンネル,,0110204849,突合済み,pref+city+name,リンネル,札幌市北区,公表データ,北海道 工賃実績（主な作業内容）,https://www.pref.hokkaido.lg.jp/hf/shf/ko-chin.html,b84011f8b536ee26
北海道,クリーニング,クリーニング,ワークショップ上野幌,,0110501012,突合済み,pref+city+name,ワークショップ上野幌,札幌市厚別区,公表データ,北海道 工賃実績（主な作業内容）,https://www.pref.hokkaido.lg.jp/hf/shf/ko-chin.html,bab311696b38cd84
北海道,クリーニング,クリーニング,ワークス翔,,0110201373,突合済み,pref+city+name,ワークス翔,札幌市東区,公表データ,北海道 工賃実績（主な作業内容）,https://www.pref.hokkaido.lg.jp/hf/shf/ko-chin.html,f208957badf4d708
北海道,クリーニング,クリーニング,ワークセンターえるむ,,0113700199,突合済み,pref+city+name,ワークセンターえるむ,伊達市,公表データ,北海道 工賃実績（主な作業内容）,https://www.pref.hokkaido.lg.jp/hf/shf/ko-chin.html,8e5cdc1e99af92ad
北海道,クリーニング,クリーニング,ワークセンターきずな,,0113200554,突合済み,pref+city+name,ワークセンター　きずな,士別市,公表データ,北海道 工賃実績（主な作業内容）,https://www.pref.hokkaido.lg.jp/hf/shf/ko-chin.html,3cda095b134b1735
北海道,クリーニング,クリーニング,ワークセンターぴぽろ,,0115200214,突合済み,pref+city+name,ワークセンターぴぽろ,網走郡美幌町,公表データ,北海道 工賃実績（主な作業内容）,https://www.pref.hokkaido.lg.jp/hf/shf/ko-chin.html,19e41ed52dfc429f
北海道,クリーニング,クリーニング,ワークトピアあすか,,0110400942,突合済み,pref+city+name,ワークトピアあすか,札幌市手稲区,公表データ,北海道 工賃実績（主な作業内容）,https://www.pref.hokkaido.lg.jp/hf/shf/ko-chin.html,e00b1f01003439ee
北海道,クリーニング,クリーニング,ワークトピアあすか,,0110400942,突合済み,pref+city+name,ワークトピアあすか,札幌市手稲区,公表データ,北海道 工賃実績（主な作業内容）,https://www.pref.hokkaido.lg.jp/hf/shf/ko-chin.html,e00b1f01003439ee
北海道,クリーニング,クリーニング,代行サービスいっ歩,,0114101025,突合済み,pref+city+name,代行サービス　いっ歩,釧路市,公表データ,北海道 工賃実績（主な作業内容）,https://www.pref.hokkaido.lg.jp/hf/shf/ko-chin.html,19cb64153d8f9018
北海道,クリーニング,クリーニング,健心サポート,,,未突合,unmatched,,,公表データ,北海道 工賃実績（主な作業内容）,https://www.pref.hokkaido.lg.jp/hf/shf/ko-chin.html,
北海道,クリーニング,クリーニング,光生舎く・る・る,,0110800067,突合済み,pref+city+name,光生舎く・る・る,札幌市厚別区,公表データ,北海道 工賃実績（主な作業内容）,https://www.pref.hokkaido.lg.jp/hf/shf/ko-chin.html,5362bfe8433edf7b
北海道,クリーニング,クリーニング,光生舎エルム・ソーイング,,0117200030,突合済み,pref+city+name,光生舎エルム・ソーイング,赤平市,公表データ,北海道 工賃実績（主な作業内容）,https://www.pref.hokkaido.lg.jp/hf/shf/ko-chin.html,896c8bc4b2cdc431
北海道,クリーニング,クリーニング,光生舎クリーン・セブン,,0117100313,突合済み,pref+city+name,光生舎クリーン・セブン,歌志内市,公表データ,北海道 工賃実績（主な作業内容）,https://www.pref.hokkaido.lg.jp/hf/shf/ko-chin.html,aceb8b8338418f37
北海道,クリーニング,クリーニング,光生舎プラザ・イン・サッポロ,,0110400017,突合済み,pref+city+name,光生舎プラザ・イン・サッポロ,札幌市西区,公表データ,北海道 工賃実績（主な作業内容）,https://www.pref.hokkaido.lg.jp/hf/shf/ko-chin.html,50e4e7e137005285
北海道,クリーニング,クリーニング,光生舎プラザ・イン・サッポロ,,0110400017,突合済み,pref+city+name,光生舎プラザ・イン・サッポロ,札幌市西区,公表データ,北海道 工賃実績（主な作業内容）,https://www.pref.hokkaido.lg.jp/hf/shf/ko-chin.html,50e4e7e137005285
北海道,クリーニング,クリーニング,光生舎メディック・エル,,0117200253,突合済み,pref+city+name,光生舎メディック・エル,赤平市,公表データ,北海道 工賃実績（主な作業内容）,https://www.pref.hokkaido.lg.jp/hf/shf/ko-chin.html,2b5a51f1845b79d4
北海道,クリーニング,クリーニング,光生舎ライト・プラザ,,0117200238,突合済み,pref+city+name,光生舎ライト・プラザ,赤平市,公表データ,北海道 工賃実績（主な作業内容）,https://www.pref.hokkaido.lg.jp/hf/shf/ko-chin.html,d5e6932e15f6aa4e
北海道,クリーニング,クリーニング,光生舎ワークショップⅡ,,0117200212,突合済み,pref+city+name,光生舎ワークショップⅡ,赤平市,公表データ,北海道 工賃実績（主な作業内容）,https://www.pref.hokkaido.lg.jp/hf/shf/ko-chin.html,113ea55268d64c54
北海道,クリーニング,クリーニング,北海道博愛舎,,0115900177,突合済み,pref+city+name,北海道博愛舎,夕張市,公表データ,北海道 工賃実績（主な作業内容）,https://www.pref.hokkaido.lg.jp/hf/shf/ko-chin.html,4f8f9f3f86bdd9f7
北海道,クリーニング,クリーニング,多機能型事業所スタークリーニング新開事業所,,0113602155,突合済み,pref+city+name,多機能型事業所　スタークリーニング新開事業所,苫小牧市,公表データ,北海道 工賃実績（主な作業内容）,https://www.pref.hokkaido.lg.jp/hf/shf/ko-chin.html,4dd66aa301d0a0ce
北海道,クリーニング,クリーニング,多機能型事業所スタークリーニング新開事業所,,0113602155,突合済み,pref+city+name,多機能型事業所　スタークリーニング新開事業所,苫小牧市,公表データ,北海道 工賃実績（主な作業内容）,https://www.pref.hokkaido.lg.jp/hf/shf/ko-chin.html,4dd66aa301d0a0ce
北海道,クリーニング,クリーニング,多機能型事業所ｅワークフォレスト,,0111501607,突合済み,pref+city+name,多機能型事業所eワークフォレスト,亀田郡七飯町,公表データ,北海道 工賃実績（主な作業内容）,https://www.pref.hokkaido.lg.jp/hf/shf/ko-chin.html,e6f1b3867db55daf
北海道,クリーニング,クリーニング,宏栄セルプ,,0112000450,突合済み,pref+city+name,宏栄セルプ,小樽市,公表データ,北海道 工賃実績（主な作業内容）,https://www.pref.hokkaido.lg.jp/hf/shf/ko-chin.html,78df9589ae33d8aa
北海道,クリーニング,クリーニング,宏栄セルプ,,0112000450,突合済み,pref+city+name,宏栄セルプ,小樽市,公表データ,北海道 工賃実績（主な作業内容）,https://www.pref.hokkaido.lg.jp/hf/shf/ko-chin.html,78df9589ae33d8aa
北海道,クリーニング,クリーニング,就労支援B型 元町,,0110301819,突合済み,pref+city+name,就労支援B型　元町,札幌市東区,公表データ,北海道 工賃実績（主な作業内容）,https://www.pref.hokkaido.lg.jp/hf/shf/ko-chin.html,d923ea8379139ca5
北海道,クリーニング,クリーニング,就労支援センターすまっしゅ,,0117100420,突合済み,pref+city+name,就労支援センター　すまっしゅ,空知郡奈井江町,公表データ,北海道 工賃実績（主な作業内容）,https://www.pref.hokkaido.lg.jp/hf/shf/ko-chin.html,88be7a0b9fca0fb2
北海道,クリーニング,クリーニング,就労支援センターみどりの園,,0114702400,突合済み,pref+city+name,就労支援センターみどりの園,足寄郡陸別町,公表データ,北海道 工賃実績（主な作業内容）,https://www.pref.hokkaido.lg.jp/hf/shf/ko-chin.html,70830c4578eaec61
北海道,クリーニング,クリーニング,就労支援事業所 和幸,,0114601446,突合済み,pref+city+name,就労支援事業所　和幸,帯広市,公表データ,北海道 工賃実績（主な作業内容）,https://www.pref.hokkaido.lg.jp/hf/shf/ko-chin.html,690de90107b258e8
北海道,クリーニング,クリーニング,就労支援事業所Ｂ型 滝川更生園,,,未突合,unmatched,,,公表データ,北海道 工賃実績（主な作業内容）,https://www.pref.hokkaido.lg.jp/hf/shf/ko-chin.html,
北海道,クリーニング,クリーニング,就労継続B 型事業所 ワーク望,,,未突合,unmatched,,,公表データ,北海道 工賃実績（主な作業内容）,https://www.pref.hokkaido.lg.jp/hf/shf/ko-chin.html,
北海道,クリーニング,クリーニング,就労継続B型事業所ほっぷすてっぷ,,,未突合,unmatched,,,公表データ,北海道 工賃実績（主な作業内容）,https://www.pref.hokkaido.lg.jp/hf/shf/ko-chin.html,
北海道,クリーニング,クリーニング,就労継続支援A型事業所はみんぐスクエア,,0110404951,突合済み,pref+city+name,就労継続支援Ａ型事業所　はみんぐスクエア,札幌市白石区,公表データ,北海道 工賃実績（主な作業内容）,https://www.pref.hokkaido.lg.jp/hf/shf/ko-chin.html,853ecd13979b7202
北海道,クリーニング,クリーニング,就労継続支援A型事業所はみんぐプラザ,,0111001244,突合済み,pref+city+name,就労継続支援Ａ型事業所　はみんぐプラザ,江別市,公表データ,北海道 工賃実績（主な作業内容）,https://www.pref.hokkaido.lg.jp/hf/shf/ko-chin.html,c27e9b2afba24c24
北海道,クリーニング,クリーニング,就労継続支援B型 あらうど,,,未突合,unmatched,,,公表データ,北海道 工賃実績（主な作業内容）,https://www.pref.hokkaido.lg.jp/hf/shf/ko-chin.html,
北海道,クリーニング,クリーニング,就労継続支援B型amber,,,未突合,ambiguous,,,公表データ,北海道 工賃実績（主な作業内容）,https://www.pref.hokkaido.lg.jp/hf/shf/ko-chin.html,
北海道,クリーニング,クリーニング,就労継続支援B型事業所 アリエッタ,,,未突合,unmatched,,,公表データ,北海道 工賃実績（主な作業内容）,https://www.pref.hokkaido.lg.jp/hf/shf/ko-chin.html,
北海道,クリーニング,クリーニング,就労継続支援B型事業所nanmo.,,0114702434,突合済み,pref+city+name,就労継続支援B型事業所nanmo.,河東郡鹿追町,公表データ,北海道 工賃実績（主な作業内容）,https://www.pref.hokkaido.lg.jp/hf/shf/ko-chin.html,0348a2c533f407b0
北海道,クリーニング,クリーニング,就労継続支援B型事業所ひなた,,0110405297,突合済み,pref+city+name,就労継続支援Ｂ型事業所　ひなた,札幌市白石区,公表データ,北海道 工賃実績（主な作業内容）,https://www.pref.hokkaido.lg.jp/hf/shf/ko-chin.html,73720dc2bfdda49c
北海道,クリーニング,クリーニング,就労継続支援B型事業所わごころ,,0110505880,突合済み,pref+city+name,就労継続支援Ｂ型事業所　わごころ,札幌市豊平区,公表データ,北海道 工賃実績（主な作業内容）,https://www.pref.hokkaido.lg.jp/hf/shf/ko-chin.html,373c8f3ec2c183c2
北海道,クリーニング,クリーニング,就労継続支援B型事業所ペットショップいきものがかり,,0114601453,突合済み,pref+city+name,就労継続支援B型事業所ペットショップいきものがかり,帯広市,公表データ,北海道 工賃実績（主な作業内容）,https://www.pref.hokkaido.lg.jp/hf/shf/ko-chin.html,26c1909d522a9b97
北海道,クリーニング,クリーニング,就労継続支援B型事業所ホワイトファルコン,,0110800638,突合済み,pref+city+name,就労継続支援Ｂ型事業所　ホワイトファルコン,札幌市厚別区,公表データ,北海道 工賃実績（主な作業内容）,https://www.pref.hokkaido.lg.jp/hf/shf/ko-chin.html,4a2af90a0b497405
北海道,クリーニング,クリーニング,就労継続支援B型事業所型事業所 おとわ,,,未突合,unmatched,,,公表データ,北海道 工賃実績（主な作業内容）,https://www.pref.hokkaido.lg.jp/hf/shf/ko-chin.html,
北海道,クリーニング,クリーニング,就労継続支援B型事業所稚内市北光園,,0116700618,突合済み,pref+city+name,就労継続支援Ｂ型事業所稚内市北光園,稚内市,公表データ,北海道 工賃実績（主な作業内容）,https://www.pref.hokkaido.lg.jp/hf/shf/ko-chin.html,6c6bc061a252d6b1
北海道,クリーニング,クリーニング,就労継続支援事業所ぷりもぱっそ,,0112001375,突合済み,pref+city+name,就労継続支援事業所　ぷりもぱっそ,小樽市,公表データ,北海道 工賃実績（主な作業内容）,https://www.pref.hokkaido.lg.jp/hf/shf/ko-chin.html,1d62d2ec4a3617b6
北海道,クリーニング,クリーニング,就労継続支援Ｂ型ぐろーあっぷベース白石,,0110404209,突合済み,pref+city+name,就労継続支援Ｂ型　ぐろーあっぷベース白石,札幌市白石区,公表データ,北海道 工賃実績（主な作業内容）,https://www.pref.hokkaido.lg.jp/hf/shf/ko-chin.html,ddb7f705588e512f
北海道,クリーニング,クリーニング,就労継続支援Ｂ型事業所 大地,,,未突合,unmatched,,,公表データ,北海道 工賃実績（主な作業内容）,https://www.pref.hokkaido.lg.jp/hf/shf/ko-chin.html,
北海道,クリーニング,クリーニング,工房こぶし・いこい,,0115700445,突合済み,pref+city+name,工房こぶし・いこい,岩見沢市,公表データ,北海道 工賃実績（主な作業内容）,https://www.pref.hokkaido.lg.jp/hf/shf/ko-chin.html,1955de4bca2b518a
北海道,クリーニング,クリーニング,工房むぎ,,0110901600,突合済み,pref+city+name,工房むぎ,札幌市清田区,公表データ,北海道 工賃実績（主な作業内容）,https://www.pref.hokkaido.lg.jp/hf/shf/ko-chin.html,0c7072ebefd29e80
北海道,クリーニング,クリーニング,新ひだか町なんでも屋Zono,,,未突合,unmatched,,,公表データ,北海道 工賃実績（主な作業内容）,https://www.pref.hokkaido.lg.jp/hf/shf/ko-chin.html,
北海道,クリーニング,クリーニング,新ひだか町ライフサポート,,,未突合,unmatched,,,公表データ,北海道 工賃実績（主な作業内容）,https://www.pref.hokkaido.lg.jp/hf/shf/ko-chin.html,
北海道,クリーニング,クリーニング,新ひだか町ワークセンターみのり,,,未突合,unmatched,,,公表データ,北海道 工賃実績（主な作業内容）,https://www.pref.hokkaido.lg.jp/hf/shf/ko-chin.html,
北海道,クリーニング,クリーニング,新ひだか町多機能型事業所ぷりーと,,,未突合,unmatched,,,公表データ,北海道 工賃実績（主な作業内容）,https://www.pref.hokkaido.lg.jp/hf/shf/ko-chin.html,
北海道,クリーニング,クリーニング,旭川ヒューマンサービスセンター,,0112901384,突合済み,pref+city+name,旭川ヒューマンサービスセンター,旭川市,公表データ,北海道 工賃実績（主な作業内容）,https://www.pref.hokkaido.lg.jp/hf/shf/ko-chin.html,71febf01d1fb3525
北海道,クリーニング,クリーニング,松陰プラザ,,0111401642,突合済み,pref+city+name,松陰プラザ,函館市,公表データ,北海道 工賃実績（主な作業内容）,https://www.pref.hokkaido.lg.jp/hf/shf/ko-chin.html,6320af6cff6227af
北海道,クリーニング,クリーニング,株式会社とかちサポーターズ,,0114602600,突合済み,pref+city+name,株式会社とかちサポーターズ,帯広市,公表データ,北海道 工賃実績（主な作業内容）,https://www.pref.hokkaido.lg.jp/hf/shf/ko-chin.html,51256ad37a635702
北海道,クリーニング,クリーニング,湧くわく園新川事業所,,,未突合,unmatched,,,公表データ,北海道 工賃実績（主な作業内容）,https://www.pref.hokkaido.lg.jp/hf/shf/ko-chin.html,
北海道,クリーニング,クリーニング,障がい福祉サービス事業所あいねっと,,0113100432,突合済み,pref+city+name,障がい福祉サービス事業所　あいねっと,上川郡愛別町,公表データ,北海道 工賃実績（主な作業内容）,https://www.pref.hokkaido.lg.jp/hf/shf/ko-chin.html,fd7a0ab08c4c8d2e
北海道,クリーニング,クリーニング,障がい者就労継続支援B型事業所湧くわく園新道東,,,未突合,unmatched,,,公表データ,北海道 工賃実績（主な作業内容）,https://www.pref.hokkaido.lg.jp/hf/shf/ko-chin.html,
北海道,事務用品・書籍,事務用品・書籍,KIRAMEKI白石本通,,0110405123,突合済み,pref+city+name,ＫＩＲＡＭＥＫＩ　白石本通,札幌市白石区,公表データ,北海道 工賃実績（主な作業内容）,https://www.pref.hokkaido.lg.jp/hf/shf/ko-chin.html,e73bcbf140cb117e
北海道,事務用品・書籍,事務用品・書籍,あるむ,,0114102361,突合済み,pref+city+name,あるむ,釧路市,公表データ,北海道 工賃実績（主な作業内容）,https://www.pref.hokkaido.lg.jp/hf/shf/ko-chin.html,998c26ce3b013c23
北海道,事務用品・書籍,事務用品・書籍,てくてく工房,,0110101110,突合済み,pref+city+name,てくてく工房,札幌市中央区,公表データ,北海道 工賃実績（主な作業内容）,https://www.pref.hokkaido.lg.jp/hf/shf/ko-chin.html,0a1746d9b82e8f04
北海道,事務用品・書籍,事務用品・書籍,のびのび本舗,,0110901832,突合済み,pref+city+name,のびのび本舗,札幌市手稲区,公表データ,北海道 工賃実績（主な作業内容）,https://www.pref.hokkaido.lg.jp/hf/shf/ko-chin.html,05085a53e822b4c0
北海道,事務用品・書籍,事務用品・書籍,はちわれ,,0110405032,突合済み,pref+city+name,はちわれ,札幌市清田区,公表データ,北海道 工賃実績（主な作業内容）,https://www.pref.hokkaido.lg.jp/hf/shf/ko-chin.html,f37d6da366bddfed
北海道,事務用品・書籍,事務用品・書籍,イーストライフ,,,未突合,ambiguous,,,公表データ,北海道 工賃実績（主な作業内容）,https://www.pref.hokkaido.lg.jp/hf/shf/ko-chin.html,
北海道,事務用品・書籍,事務用品・書籍,ジョブタス南郷7丁目事業所,,0110404456,突合済み,pref+city+name,ジョブタス南郷7丁目事業所,札幌市白石区,公表データ,北海道 工賃実績（主な作業内容）,https://www.pref.hokkaido.lg.jp/hf/shf/ko-chin.html,39032fed75611d1b
北海道,事務用品・書籍,事務用品・書籍,ジョブタス本郷通2丁目事業所,,0110404993,突合済み,pref+city+name,ジョブタス本郷通２丁目事業所,札幌市白石区,公表データ,北海道 工賃実績（主な作業内容）,https://www.pref.hokkaido.lg.jp/hf/shf/ko-chin.html,4eade53dd039d040
北海道,事務用品・書籍,事務用品・書籍,ネクストステージサード,,0110205150,突合済み,pref+city+name,ネクストステージ　サード,札幌市北区,公表データ,北海道 工賃実績（主な作業内容）,https://www.pref.hokkaido.lg.jp/hf/shf/ko-chin.html,2bd52c4e8ba4280f
北海道,事務用品・書籍,事務用品・書籍,就労支援事業所ぐろーあっぷ,,0110403052,突合済み,pref+city+name,就労支援事業所ぐろーあっぷ,札幌市白石区,公表データ,北海道 工賃実績（主な作業内容）,https://www.pref.hokkaido.lg.jp/hf/shf/ko-chin.html,b6883daaafd49909
北海道,事務用品・書籍,事務用品・書籍,就労支援事業所ぐろーあっぷ美香保,,0110302700,突合済み,pref+city+name,就労支援事業所ぐろーあっぷ美香保,札幌市東区,公表データ,北海道 工賃実績（主な作業内容）,https://www.pref.hokkaido.lg.jp/hf/shf/ko-chin.html,880a3344272d1e1e
北海道,事務用品・書籍,事務用品・書籍,就労支援事業所ぐろーあっぷ西町,,0110701596,突合済み,pref+city+name,就労支援事業所ぐろーあっぷ西町,札幌市西区,公表データ,北海道 工賃実績（主な作業内容）,https://www.pref.hokkaido.lg.jp/hf/shf/ko-chin.html,5ecd2ae39263a817
北海道,事務用品・書籍,事務用品・書籍,就労継続B型事業所 ARCH,,,未突合,unmatched,,,公表データ,北海道 工賃実績（主な作業内容）,https://www.pref.hokkaido.lg.jp/hf/shf/ko-chin.html,
北海道,事務用品・書籍,事務用品・書籍,就労継続支援A型事業所コープパートナーズ,,,未突合,unmatched,,,公表データ,北海道 工賃実績（主な作業内容）,https://www.pref.hokkaido.lg.jp/hf/shf/ko-chin.html,
北海道,事務用品・書籍,事務用品・書籍,就労継続支援A型事業所コープパートナーズ石狩,,,未突合,unmatched,,,公表データ,北海道 工賃実績（主な作業内容）,https://www.pref.hokkaido.lg.jp/hf/shf/ko-chin.html,
北海道,事務用品・書籍,事務用品・書籍,就労継続支援B型イナンクル,,,未突合,unmatched,,,公表データ,北海道 工賃実績（主な作業内容）,https://www.pref.hokkaido.lg.jp/hf/shf/ko-chin.html,
北海道,事務用品・書籍,事務用品・書籍,就労継続支援B型事業所 ぱんだ,,,未突合,unmatched,,,公表データ,北海道 工賃実績（主な作業内容）,https://www.pref.hokkaido.lg.jp/hf/shf/ko-chin.html,
北海道,事務用品・書籍,事務用品・書籍,就労継続支援B型事業所 クローバー琴似,,,未突合,unmatched,,,公表データ,北海道 工賃実績（主な作業内容）,https://www.pref.hokkaido.lg.jp/hf/shf/ko-chin.html,
北海道,事務用品・書籍,事務用品・書籍,就労継続支援B型事業所Link,,,未突合,unmatched,,,公表データ,北海道 工賃実績（主な作業内容）,https://www.pref.hokkaido.lg.jp/hf/shf/ko-chin.html,
北海道,事務用品・書籍,事務用品・書籍,就労継続支援B型事業所tenowa,,0111402822,突合済み,pref+city+name,就労継続支援Ｂ型事業所tenowa,函館市,公表データ,北海道 工賃実績（主な作業内容）,https://www.pref.hokkaido.lg.jp/hf/shf/ko-chin.html,ccdfb1e8b62f3f6a
北海道,事務用品・書籍,事務用品・書籍,就労継続支援B型事業所あすたーの森,,,未突合,unmatched,,,公表データ,北海道 工賃実績（主な作業内容）,https://www.pref.hokkaido.lg.jp/hf/shf/ko-chin.html,
北海道,事務用品・書籍,事務用品・書籍,就労継続支援B型事業所ここちぐら,,,未突合,unmatched,,,公表データ,北海道 工賃実績（主な作業内容）,https://www.pref.hokkaido.lg.jp/hf/shf/ko-chin.html,
北海道,事務用品・書籍,事務用品・書籍,就労継続支援B型事業所てらす,,0110405347,突合済み,pref+city+name,就労継続支援B型事業所　テラス,札幌市白石区,公表データ,北海道 工賃実績（主な作業内容）,https://www.pref.hokkaido.lg.jp/hf/shf/ko-chin.html,21b25781035c0d3c
北海道,事務用品・書籍,事務用品・書籍,就労継続支援B型事業所ペットショップいきものがかり,,0114601453,突合済み,pref+city+name,就労継続支援B型事業所ペットショップいきものがかり,帯広市,公表データ,北海道 工賃実績（主な作業内容）,https://www.pref.hokkaido.lg.jp/hf/shf/ko-chin.html,26c1909d522a9b97
北海道,事務用品・書籍,事務用品・書籍,就労継続支援Ｂ型作業所ここ・から,,0110600418,突合済み,pref+city+name,就労継続支援Ｂ型作業所　ここ・から,札幌市南区,公表データ,北海道 工賃実績（主な作業内容）,https://www.pref.hokkaido.lg.jp/hf/shf/ko-chin.html,acb545fe2c47ff01
北海道,印刷,印刷,One Life,,0110403102,突合済み,pref+city+name,One Life,札幌市白石区,公表データ,北海道 工賃実績（主な作業内容）,https://www.pref.hokkaido.lg.jp/hf/shf/ko-chin.html,50722803656e1070
北海道,印刷,印刷,One Life Climb,,0110405313,突合済み,pref+city+name,Ｏｎｅ　Ｌｉｆｅ　Ｃｌｉｍｂ,札幌市白石区,公表データ,北海道 工賃実績（主な作業内容）,https://www.pref.hokkaido.lg.jp/hf/shf/ko-chin.html,e2df0ce29d92f440
北海道,印刷,印刷,PCNET-SAPPORO,,0110202884,突合済み,pref+city+name,ＰＣＮＥＴ−ＳＡＰＰＯＲＯ,札幌市北区,公表データ,北海道 工賃実績（主な作業内容）,https://www.pref.hokkaido.lg.jp/hf/shf/ko-chin.html,b124f6490c24d95c
北海道,印刷,印刷,PICNIC札幌,,0110101656,突合済み,pref+city+name,ＰＩＣＮＩＣ札幌,札幌市中央区,公表データ,北海道 工賃実績（主な作業内容）,https://www.pref.hokkaido.lg.jp/hf/shf/ko-chin.html,0d1553d77e8c59bc
北海道,印刷,印刷,PICNIC札幌,,0110101656,突合済み,pref+city+name,ＰＩＣＮＩＣ札幌,札幌市中央区,公表データ,北海道 工賃実績（主な作業内容）,https://www.pref.hokkaido.lg.jp/hf/shf/ko-chin.html,0d1553d77e8c59bc
北海道,印刷,印刷,PPC,,0114702061,突合済み,pref+city+name,ＰＰＣ,中川郡幕別町,公表データ,北海道 工賃実績（主な作業内容）,https://www.pref.hokkaido.lg.jp/hf/shf/ko-chin.html,f59c9a64f15a7025
北海道,印刷,印刷,ecoネット浦河,,0113800528,突合済み,pref+city+name,ｅｃｏネット浦河,浦河郡浦河町,公表データ,北海道 工賃実績（主な作業内容）,https://www.pref.hokkaido.lg.jp/hf/shf/ko-chin.html,56db226fd1292afd
北海道,印刷,印刷,ecoネット苫小牧,,0113601819,突合済み,pref+city+name,ｅｃｏネット苫小牧,苫小牧市,公表データ,北海道 工賃実績（主な作業内容）,https://www.pref.hokkaido.lg.jp/hf/shf/ko-chin.html,545adaa737094da2
北海道,印刷,印刷,あかり家,,0110100773,突合済み,pref+city+name,あかり家,札幌市中央区,公表データ,北海道 工賃実績（主な作業内容）,https://www.pref.hokkaido.lg.jp/hf/shf/ko-chin.html,498859dd9bca284f
北海道,印刷,印刷,しりべしワークセンターセオス,,0112100185,突合済み,pref+city+name,しりべしワークセンター　セオス,寿都郡黒松内町,公表データ,北海道 工賃実績（主な作業内容）,https://www.pref.hokkaido.lg.jp/hf/shf/ko-chin.html,82786c485c8a0453
北海道,印刷,印刷,すまいる,,0112905963,突合済み,pref+city+name,すまいる,旭川市,公表データ,北海道 工賃実績（主な作業内容）,https://www.pref.hokkaido.lg.jp/hf/shf/ko-chin.html,1be0bdb8b8c13a3c
北海道,印刷,印刷,たごまる,,0111600318,突合済み,pref+city+name,たごまる,爾志郡乙部町,公表データ,北海道 工賃実績（主な作業内容）,https://www.pref.hokkaido.lg.jp/hf/shf/ko-chin.html,7fc32df71b442471
北海道,印刷,印刷,でじるみ函館吉川,,0111402723,突合済み,pref+city+name,でじるみ函館吉川,函館市,公表データ,北海道 工賃実績（主な作業内容）,https://www.pref.hokkaido.lg.jp/hf/shf/ko-chin.html,7415ea46604c4d8e
北海道,印刷,印刷,はしどいワークラボりれいと,,0114101819,突合済み,pref+city+name,はしどいワークラボ　りれいと,釧路市,公表データ,北海道 工賃実績（主な作業内容）,https://www.pref.hokkaido.lg.jp/hf/shf/ko-chin.html,5256a201913d9e33
北海道,印刷,印刷,ひまわり黒松内B-1,,0112100177,突合済み,pref+city+name,ひまわり黒松内Ｂ−１,寿都郡黒松内町,公表データ,北海道 工賃実績（主な作業内容）,https://www.pref.hokkaido.lg.jp/hf/shf/ko-chin.html,d412c2d011008b4f
北海道,印刷,印刷,めだか共同作業所,,0110402328,突合済み,pref+city+name,めだか共同作業所,札幌市西区,公表データ,北海道 工賃実績（主な作業内容）,https://www.pref.hokkaido.lg.jp/hf/shf/ko-chin.html,21a4f487496a21ea
北海道,印刷,印刷,めでる,,0114600596,突合済み,pref+city+name,めでる,帯広市,公表データ,北海道 工賃実績（主な作業内容）,https://www.pref.hokkaido.lg.jp/hf/shf/ko-chin.html,9e5ecf9db780f089
北海道,印刷,印刷,らいおんハート留萌障害福祉サービス事業部,,0116400334,突合済み,pref+city+name,らいおんハート留萌障害福祉サービス事業部,留萌市,公表データ,北海道 工賃実績（主な作業内容）,https://www.pref.hokkaido.lg.jp/hf/shf/ko-chin.html,a28e8dccffd9c31d
北海道,印刷,印刷,りりーふ北大通り,,0110204468,突合済み,pref+city+name,りりーふ北大通り,札幌市北区,公表データ,北海道 工賃実績（主な作業内容）,https://www.pref.hokkaido.lg.jp/hf/shf/ko-chin.html,e69ea98ad0887f8f
北海道,印刷,印刷,わくわくどう,,0115701005,突合済み,pref+name,わくわくどう,岩見沢市,公表データ,北海道 工賃実績（主な作業内容）,https://www.pref.hokkaido.lg.jp/hf/shf/ko-chin.html,3df001157484e335
北海道,印刷,印刷,アプローチ,,0110302189,突合済み,pref+city+name,アプローチ,札幌市東区,公表データ,北海道 工賃実績（主な作業内容）,https://www.pref.hokkaido.lg.jp/hf/shf/ko-chin.html,35f24a29b58cc85f
北海道,印刷,印刷,エヌワーク,,0112909676,突合済み,pref+city+name,エヌワーク,旭川市,公表データ,北海道 工賃実績（主な作業内容）,https://www.pref.hokkaido.lg.jp/hf/shf/ko-chin.html,faf72ef152f56b1c
北海道,印刷,印刷,エンデバー,,0110202058,突合済み,pref+city+name,エンデバー,札幌市北区,公表データ,北海道 工賃実績（主な作業内容）,https://www.pref.hokkaido.lg.jp/hf/shf/ko-chin.html,e1123a581dcb7b2d
北海道,印刷,印刷,グラン・ジュテ,,0114102254,突合済み,pref+city+name,グラン・ジュテ,釧路市,公表データ,北海道 工賃実績（主な作業内容）,https://www.pref.hokkaido.lg.jp/hf/shf/ko-chin.html,17abea3feb818df6
北海道,印刷,印刷,ゴールズ平岸街道,,0110507340,突合済み,pref+city+name,ゴールズ平岸街道,札幌市豊平区,公表データ,北海道 工賃実績（主な作業内容）,https://www.pref.hokkaido.lg.jp/hf/shf/ko-chin.html,7ef8418a8bf08f8f
北海道,印刷,印刷,ゴールズ豊平公園,,0110506995,突合済み,pref+city+name,ゴールズ豊平公園,札幌市豊平区,公表データ,北海道 工賃実績（主な作業内容）,https://www.pref.hokkaido.lg.jp/hf/shf/ko-chin.html,b0ac0bb874edba8f
北海道,印刷,印刷,サポートワーク,,0110404217,突合済み,pref+city+name,サポートワーク,札幌市白石区,公表データ,北海道 工賃実績（主な作業内容）,https://www.pref.hokkaido.lg.jp/hf/shf/ko-chin.html,635cf0898b4aefc9
北海道,印刷,印刷,チーム紅蓮Ａ,,0112907480,突合済み,pref+city+name,チーム紅蓮Ａ,旭川市,公表データ,北海道 工賃実績（主な作業内容）,https://www.pref.hokkaido.lg.jp/hf/shf/ko-chin.html,9127fc68446c5a10
北海道,印刷,印刷,ユニバード,,0110103819,突合済み,pref+city+name,ユニバード,札幌市中央区,公表データ,北海道 工賃実績（主な作業内容）,https://www.pref.hokkaido.lg.jp/hf/shf/ko-chin.html,ebad3779e53d8a01
北海道,印刷,印刷,ヨベル,,0110402633,突合済み,pref+city+name,ヨベル,札幌市白石区,公表データ,北海道 工賃実績（主な作業内容）,https://www.pref.hokkaido.lg.jp/hf/shf/ko-chin.html,f21d5815fabb69a1
北海道,印刷,印刷,ライフテンダークオーレ,,0110401635,突合済み,pref+city+name,ライフテンダー　クオーレ,札幌市西区,公表データ,北海道 工賃実績（主な作業内容）,https://www.pref.hokkaido.lg.jp/hf/shf/ko-chin.html,6097d5a0f04994d0
北海道,印刷,印刷,ワークサポートふれあい,,0114600901,突合済み,pref+city+name,ワークサポートふれあい,帯広市,公表データ,北海道 工賃実績（主な作業内容）,https://www.pref.hokkaido.lg.jp/hf/shf/ko-chin.html,b09fae0a202daec4
北海道,印刷,印刷,ワークフロア清柳,,0114601206,突合済み,pref+city+name,ワークフロア清柳,帯広市,公表データ,北海道 工賃実績（主な作業内容）,https://www.pref.hokkaido.lg.jp/hf/shf/ko-chin.html,78cd240f5600c0eb
北海道,印刷,印刷,余市作業所,,0112500525,突合済み,pref+city+name,余市作業所,余市郡余市町,公表データ,北海道 工賃実績（主な作業内容）,https://www.pref.hokkaido.lg.jp/hf/shf/ko-chin.html,81ff9cb84925bb1c
北海道,印刷,印刷,多機能型事業所 B＝ingU,,0110302668,突合済み,pref+city+name,多機能型事業所　Ｂ＝ｉｎｇ　Ｕ,札幌市東区,公表データ,北海道 工賃実績（主な作業内容）,https://www.pref.hokkaido.lg.jp/hf/shf/ko-chin.html,532dcd2c86b97b6f
北海道,印刷,印刷,多機能型事業所ｅワークフォレスト,,0111501607,突合済み,pref+city+name,多機能型事業所eワークフォレスト,亀田郡七飯町,公表データ,北海道 工賃実績（主な作業内容）,https://www.pref.hokkaido.lg.jp/hf/shf/ko-chin.html,e6f1b3867db55daf
北海道,印刷,印刷,学び舎,,0110403417,突合済み,pref+city+name,学び舎,札幌市白石区,公表データ,北海道 工賃実績（主な作業内容）,https://www.pref.hokkaido.lg.jp/hf/shf/ko-chin.html,808d778f05655d5f
北海道,印刷,印刷,就労支援センター Snowdrop・Clover,,0113601389,突合済み,pref+city+name,就労支援センターＳｎｏｗｄｒｏｐ・Ｃｌｏｖｅｒ,苫小牧市,公表データ,北海道 工賃実績（主な作業内容）,https://www.pref.hokkaido.lg.jp/hf/shf/ko-chin.html,d2cf4156f15a7097
北海道,印刷,印刷,就労支援センターOm-net,,0111100343,突合済み,pref+city+name,就労支援センター　Ｏｍ−ｎｅｔ,千歳市,公表データ,北海道 工賃実績（主な作業内容）,https://www.pref.hokkaido.lg.jp/hf/shf/ko-chin.html,9c0dbe8b58c6d162
北海道,印刷,印刷,就労支援センターＪｏｂスタ,,0113500680,突合済み,pref+city+name,就労支援センターＪＯＢスタ,室蘭市,公表データ,北海道 工賃実績（主な作業内容）,https://www.pref.hokkaido.lg.jp/hf/shf/ko-chin.html,58de6da4165ca03f
北海道,印刷,印刷,就労支援事業所ぐろーあっぷ,,0110403052,突合済み,pref+city+name,就労支援事業所ぐろーあっぷ,札幌市白石区,公表データ,北海道 工賃実績（主な作業内容）,https://www.pref.hokkaido.lg.jp/hf/shf/ko-chin.html,b6883daaafd49909
北海道,印刷,印刷,就労継続支援B型グロリアス,,0111402103,突合済み,pref+city+name,就労継続支援Ｂ型　グロリアス,函館市,公表データ,北海道 工賃実績（主な作業内容）,https://www.pref.hokkaido.lg.jp/hf/shf/ko-chin.html,3ca60ac0556898b0
北海道,印刷,印刷,就労継続支援B型事業所 LED,,0110506979,突合済み,pref+city+name,就労継続支援Ｂ型事業所　ＬＥＤ,札幌市豊平区,公表データ,北海道 工賃実績（主な作業内容）,https://www.pref.hokkaido.lg.jp/hf/shf/ko-chin.html,60fbf523465444bd
北海道,印刷,印刷,就労継続支援B型事業所 ているういんど,,,未突合,unmatched,,,公表データ,北海道 工賃実績（主な作業内容）,https://www.pref.hokkaido.lg.jp/hf/shf/ko-chin.html,
北海道,印刷,印刷,就労継続支援B型事業所 バリアフリー,,,未突合,unmatched,,,公表データ,北海道 工賃実績（主な作業内容）,https://www.pref.hokkaido.lg.jp/hf/shf/ko-chin.html,
北海道,印刷,印刷,就労継続支援B型事業所あんず,,,未突合,unmatched,,,公表データ,北海道 工賃実績（主な作業内容）,https://www.pref.hokkaido.lg.jp/hf/shf/ko-chin.html,
北海道,印刷,印刷,就労継続支援B型事業所エンターテイメントアカデミーでじる,,,未突合,unmatched,,,公表データ,北海道 工賃実績（主な作業内容）,https://www.pref.hokkaido.lg.jp/hf/shf/ko-chin.html,
北海道,印刷,印刷,就労継続支援B型事業所プラトー,,,未突合,unmatched,,,公表データ,北海道 工賃実績（主な作業内容）,https://www.pref.hokkaido.lg.jp/hf/shf/ko-chin.html,
北海道,印刷,印刷,就労継続支援B型事業所型事業所 きらぼし,,,未突合,unmatched,,,公表データ,北海道 工賃実績（主な作業内容）,https://www.pref.hokkaido.lg.jp/hf/shf/ko-chin.html,
北海道,印刷,印刷,就労継続支援B型事業所型事業所 どさんこ,,,未突合,unmatched,,,公表データ,北海道 工賃実績（主な作業内容）,https://www.pref.hokkaido.lg.jp/hf/shf/ko-chin.html,
北海道,印刷,印刷,就労継続支援事業所ハーモニ―,,,未突合,unmatched,,,公表データ,北海道 工賃実績（主な作業内容）,https://www.pref.hokkaido.lg.jp/hf/shf/ko-chin.html,
北海道,印刷,印刷,就労継続支援Ｂ型ポラリスパス,,,未突合,unmatched,,,公表データ,北海道 工賃実績（主な作業内容）,https://www.pref.hokkaido.lg.jp/hf/shf/ko-chin.html,
北海道,印刷,印刷,新ひだか町ecoネット,,,未突合,unmatched,,,公表データ,北海道 工賃実績（主な作業内容）,https://www.pref.hokkaido.lg.jp/hf/shf/ko-chin.html,
北海道,印刷,印刷,旭川福祉園,,0112907175,突合済み,pref+city+name,旭川福祉園,旭川市,公表データ,北海道 工賃実績（主な作業内容）,https://www.pref.hokkaido.lg.jp/hf/shf/ko-chin.html,8c2263d43efae41d
北海道,印刷,印刷,札幌福祉印刷,,,未突合,unmatched,,,公表データ,北海道 工賃実績（主な作業内容）,https://www.pref.hokkaido.lg.jp/hf/shf/ko-chin.html,
北海道,印刷,印刷,生き活きワークセンター,,0110401502,突合済み,pref+city+name,生き活きワークセンター,札幌市手稲区,公表データ,北海道 工賃実績（主な作業内容）,https://www.pref.hokkaido.lg.jp/hf/shf/ko-chin.html,64e58cd2c0e9c5ce
北海道,印刷,印刷,花笑みる,,0112909536,突合済み,pref+city+name,花笑みる,旭川市,公表データ,北海道 工賃実績（主な作業内容）,https://www.pref.hokkaido.lg.jp/hf/shf/ko-chin.html,ed83dd15777c2d51
北海道,印刷,印刷,障がい福祉サービス事業所 オークル,,,未突合,unmatched,,,公表データ,北海道 工賃実績（主な作業内容）,https://www.pref.hokkaido.lg.jp/hf/shf/ko-chin.html,
北海道,印刷,印刷,障がい者支援施設ホップ,,0110400868,突合済み,pref+city+name,障がい者支援施設　ホップ,札幌市西区,公表データ,北海道 工賃実績（主な作業内容）,https://www.pref.hokkaido.lg.jp/hf/shf/ko-chin.html,0cf712a708421f94
北海道,印刷,印刷,障害者多機能型施設 カルミア神居,,0112900055,突合済み,pref+city+name,障害者多機能型施設 カルミア神居,旭川市,公表データ,北海道 工賃実績（主な作業内容）,https://www.pref.hokkaido.lg.jp/hf/shf/ko-chin.html,ccbe4c0b9cf2f651
北海道,小物雑貨・生活用品,小物雑貨,151枝,,0114602071,突合済み,pref+city+name,１５１枝,帯広市,公表データ,北海道 工賃実績（主な作業内容）,https://www.pref.hokkaido.lg.jp/hf/shf/ko-chin.html,04f04836e623325f
北海道,小物雑貨・生活用品,小物雑貨,ARC～歩～,,,未突合,unmatched,,,公表データ,北海道 工賃実績（主な作業内容）,https://www.pref.hokkaido.lg.jp/hf/shf/ko-chin.html,
北海道,小物雑貨・生活用品,小物雑貨,BRIO BASE,,0110506573,突合済み,pref+city+name,BRIO　BASE,札幌市豊平区,公表データ,北海道 工賃実績（主な作業内容）,https://www.pref.hokkaido.lg.jp/hf/shf/ko-chin.html,0214be6538117b8c
北海道,小物雑貨・生活用品,小物雑貨,Biz room MALIV,,0110404928,突合済み,pref+city+name,Ｂｉｚ ｒｏｏｍ ＭＡＬＩＶ,札幌市白石区,公表データ,北海道 工賃実績（主な作業内容）,https://www.pref.hokkaido.lg.jp/hf/shf/ko-chin.html,8dc286a76fe48395
北海道,小物雑貨・生活用品,小物雑貨,B型事業所ふぁんふぁん,,0110205846,突合済み,pref+city+name,B型事業所　ふぁんふぁん,札幌市東区,公表データ,北海道 工賃実績（主な作業内容）,https://www.pref.hokkaido.lg.jp/hf/shf/ko-chin.html,3e8b4402e136ed53
北海道,小物雑貨・生活用品,小物雑貨,EIGHT,,,未突合,unmatched,,,公表データ,北海道 工賃実績（主な作業内容）,https://www.pref.hokkaido.lg.jp/hf/shf/ko-chin.html,
北海道,小物雑貨・生活用品,小物雑貨,For step,,0110701042,突合済み,pref+city+name,Ｆｏｒ　ｓｔｅｐ,札幌市西区,公表データ,北海道 工賃実績（主な作業内容）,https://www.pref.hokkaido.lg.jp/hf/shf/ko-chin.html,ff3ff4d9d89fde02
北海道,小物雑貨・生活用品,小物雑貨,Gworks,,,未突合,unmatched,,,公表データ,北海道 工賃実績（主な作業内容）,https://www.pref.hokkaido.lg.jp/hf/shf/ko-chin.html,
北海道,小物雑貨・生活用品,小物雑貨,HanaLino,,,未突合,ambiguous,,,公表データ,北海道 工賃実績（主な作業内容）,https://www.pref.hokkaido.lg.jp/hf/shf/ko-chin.html,
北海道,小物雑貨・生活用品,小物雑貨,Kirarin,,0110403565,突合済み,pref+city+name,ｋｉｒａｒｉｎ,札幌市白石区,公表データ,北海道 工賃実績（主な作業内容）,https://www.pref.hokkaido.lg.jp/hf/shf/ko-chin.html,8cca5516743c8379
北海道,小物雑貨・生活用品,小物雑貨,LOG,,,未突合,unmatched,,,公表データ,北海道 工賃実績（主な作業内容）,https://www.pref.hokkaido.lg.jp/hf/shf/ko-chin.html,
北海道,小物雑貨・生活用品,小物雑貨,Lilas,,0110205036,突合済み,pref+city+name,Ｌｉｌａｓ,札幌市北区,公表データ,北海道 工賃実績（主な作業内容）,https://www.pref.hokkaido.lg.jp/hf/shf/ko-chin.html,63894a8b194d4bb4
北海道,小物雑貨・生活用品,小物雑貨,Lino,,,未突合,unmatched,,,公表データ,北海道 工賃実績（主な作業内容）,https://www.pref.hokkaido.lg.jp/hf/shf/ko-chin.html,
北海道,小物雑貨・生活用品,小物雑貨,MutualSupportCenter ラベンダーの郷,,0113000012,突合済み,pref+city+name,Mutual　Support　Center　ラベンダーの郷,富良野市,公表データ,北海道 工賃実績（主な作業内容）,https://www.pref.hokkaido.lg.jp/hf/shf/ko-chin.html,6cf11525ef24c606
北海道,小物雑貨・生活用品,小物雑貨,NEXT SPACE,,,未突合,unmatched,,,公表データ,北海道 工賃実績（主な作業内容）,https://www.pref.hokkaido.lg.jp/hf/shf/ko-chin.html,
北海道,小物雑貨・生活用品,小物雑貨,ONEGAME札幌清田,,0110901493,突合済み,pref+city+name,ＯＮＥＧＡＭＥ札幌清田,札幌市清田区,公表データ,北海道 工賃実績（主な作業内容）,https://www.pref.hokkaido.lg.jp/hf/shf/ko-chin.html,d22f328862fa7449
北海道,小物雑貨・生活用品,小物雑貨,PICNIC札幌,,0110101656,突合済み,pref+city+name,ＰＩＣＮＩＣ札幌,札幌市中央区,公表データ,北海道 工賃実績（主な作業内容）,https://www.pref.hokkaido.lg.jp/hf/shf/ko-chin.html,0d1553d77e8c59bc
北海道,小物雑貨・生活用品,小物雑貨,PICNIC札幌,,0110101656,突合済み,pref+city+name,ＰＩＣＮＩＣ札幌,札幌市中央区,公表データ,北海道 工賃実績（主な作業内容）,https://www.pref.hokkaido.lg.jp/hf/shf/ko-chin.html,0d1553d77e8c59bc
北海道,小物雑貨・生活用品,小物雑貨,TECHMIND本郷幻影,,0110405206,突合済み,pref+city+name,ＴＥＣＨＭＩＮＤ　本郷幻影,札幌市白石区,公表データ,北海道 工賃実績（主な作業内容）,https://www.pref.hokkaido.lg.jp/hf/shf/ko-chin.html,3c1d7680e68feac0
北海道,小物雑貨・生活用品,小物雑貨,TSスターエンタープライズ,,0115701195,突合済み,pref+city+name,TSスターエンタープライズ,岩見沢市,公表データ,北海道 工賃実績（主な作業内容）,https://www.pref.hokkaido.lg.jp/hf/shf/ko-chin.html,136e52bb334a9b3c
北海道,小物雑貨・生活用品,小物雑貨,TomoWork,,0110600558,突合済み,pref+city+name,Ｔｏｍｏ　Ｗｏｒｋ,札幌市南区,公表データ,北海道 工賃実績（主な作業内容）,https://www.pref.hokkaido.lg.jp/hf/shf/ko-chin.html,8c14b4309abd308c
北海道,小物雑貨・生活用品,小物雑貨,V'z,,,未突合,unmatched,,,公表データ,北海道 工賃実績（主な作業内容）,https://www.pref.hokkaido.lg.jp/hf/shf/ko-chin.html,
北海道,小物雑貨・生活用品,小物雑貨,WELLY,,0110302742,突合済み,pref+city+name,WELLY,札幌市北区,公表データ,北海道 工賃実績（主な作業内容）,https://www.pref.hokkaido.lg.jp/hf/shf/ko-chin.html,d46cc3384887977b
北海道,小物雑貨・生活用品,小物雑貨,WORKPLACETOMO,,0111200366,突合済み,pref+city+name,ＷＯＲＫＰＬＡＣＥ　ＴＯＭＯ,恵庭市,公表データ,北海道 工賃実績（主な作業内容）,https://www.pref.hokkaido.lg.jp/hf/shf/ko-chin.html,9f57c7c7a4ae176f
北海道,小物雑貨・生活用品,小物雑貨,Workupしゅうこま,,0114300833,突合済み,pref+city+name,Workupしゅうこま,釧路市,公表データ,北海道 工賃実績（主な作業内容）,https://www.pref.hokkaido.lg.jp/hf/shf/ko-chin.html,0233c88061829d5d
北海道,小物雑貨・生活用品,小物雑貨,atelier COLOR,,0110404415,突合済み,pref+city+name,atelier COLOR,札幌市白石区,公表データ,北海道 工賃実績（主な作業内容）,https://www.pref.hokkaido.lg.jp/hf/shf/ko-chin.html,148012df11c28792
北海道,小物雑貨・生活用品,小物雑貨,ecoネット浦河,,0113800528,突合済み,pref+city+name,ｅｃｏネット浦河,浦河郡浦河町,公表データ,北海道 工賃実績（主な作業内容）,https://www.pref.hokkaido.lg.jp/hf/shf/ko-chin.html,56db226fd1292afd
北海道,小物雑貨・生活用品,小物雑貨,ecoネット苫小牧,,0113601819,突合済み,pref+city+name,ｅｃｏネット苫小牧,苫小牧市,公表データ,北海道 工賃実績（主な作業内容）,https://www.pref.hokkaido.lg.jp/hf/shf/ko-chin.html,545adaa737094da2
北海道,小物雑貨・生活用品,小物雑貨,ecoワーク野幌,,0111000832,突合済み,pref+city+name,ecoワーク野幌,江別市,公表データ,北海道 工賃実績（主な作業内容）,https://www.pref.hokkaido.lg.jp/hf/shf/ko-chin.html,c4b008602a982161
北海道,小物雑貨・生活用品,小物雑貨,ecoワーク野幌駅前,,0111000980,突合済み,pref+city+name,ecoワーク野幌駅前,江別市,公表データ,北海道 工賃実績（主な作業内容）,https://www.pref.hokkaido.lg.jp/hf/shf/ko-chin.html,a65d66276329083b
北海道,小物雑貨・生活用品,小物雑貨,occur design,,0110205663,突合済み,pref+city+name,ｏｃｃｕｒ　ｄｅｓｉｇｎ,札幌市北区,公表データ,北海道 工賃実績（主な作業内容）,https://www.pref.hokkaido.lg.jp/hf/shf/ko-chin.html,c6b40f3c8e7b7643
北海道,小物雑貨・生活用品,小物雑貨,white cube,,0110300555,突合済み,pref+city+name,Ｗｈｉｔｅ　Ｃｕｂｅ,札幌市東区,公表データ,北海道 工賃実績（主な作業内容）,https://www.pref.hokkaido.lg.jp/hf/shf/ko-chin.html,3c036aab16f928ce
北海道,小物雑貨・生活用品,小物雑貨,あいふぃーる,,0110205085,突合済み,pref+city+name,あいふぃーる,札幌市北区,公表データ,北海道 工賃実績（主な作業内容）,https://www.pref.hokkaido.lg.jp/hf/shf/ko-chin.html,e03dfe3fcdd52167
北海道,小物雑貨・生活用品,小物雑貨,あいステップ,,0110404142,突合済み,pref+city+name,あいステップ,札幌市白石区,公表データ,北海道 工賃実績（主な作業内容）,https://www.pref.hokkaido.lg.jp/hf/shf/ko-chin.html,aa83d932bb7df4f6
北海道,小物雑貨・生活用品,小物雑貨,あさひ☆みらい,,,未突合,ambiguous,,,公表データ,北海道 工賃実績（主な作業内容）,https://www.pref.hokkaido.lg.jp/hf/shf/ko-chin.html,
北海道,小物雑貨・生活用品,小物雑貨,あすなろ新地センター,,0111600292,突合済み,pref+city+name,あすなろ新地センター,檜山郡江差町,公表データ,北海道 工賃実績（主な作業内容）,https://www.pref.hokkaido.lg.jp/hf/shf/ko-chin.html,d57b223146f4ec7f
北海道,小物雑貨・生活用品,小物雑貨,あっぷる,,0110101318,突合済み,pref+city+name,あっぷる,札幌市中央区,公表データ,北海道 工賃実績（主な作業内容）,https://www.pref.hokkaido.lg.jp/hf/shf/ko-chin.html,e08ae063c1b61ecf
北海道,小物雑貨・生活用品,小物雑貨,あるむ,,0114102361,突合済み,pref+city+name,あるむ,釧路市,公表データ,北海道 工賃実績（主な作業内容）,https://www.pref.hokkaido.lg.jp/hf/shf/ko-chin.html,998c26ce3b013c23
北海道,小物雑貨・生活用品,小物雑貨,あんみワークス,,0110901618,突合済み,pref+city+name,あんみワークス,札幌市手稲区,公表データ,北海道 工賃実績（主な作業内容）,https://www.pref.hokkaido.lg.jp/hf/shf/ko-chin.html,6effc5b6b421f24b
北海道,小物雑貨・生活用品,小物雑貨,うるるあ,,0114101702,突合済み,pref+city+name,うるるあ,釧路市,公表データ,北海道 工賃実績（主な作業内容）,https://www.pref.hokkaido.lg.jp/hf/shf/ko-chin.html,885b968cc6f5ffbb
北海道,小物雑貨・生活用品,小物雑貨,おにぎり屋ぱぐ,,0114102064,突合済み,pref+city+name,おにぎり屋　ぱぐ,釧路市,公表データ,北海道 工賃実績（主な作業内容）,https://www.pref.hokkaido.lg.jp/hf/shf/ko-chin.html,421e74688457df8f
北海道,小物雑貨・生活用品,小物雑貨,かたつむりの舎,,0111001079,突合済み,pref+city+name,かたつむりの舎,江別市,公表データ,北海道 工賃実績（主な作業内容）,https://www.pref.hokkaido.lg.jp/hf/shf/ko-chin.html,37e25981bdd0c10d
北海道,小物雑貨・生活用品,小物雑貨,きらめき,,0112908546,突合済み,pref+city+name,きらめき,旭川市,公表データ,北海道 工賃実績（主な作業内容）,https://www.pref.hokkaido.lg.jp/hf/shf/ko-chin.html,29deb1270036339d
北海道,小物雑貨・生活用品,小物雑貨,くるみ,,0114702053,突合済み,pref+city+name,くるみ,河東郡上士幌町,公表データ,北海道 工賃実績（主な作業内容）,https://www.pref.hokkaido.lg.jp/hf/shf/ko-chin.html,80f3eacf763b95a7
北海道,小物雑貨・生活用品,小物雑貨,ここの家,,0110800422,突合済み,pref+city+name,ここの家,札幌市厚別区,公表データ,北海道 工賃実績（主な作業内容）,https://www.pref.hokkaido.lg.jp/hf/shf/ko-chin.html,886b6bb3bc2d962d
北海道,小物雑貨・生活用品,小物雑貨,ころりん,,0110405248,突合済み,pref+city+name,ころりん,札幌市白石区,公表データ,北海道 工賃実績（主な作業内容）,https://www.pref.hokkaido.lg.jp/hf/shf/ko-chin.html,09ea2bda10466dc4
北海道,小物雑貨・生活用品,小物雑貨,しえんす,,0114102189,突合済み,pref+city+name,しえんす,釧路市,公表データ,北海道 工賃実績（主な作業内容）,https://www.pref.hokkaido.lg.jp/hf/shf/ko-chin.html,71bb6feb4fad9dfc
北海道,小物雑貨・生活用品,小物雑貨,しらかば,,0112906078,突合済み,pref+city+name,しらかば,旭川市,公表データ,北海道 工賃実績（主な作業内容）,https://www.pref.hokkaido.lg.jp/hf/shf/ko-chin.html,a0de12af442d8e23
北海道,小物雑貨・生活用品,小物雑貨,すてっぷ,,0110204039,突合済み,pref+city+name,すてっぷ,札幌市北区,公表データ,北海道 工賃実績（主な作業内容）,https://www.pref.hokkaido.lg.jp/hf/shf/ko-chin.html,647ad3c48007ee1e
北海道,小物雑貨・生活用品,小物雑貨,すまいる,,0112905963,突合済み,pref+city+name,すまいる,旭川市,公表データ,北海道 工賃実績（主な作業内容）,https://www.pref.hokkaido.lg.jp/hf/shf/ko-chin.html,1be0bdb8b8c13a3c
北海道,小物雑貨・生活用品,小物雑貨,すまいるB,,0114300437,突合済み,pref+name,すまいるB,川上郡弟子屈町,公表データ,北海道 工賃実績（主な作業内容）,https://www.pref.hokkaido.lg.jp/hf/shf/ko-chin.html,afaf92f1e2154307
北海道,小物雑貨・生活用品,小物雑貨,せいがん,,0110401270,突合済み,pref+city+name,せいがん,札幌市西区,公表データ,北海道 工賃実績（主な作業内容）,https://www.pref.hokkaido.lg.jp/hf/shf/ko-chin.html,232e5956a4d5aae6
北海道,小物雑貨・生活用品,小物雑貨,そば処 今々亭,,,未突合,unmatched,,,公表データ,北海道 工賃実績（主な作業内容）,https://www.pref.hokkaido.lg.jp/hf/shf/ko-chin.html,
北海道,小物雑貨・生活用品,小物雑貨,ていくるーと,,,未突合,unmatched,,,公表データ,北海道 工賃実績（主な作業内容）,https://www.pref.hokkaido.lg.jp/hf/shf/ko-chin.html,
北海道,小物雑貨・生活用品,小物雑貨,でこぼこW,,,未突合,unmatched,,,公表データ,北海道 工賃実績（主な作業内容）,https://www.pref.hokkaido.lg.jp/hf/shf/ko-chin.html,
北海道,小物雑貨・生活用品,小物雑貨,とんとん,,0112906631,突合済み,pref+city+name,とんとん,旭川市,公表データ,北海道 工賃実績（主な作業内容）,https://www.pref.hokkaido.lg.jp/hf/shf/ko-chin.html,85ed0c93314ef7da
北海道,小物雑貨・生活用品,小物雑貨,ななはち,,0114102239,突合済み,pref+city+name,ななはち,釧路市,公表データ,北海道 工賃実績（主な作業内容）,https://www.pref.hokkaido.lg.jp/hf/shf/ko-chin.html,51cb3b48d699b1a7
北海道,小物雑貨・生活用品,小物雑貨,にっか,,,未突合,ambiguous,,,公表データ,北海道 工賃実績（主な作業内容）,https://www.pref.hokkaido.lg.jp/hf/shf/ko-chin.html,
北海道,小物雑貨・生活用品,小物雑貨,ねむの木えさし,,0111600490,突合済み,pref+city+name,ねむの木えさし,檜山郡江差町,公表データ,北海道 工賃実績（主な作業内容）,https://www.pref.hokkaido.lg.jp/hf/shf/ko-chin.html,0d7a60ae976448b5
北海道,小物雑貨・生活用品,小物雑貨,のんき村,,0114300072,突合済み,pref+city+name,のんき村,厚岸郡厚岸町,公表データ,北海道 工賃実績（主な作業内容）,https://www.pref.hokkaido.lg.jp/hf/shf/ko-chin.html,af1e54c23c970a2f
北海道,小物雑貨・生活用品,小物雑貨,はちわれ,,0110405032,突合済み,pref+city+name,はちわれ,札幌市清田区,公表データ,北海道 工賃実績（主な作業内容）,https://www.pref.hokkaido.lg.jp/hf/shf/ko-chin.html,f37d6da366bddfed
北海道,小物雑貨・生活用品,小物雑貨,はーべすと,,0112909502,突合済み,pref+city+name,はーべすと,旭川市,公表データ,北海道 工賃実績（主な作業内容）,https://www.pref.hokkaido.lg.jp/hf/shf/ko-chin.html,d83578a7ea062e8b
北海道,小物雑貨・生活用品,小物雑貨,ひかりぷらす,,,未突合,ambiguous,,,公表データ,北海道 工賃実績（主な作業内容）,https://www.pref.hokkaido.lg.jp/hf/shf/ko-chin.html,
北海道,小物雑貨・生活用品,小物雑貨,ひまわり函館B-1,,0111401014,突合済み,pref+city+name,ひまわり函館Ｂ−１,函館市,公表データ,北海道 工賃実績（主な作業内容）,https://www.pref.hokkaido.lg.jp/hf/shf/ko-chin.html,0d95f12de9bed9e1
北海道,小物雑貨・生活用品,小物雑貨,ひまわり黒松内B-1,,0112100177,突合済み,pref+city+name,ひまわり黒松内Ｂ−１,寿都郡黒松内町,公表データ,北海道 工賃実績（主な作業内容）,https://www.pref.hokkaido.lg.jp/hf/shf/ko-chin.html,d412c2d011008b4f
北海道,小物雑貨・生活用品,小物雑貨,ふぁん・力むず,,,未突合,unmatched,,,公表データ,北海道 工賃実績（主な作業内容）,https://www.pref.hokkaido.lg.jp/hf/shf/ko-chin.html,
北海道,小物雑貨・生活用品,小物雑貨,ぷらっと,,0114300577,突合済み,pref+city+name,ぷらっと,厚岸郡厚岸町,公表データ,北海道 工賃実績（主な作業内容）,https://www.pref.hokkaido.lg.jp/hf/shf/ko-chin.html,4bca417407079321
北海道,小物雑貨・生活用品,小物雑貨,ほっとスペースＨｕＧ,,0116400359,突合済み,pref+city+name,ほっとスペースＨｕＧ,留萌市,公表データ,北海道 工賃実績（主な作業内容）,https://www.pref.hokkaido.lg.jp/hf/shf/ko-chin.html,ca2442c8ee06f58b
北海道,小物雑貨・生活用品,小物雑貨,ほんべつつつじの園,,0114701162,突合済み,pref+city+name,ほんべつつつじの園,中川郡本別町,公表データ,北海道 工賃実績（主な作業内容）,https://www.pref.hokkaido.lg.jp/hf/shf/ko-chin.html,55e4f81f25afa448
北海道,小物雑貨・生活用品,小物雑貨,ぽから,,0110203577,突合済み,pref+city+name,ぽから,札幌市北区,公表データ,北海道 工賃実績（主な作業内容）,https://www.pref.hokkaido.lg.jp/hf/shf/ko-chin.html,fd471421c4642a4f
北海道,小物雑貨・生活用品,小物雑貨,みちくさ,,0110403979,突合済み,pref+city+name,みちくさ,札幌市白石区,公表データ,北海道 工賃実績（主な作業内容）,https://www.pref.hokkaido.lg.jp/hf/shf/ko-chin.html,30bc485f544347f6
北海道,小物雑貨・生活用品,小物雑貨,みなみな,,,未突合,unmatched,,,公表データ,北海道 工賃実績（主な作業内容）,https://www.pref.hokkaido.lg.jp/hf/shf/ko-chin.html,
北海道,小物雑貨・生活用品,小物雑貨,みのり,,,未突合,unmatched,,,公表データ,北海道 工賃実績（主な作業内容）,https://www.pref.hokkaido.lg.jp/hf/shf/ko-chin.html,
北海道,小物雑貨・生活用品,小物雑貨,もくれん,,0115800542,突合済み,pref+city+name,もくれん,夕張郡長沼町,公表データ,北海道 工賃実績（主な作業内容）,https://www.pref.hokkaido.lg.jp/hf/shf/ko-chin.html,949ad8964e8b6ae6
北海道,小物雑貨・生活用品,小物雑貨,もこもこ,,0110503737,突合済み,pref+city+name,もこもこ,札幌市北区,公表データ,北海道 工賃実績（主な作業内容）,https://www.pref.hokkaido.lg.jp/hf/shf/ko-chin.html,502240722407be86
北海道,小物雑貨・生活用品,小物雑貨,ゆうき,,,未突合,unmatched,,,公表データ,北海道 工賃実績（主な作業内容）,https://www.pref.hokkaido.lg.jp/hf/shf/ko-chin.html,
北海道,小物雑貨・生活用品,小物雑貨,ゆっくりん,,0114300627,突合済み,pref+city+name,ゆっくりん,川上郡弟子屈町,公表データ,北海道 工賃実績（主な作業内容）,https://www.pref.hokkaido.lg.jp/hf/shf/ko-chin.html,7b28ff906760bb7e
北海道,小物雑貨・生活用品,小物雑貨,ゆめみらい,,0115001067,突合済み,pref+city+name,ゆめみらい,北見市,公表データ,北海道 工賃実績（主な作業内容）,https://www.pref.hokkaido.lg.jp/hf/shf/ko-chin.html,ee8919f4ea14b009
北海道,小物雑貨・生活用品,小物雑貨,らいふ830,,0110205812,突合済み,pref+city+name,らいふ　830,札幌市北区,公表データ,北海道 工賃実績（主な作業内容）,https://www.pref.hokkaido.lg.jp/hf/shf/ko-chin.html,91cdde6e0b32bee5
北海道,小物雑貨・生活用品,小物雑貨,らいらっく,,0112907019,突合済み,pref+city+name,らいらっく,旭川市,公表データ,北海道 工賃実績（主な作業内容）,https://www.pref.hokkaido.lg.jp/hf/shf/ko-chin.html,f0fa5cc853f3b476
北海道,小物雑貨・生活用品,小物雑貨,りりーふ,,0110102647,突合済み,pref+city+name,りりーふ,札幌市中央区,公表データ,北海道 工賃実績（主な作業内容）,https://www.pref.hokkaido.lg.jp/hf/shf/ko-chin.html,271fd95aac18dd30
北海道,小物雑貨・生活用品,小物雑貨,りりーふ北大通り,,0110204468,突合済み,pref+city+name,りりーふ北大通り,札幌市北区,公表データ,北海道 工賃実績（主な作業内容）,https://www.pref.hokkaido.lg.jp/hf/shf/ko-chin.html,e69ea98ad0887f8f
北海道,小物雑貨・生活用品,小物雑貨,るくら,,0114601255,突合済み,pref+city+name,るくら,帯広市,公表データ,北海道 工賃実績（主な作業内容）,https://www.pref.hokkaido.lg.jp/hf/shf/ko-chin.html,2786cf72db51694d
北海道,小物雑貨・生活用品,小物雑貨,るるワークス,,0111402319,突合済み,pref+city+name,るるワークス,函館市,公表データ,北海道 工賃実績（主な作業内容）,https://www.pref.hokkaido.lg.jp/hf/shf/ko-chin.html,0ce59e9b0fa0e81c
北海道,小物雑貨・生活用品,小物雑貨,わく園 北見事業所,,,未突合,unmatched,,,公表データ,北海道 工賃実績（主な作業内容）,https://www.pref.hokkaido.lg.jp/hf/shf/ko-chin.html,
北海道,小物雑貨・生活用品,小物雑貨,わんこっと,,0110301306,突合済み,pref+city+name,わんこっと,札幌市東区,公表データ,北海道 工賃実績（主な作業内容）,https://www.pref.hokkaido.lg.jp/hf/shf/ko-chin.html,83747cdf2610064d
北海道,小物雑貨・生活用品,小物雑貨,わんこっと新道東,,0110300852,突合済み,pref+city+name,わんこっと新道東,札幌市東区,公表データ,北海道 工賃実績（主な作業内容）,https://www.pref.hokkaido.lg.jp/hf/shf/ko-chin.html,caa160f96a06b014
北海道,小物雑貨・生活用品,小物雑貨,アイラボ,,,未突合,ambiguous,,,公表データ,北海道 工賃実績（主な作業内容）,https://www.pref.hokkaido.lg.jp/hf/shf/ko-chin.html,
北海道,小物雑貨・生活用品,小物雑貨,アテンドワーク八軒,,0110701471,突合済み,pref+city+name,アテンドワーク八軒,札幌市西区,公表データ,北海道 工賃実績（主な作業内容）,https://www.pref.hokkaido.lg.jp/hf/shf/ko-chin.html,affd612c4de4952c
北海道,小物雑貨・生活用品,小物雑貨,アテンドワーク南平岸,,0110507001,突合済み,pref+city+name,アテンドワーク南平岸,札幌市豊平区,公表データ,北海道 工賃実績（主な作業内容）,https://www.pref.hokkaido.lg.jp/hf/shf/ko-chin.html,a5ad5aff0262508d
北海道,小物雑貨・生活用品,小物雑貨,アテンドワーク東札幌,,0110404647,突合済み,pref+city+name,アテンドワーク東札幌,札幌市白石区,公表データ,北海道 工賃実績（主な作業内容）,https://www.pref.hokkaido.lg.jp/hf/shf/ko-chin.html,551dac7f5327c0d4
北海道,小物雑貨・生活用品,小物雑貨,アテンドワーク琴似,,0110701364,突合済み,pref+city+name,アテンドワーク琴似,札幌市西区,公表データ,北海道 工賃実績（主な作業内容）,https://www.pref.hokkaido.lg.jp/hf/shf/ko-chin.html,98eca6737f2ac03e
北海道,小物雑貨・生活用品,小物雑貨,アトリエポトス,,0110101029,突合済み,pref+city+name,アトリエポトス,札幌市中央区,公表データ,北海道 工賃実績（主な作業内容）,https://www.pref.hokkaido.lg.jp/hf/shf/ko-chin.html,38cf4e3675d04b4e
北海道,小物雑貨・生活用品,小物雑貨,アドバンス,,,未突合,unmatched,,,公表データ,北海道 工賃実績（主な作業内容）,https://www.pref.hokkaido.lg.jp/hf/shf/ko-chin.html,
北海道,小物雑貨・生活用品,小物雑貨,アプローチ,,0110302189,突合済み,pref+city+name,アプローチ,札幌市東区,公表データ,北海道 工賃実績（主な作業内容）,https://www.pref.hokkaido.lg.jp/hf/shf/ko-chin.html,35f24a29b58cc85f
北海道,小物雑貨・生活用品,小物雑貨,アポロ計画,,,未突合,unmatched,,,公表データ,北海道 工賃実績（主な作業内容）,https://www.pref.hokkaido.lg.jp/hf/shf/ko-chin.html,
北海道,小物雑貨・生活用品,小物雑貨,アワーズワーク札幌中央,,0110104395,突合済み,pref+city+name,アワーズワーク札幌中央,札幌市中央区,公表データ,北海道 工賃実績（主な作業内容）,https://www.pref.hokkaido.lg.jp/hf/shf/ko-chin.html,d4b8366d46afa9a9
北海道,小物雑貨・生活用品,小物雑貨,アワーズワーク桑園,,0110105186,突合済み,pref+city+name,アワーズワーク桑園,札幌市中央区,公表データ,北海道 工賃実績（主な作業内容）,https://www.pref.hokkaido.lg.jp/hf/shf/ko-chin.html,e74f55b02ff92797
北海道,小物雑貨・生活用品,小物雑貨,アースリンク,,0114702319,突合済み,pref+city+name,アースリンク,帯広市,公表データ,北海道 工賃実績（主な作業内容）,https://www.pref.hokkaido.lg.jp/hf/shf/ko-chin.html,c40dc67debf455dc
北海道,小物雑貨・生活用品,小物雑貨,イコロ,,,未突合,unmatched,,,公表データ,北海道 工賃実績（主な作業内容）,https://www.pref.hokkaido.lg.jp/hf/shf/ko-chin.html,
北海道,小物雑貨・生活用品,小物雑貨,イーユーホーム,,0110402229,突合済み,pref+city+name,イーユーホーム,札幌市西区,公表データ,北海道 工賃実績（主な作業内容）,https://www.pref.hokkaido.lg.jp/hf/shf/ko-chin.html,d642c76f072053ea
北海道,小物雑貨・生活用品,小物雑貨,ウィンドバレー,,0111100574,突合済み,pref+city+name,ウィンドバレー,千歳市,公表データ,北海道 工賃実績（主な作業内容）,https://www.pref.hokkaido.lg.jp/hf/shf/ko-chin.html,3d0c8c84aa4cc532
北海道,小物雑貨・生活用品,小物雑貨,エルフィン,,0110503919,突合済み,pref+city+name,エルフィン,札幌市中央区,公表データ,北海道 工賃実績（主な作業内容）,https://www.pref.hokkaido.lg.jp/hf/shf/ko-chin.html,d6807c0e7d06ff24
北海道,小物雑貨・生活用品,小物雑貨,エーアイワークス,,0112000617,突合済み,pref+city+name,エーアイワークス,小樽市,公表データ,北海道 工賃実績（主な作業内容）,https://www.pref.hokkaido.lg.jp/hf/shf/ko-chin.html,967c5f765539b734
北海道,小物雑貨・生活用品,小物雑貨,エール生活支援ステーション一歩,,0110300977,突合済み,pref+city+name,エール生活支援ステーション　一歩,札幌市東区,公表データ,北海道 工賃実績（主な作業内容）,https://www.pref.hokkaido.lg.jp/hf/shf/ko-chin.html,53e81e8c82878299
北海道,小物雑貨・生活用品,小物雑貨,オープンドア,,0110600863,突合済み,pref+city+name,オープンドア,札幌市南区,公表データ,北海道 工賃実績（主な作業内容）,https://www.pref.hokkaido.lg.jp/hf/shf/ko-chin.html,d04b270bc689b441
北海道,小物雑貨・生活用品,小物雑貨,キッチンぱすてる,,,未突合,city_mismatch,,,公表データ,北海道 工賃実績（主な作業内容）,https://www.pref.hokkaido.lg.jp/hf/shf/ko-chin.html,
北海道,小物雑貨・生活用品,小物雑貨,キラリとよひらワークス,,0110507100,突合済み,pref+city+name,キラリとよひらワークス,札幌市豊平区,公表データ,北海道 工賃実績（主な作業内容）,https://www.pref.hokkaido.lg.jp/hf/shf/ko-chin.html,d9dfa2d23cabc379
北海道,小物雑貨・生活用品,小物雑貨,ギャラリーかたるべプラス,,0113100259,突合済み,pref+city+name,ギャラリーかたるべプラス,上川郡当麻町,公表データ,北海道 工賃実績（主な作業内容）,https://www.pref.hokkaido.lg.jp/hf/shf/ko-chin.html,b86d4a963aaa43df
北海道,小物雑貨・生活用品,小物雑貨,クラブハウスコロポックル,,0110502358,突合済み,pref+city+name,クラブハウスコロポックル,札幌市豊平区,公表データ,北海道 工賃実績（主な作業内容）,https://www.pref.hokkaido.lg.jp/hf/shf/ko-chin.html,2d434f3c388964a1
北海道,小物雑貨・生活用品,小物雑貨,クリン,,0111402517,突合済み,pref+city+name,クリン,函館市,公表データ,北海道 工賃実績（主な作業内容）,https://www.pref.hokkaido.lg.jp/hf/shf/ko-chin.html,33de6e81f20e230a
北海道,小物雑貨・生活用品,小物雑貨,クレデンツァ札幌石山,,0110601143,突合済み,pref+city+name,クレデンツァ札幌石山,札幌市南区,公表データ,北海道 工賃実績（主な作業内容）,https://www.pref.hokkaido.lg.jp/hf/shf/ko-chin.html,b6b25c59e22917f1
北海道,小物雑貨・生活用品,小物雑貨,クレバ,,0110302254,突合済み,pref+city+name,クレバ,札幌市東区,公表データ,北海道 工賃実績（主な作業内容）,https://www.pref.hokkaido.lg.jp/hf/shf/ko-chin.html,8512c45d8bdec897
北海道,小物雑貨・生活用品,小物雑貨,クローバーベリー,,0114701980,突合済み,pref+city+name,クローバー　ベリー,河東郡音更町,公表データ,北海道 工賃実績（主な作業内容）,https://www.pref.hokkaido.lg.jp/hf/shf/ko-chin.html,36c7d509b92d68c0
北海道,小物雑貨・生活用品,小物雑貨,クローバーモア,,0114702178,突合済み,pref+city+name,クローバーモア,河西郡更別村,公表データ,北海道 工賃実績（主な作業内容）,https://www.pref.hokkaido.lg.jp/hf/shf/ko-chin.html,75d51ea2ac6ce948
北海道,小物雑貨・生活用品,小物雑貨,クローバー共同作業所,,0114701774,突合済み,pref+city+name,クローバー共同作業所,中川郡池田町,公表データ,北海道 工賃実績（主な作業内容）,https://www.pref.hokkaido.lg.jp/hf/shf/ko-chin.html,1adf1590f2ca095e
北海道,小物雑貨・生活用品,小物雑貨,グゥタッチ,,0111100889,突合済み,pref+city+name,グゥタッチ,千歳市,公表データ,北海道 工賃実績（主な作業内容）,https://www.pref.hokkaido.lg.jp/hf/shf/ko-chin.html,c9599e991d86da7f
北海道,小物雑貨・生活用品,小物雑貨,グラン・ジュテ,,0114102254,突合済み,pref+city+name,グラン・ジュテ,釧路市,公表データ,北海道 工賃実績（主な作業内容）,https://www.pref.hokkaido.lg.jp/hf/shf/ko-chin.html,17abea3feb818df6
北海道,小物雑貨・生活用品,小物雑貨,コネクトワークス月寒,,,未突合,unmatched,,,公表データ,北海道 工賃実績（主な作業内容）,https://www.pref.hokkaido.lg.jp/hf/shf/ko-chin.html,
北海道,小物雑貨・生活用品,小物雑貨,コミュニティおとべ,,,未突合,unmatched,,,公表データ,北海道 工賃実績（主な作業内容）,https://www.pref.hokkaido.lg.jp/hf/shf/ko-chin.html,
北海道,小物雑貨・生活用品,小物雑貨,コラボワーク,,0111100988,突合済み,pref+city+name,コラボワーク,千歳市,公表データ,北海道 工賃実績（主な作業内容）,https://www.pref.hokkaido.lg.jp/hf/shf/ko-chin.html,9deddd3d2bfdfcec
北海道,小物雑貨・生活用品,小物雑貨,コロポックルはこだて,,0111401147,突合済み,pref+city+name,コロポックルはこだて,函館市,公表データ,北海道 工賃実績（主な作業内容）,https://www.pref.hokkaido.lg.jp/hf/shf/ko-chin.html,e9ef72332719d506
北海道,小物雑貨・生活用品,小物雑貨,ゴチャマーゼ,,0113500870,突合済み,pref+city+name,ゴチャマーゼ,室蘭市,公表データ,北海道 工賃実績（主な作業内容）,https://www.pref.hokkaido.lg.jp/hf/shf/ko-chin.html,dd7a490b8186bb3d
北海道,小物雑貨・生活用品,小物雑貨,ゴールズ平岸,,0110507282,突合済み,pref+city+name,ゴールズ平岸,札幌市豊平区,公表データ,北海道 工賃実績（主な作業内容）,https://www.pref.hokkaido.lg.jp/hf/shf/ko-chin.html,db4ee76b0c3f9281
北海道,小物雑貨・生活用品,小物雑貨,サポートステーション・ステップ,,0116100157,突合済み,pref+city+name,サポートステーション・ステップ,美唄市,公表データ,北海道 工賃実績（主な作業内容）,https://www.pref.hokkaido.lg.jp/hf/shf/ko-chin.html,fbdb3b63c2e2b913
北海道,小物雑貨・生活用品,小物雑貨,サポートステーション愛,,0112908074,突合済み,pref+city+name,サポートステーション愛,旭川市,公表データ,北海道 工賃実績（主な作業内容）,https://www.pref.hokkaido.lg.jp/hf/shf/ko-chin.html,298f0e6daa7df06d
北海道,小物雑貨・生活用品,小物雑貨,サポートセンターたね,,0112500350,突合済み,pref+city+name,サポートセンターたね,余市郡余市町,公表データ,北海道 工賃実績（主な作業内容）,https://www.pref.hokkaido.lg.jp/hf/shf/ko-chin.html,417a3c1279992b26
北海道,小物雑貨・生活用品,小物雑貨,サポートセンターユリーカ,,0111100657,突合済み,pref+city+name,サポートセンターユリーカ,千歳市,公表データ,北海道 工賃実績（主な作業内容）,https://www.pref.hokkaido.lg.jp/hf/shf/ko-chin.html,ba23ec36aab41bdd
北海道,小物雑貨・生活用品,小物雑貨,サポートセンター札幌,,0110402567,突合済み,pref+city+name,サポートセンター札幌,札幌市白石区,公表データ,北海道 工賃実績（主な作業内容）,https://www.pref.hokkaido.lg.jp/hf/shf/ko-chin.html,e0538c0518d31329
北海道,小物雑貨・生活用品,小物雑貨,サンライフ,,0110103603,突合済み,pref+city+name,サンライフ,札幌市中央区,公表データ,北海道 工賃実績（主な作業内容）,https://www.pref.hokkaido.lg.jp/hf/shf/ko-chin.html,304c38e17a764c70
北海道,小物雑貨・生活用品,小物雑貨,サードエスポワール北見,,0115001570,突合済み,pref+city+name,サードエスポワール北見,北見市,公表データ,北海道 工賃実績（主な作業内容）,https://www.pref.hokkaido.lg.jp/hf/shf/ko-chin.html,ef0db5dbed2d746c
北海道,小物雑貨・生活用品,小物雑貨,シング,,0114102486,突合済み,pref+city+name,シング,釧路市,公表データ,北海道 工賃実績（主な作業内容）,https://www.pref.hokkaido.lg.jp/hf/shf/ko-chin.html,e31482a7edeca802
北海道,小物雑貨・生活用品,小物雑貨,シードワークス,,0111501631,突合済み,pref+city+name,シードワークス,北斗市,公表データ,北海道 工賃実績（主な作業内容）,https://www.pref.hokkaido.lg.jp/hf/shf/ko-chin.html,1be8ec25c0e81870
北海道,小物雑貨・生活用品,小物雑貨,ジェニアル空知,,0116100504,突合済み,pref+city+name,ジェニアル空知,美唄市,公表データ,北海道 工賃実績（主な作業内容）,https://www.pref.hokkaido.lg.jp/hf/shf/ko-chin.html,2c1c8394582bffaf
北海道,小物雑貨・生活用品,小物雑貨,ジャパニケア札幌,,0110104866,突合済み,pref+city+name,ジャパニケア札幌,札幌市中央区,公表データ,北海道 工賃実績（主な作業内容）,https://www.pref.hokkaido.lg.jp/hf/shf/ko-chin.html,be3199ea932d6963
北海道,小物雑貨・生活用品,小物雑貨,ジョブサポートひびき,,0111401295,突合済み,pref+city+name,ジョブサポートひびき,函館市,公表データ,北海道 工賃実績（主な作業内容）,https://www.pref.hokkaido.lg.jp/hf/shf/ko-chin.html,c4c618e411372500
北海道,小物雑貨・生活用品,小物雑貨,ジョブスペースわくラボ,,0110506870,突合済み,pref+city+name,ジョブスペース　わくラボ,札幌市豊平区,公表データ,北海道 工賃実績（主な作業内容）,https://www.pref.hokkaido.lg.jp/hf/shf/ko-chin.html,e8efd131b0b567f6
北海道,小物雑貨・生活用品,小物雑貨,ジョブタスもいわ事業所,,,未突合,ambiguous,,,公表データ,北海道 工賃実績（主な作業内容）,https://www.pref.hokkaido.lg.jp/hf/shf/ko-chin.html,
北海道,小物雑貨・生活用品,小物雑貨,ジョブタス北大前,,,未突合,unmatched,,,公表データ,北海道 工賃実績（主な作業内容）,https://www.pref.hokkaido.lg.jp/hf/shf/ko-chin.html,
北海道,小物雑貨・生活用品,小物雑貨,ジョブタス千歳勇舞事業所,,0111100905,突合済み,pref+city+name,ジョブタス千歳勇舞事業所,千歳市,公表データ,北海道 工賃実績（主な作業内容）,https://www.pref.hokkaido.lg.jp/hf/shf/ko-chin.html,f28b80b443d9cc6d
北海道,小物雑貨・生活用品,小物雑貨,ジョブタス南郷7丁目事業所,,0110404456,突合済み,pref+city+name,ジョブタス南郷7丁目事業所,札幌市白石区,公表データ,北海道 工賃実績（主な作業内容）,https://www.pref.hokkaido.lg.jp/hf/shf/ko-chin.html,39032fed75611d1b
北海道,小物雑貨・生活用品,小物雑貨,ジョブタス山鼻事業所,,0110103892,突合済み,pref+city+name,ジョブタス山鼻事業所,札幌市中央区,公表データ,北海道 工賃実績（主な作業内容）,https://www.pref.hokkaido.lg.jp/hf/shf/ko-chin.html,b790a0164faf78db
北海道,小物雑貨・生活用品,小物雑貨,ジョブタス岩見沢緑が丘事業所,,0115701153,突合済み,pref+city+name,ジョブタス岩見沢緑が丘事業所,岩見沢市,公表データ,北海道 工賃実績（主な作業内容）,https://www.pref.hokkaido.lg.jp/hf/shf/ko-chin.html,575c1ff4d1285366
北海道,小物雑貨・生活用品,小物雑貨,ジョブタス本郷通2丁目事業所,,0110404993,突合済み,pref+city+name,ジョブタス本郷通２丁目事業所,札幌市白石区,公表データ,北海道 工賃実績（主な作業内容）,https://www.pref.hokkaido.lg.jp/hf/shf/ko-chin.html,4eade53dd039d040
北海道,小物雑貨・生活用品,小物雑貨,ジョブタス白石事業所,,0110402542,突合済み,pref+city+name,ジョブタス　白石事業所,札幌市白石区,公表データ,北海道 工賃実績（主な作業内容）,https://www.pref.hokkaido.lg.jp/hf/shf/ko-chin.html,dabdf3554cfe71c0
北海道,小物雑貨・生活用品,小物雑貨,ジョブタス砂川事業所,,0117100735,突合済み,pref+city+name,ジョブタス砂川事業所,砂川市,公表データ,北海道 工賃実績（主な作業内容）,https://www.pref.hokkaido.lg.jp/hf/shf/ko-chin.html,96d6fbe3658c2014
北海道,小物雑貨・生活用品,小物雑貨,ジョブタス美園事業所,,0110506599,突合済み,pref+city+name,ジョブタス美園事業所,札幌市豊平区,公表データ,北海道 工賃実績（主な作業内容）,https://www.pref.hokkaido.lg.jp/hf/shf/ko-chin.html,86c7f7c09da5850e
北海道,小物雑貨・生活用品,小物雑貨,ジョブタス菊水事業所,,0110403078,突合済み,pref+city+name,ジョブタス菊水事業所,札幌市白石区,公表データ,北海道 工賃実績（主な作業内容）,https://www.pref.hokkaido.lg.jp/hf/shf/ko-chin.html,3c68e4fa91882947
北海道,小物雑貨・生活用品,小物雑貨,ジョブタス西宮の沢,,,未突合,unmatched,,,公表データ,北海道 工賃実績（主な作業内容）,https://www.pref.hokkaido.lg.jp/hf/shf/ko-chin.html,
北海道,小物雑貨・生活用品,小物雑貨,ジョブタス青雲町事業所,,0113602544,突合済み,pref+city+name,ジョブタス青雲町事業所,苫小牧市,公表データ,北海道 工賃実績（主な作業内容）,https://www.pref.hokkaido.lg.jp/hf/shf/ko-chin.html,614b904dece5d683
北海道,小物雑貨・生活用品,小物雑貨,ジョブベース・ぴすと,,0110204500,突合済み,pref+city+name,ジョブベース・ぴすと,札幌市北区,公表データ,北海道 工賃実績（主な作業内容）,https://www.pref.hokkaido.lg.jp/hf/shf/ko-chin.html,e355ab0408e017b4
北海道,小物雑貨・生活用品,小物雑貨,ステップアップおたる,,0112000302,突合済み,pref+city+name,ステップアップおたる,小樽市,公表データ,北海道 工賃実績（主な作業内容）,https://www.pref.hokkaido.lg.jp/hf/shf/ko-chin.html,e6bbfea5212ab075
北海道,小物雑貨・生活用品,小物雑貨,スマイル,,,未突合,ambiguous,,,公表データ,北海道 工賃実績（主な作業内容）,https://www.pref.hokkaido.lg.jp/hf/shf/ko-chin.html,
北海道,小物雑貨・生活用品,小物雑貨,スマイル・ミー,,0111001459,突合済み,pref+city+name,スマイル・ミー,江別市,公表データ,北海道 工賃実績（主な作業内容）,https://www.pref.hokkaido.lg.jp/hf/shf/ko-chin.html,f7baadf741736e33
北海道,小物雑貨・生活用品,小物雑貨,スミールヒュースみすまい,,0110600665,突合済み,pref+city+name,スミールヒュースみすまい,札幌市南区,公表データ,北海道 工賃実績（主な作業内容）,https://www.pref.hokkaido.lg.jp/hf/shf/ko-chin.html,babebe6d6eea63c5
北海道,小物雑貨・生活用品,小物雑貨,セルプ ノイエ,,0112907167,突合済み,pref+city+name,セルプ　ノイエ,旭川市,公表データ,北海道 工賃実績（主な作業内容）,https://www.pref.hokkaido.lg.jp/hf/shf/ko-chin.html,acb0843801a661dd
北海道,小物雑貨・生活用品,小物雑貨,セルプ フロイデ,,0112907159,突合済み,pref+city+name,セルプ　フロイデ,旭川市,公表データ,北海道 工賃実績（主な作業内容）,https://www.pref.hokkaido.lg.jp/hf/shf/ko-chin.html,6b1ca5895d612392
北海道,小物雑貨・生活用品,小物雑貨,セルプ 豊里,,0112906268,突合済み,pref+city+name,セルプ　豊里,旭川市,公表データ,北海道 工賃実績（主な作業内容）,https://www.pref.hokkaido.lg.jp/hf/shf/ko-chin.html,98f5caf1b82e0fff
北海道,小物雑貨・生活用品,小物雑貨,ゼニス,,0110302916,突合済み,pref+city+name,ゼニス,札幌市東区,公表データ,北海道 工賃実績（主な作業内容）,https://www.pref.hokkaido.lg.jp/hf/shf/ko-chin.html,1fc3ecaef029ae15
北海道,小物雑貨・生活用品,小物雑貨,チアアップ,,0110404373,突合済み,pref+city+name,チアアップ,札幌市白石区,公表データ,北海道 工賃実績（主な作業内容）,https://www.pref.hokkaido.lg.jp/hf/shf/ko-chin.html,96a7f021f6286b16
北海道,小物雑貨・生活用品,小物雑貨,チョコかしわぎ,,0111402400,突合済み,pref+city+name,チョコかしわぎ,函館市,公表データ,北海道 工賃実績（主な作業内容）,https://www.pref.hokkaido.lg.jp/hf/shf/ko-chin.html,297aac22224457dc
北海道,小物雑貨・生活用品,小物雑貨,チョコかわぞえ,,0110600988,突合済み,pref+city+name,チョコかわぞえ,札幌市南区,公表データ,北海道 工賃実績（主な作業内容）,https://www.pref.hokkaido.lg.jp/hf/shf/ko-chin.html,fe0050356c45df3c
北海道,小物雑貨・生活用品,小物雑貨,チョコとまこまい,,0113602510,突合済み,pref+city+name,チョコとまこまい,苫小牧市,公表データ,北海道 工賃実績（主な作業内容）,https://www.pref.hokkaido.lg.jp/hf/shf/ko-chin.html,6840f6724b04df58
北海道,小物雑貨・生活用品,小物雑貨,チョコはこだて,,0111401758,突合済み,pref+city+name,チョコはこだて,函館市,公表データ,北海道 工賃実績（主な作業内容）,https://www.pref.hokkaido.lg.jp/hf/shf/ko-chin.html,b5bac0561a48950b
北海道,小物雑貨・生活用品,小物雑貨,チョコゆのはま,,0111402046,突合済み,pref+city+name,チョコゆのはま,函館市,公表データ,北海道 工賃実績（主な作業内容）,https://www.pref.hokkaido.lg.jp/hf/shf/ko-chin.html,f61dacfb9bbe7e6c
北海道,小物雑貨・生活用品,小物雑貨,テラグラッサ北海道江別,,,未突合,unmatched,,,公表データ,北海道 工賃実績（主な作業内容）,https://www.pref.hokkaido.lg.jp/hf/shf/ko-chin.html,
北海道,小物雑貨・生活用品,小物雑貨,ネクストステージアネックス,,0110404498,突合済み,pref+city+name,ネクストステージ　アネックス,札幌市白石区,公表データ,北海道 工賃実績（主な作業内容）,https://www.pref.hokkaido.lg.jp/hf/shf/ko-chin.html,7d7f1badba15012f
北海道,小物雑貨・生活用品,小物雑貨,ネクストフューチャー発寒,,0110701554,突合済み,pref+city+name,ネクストフューチャー発寒,札幌市西区,公表データ,北海道 工賃実績（主な作業内容）,https://www.pref.hokkaido.lg.jp/hf/shf/ko-chin.html,0786a69da8512070
北海道,小物雑貨・生活用品,小物雑貨,ネクストワン,,0112909635,突合済み,pref+city+name,ネクストワン,旭川市,公表データ,北海道 工賃実績（主な作業内容）,https://www.pref.hokkaido.lg.jp/hf/shf/ko-chin.html,d6cc34260a0a3a3a
北海道,小物雑貨・生活用品,小物雑貨,ハローENJOY,,0115800419,突合済み,pref+city+name,ハローＥＮＪＯＹ,夕張郡栗山町,公表データ,北海道 工賃実績（主な作業内容）,https://www.pref.hokkaido.lg.jp/hf/shf/ko-chin.html,05e30ee39295ac2a
北海道,小物雑貨・生活用品,小物雑貨,パステル,,0110404852,突合済み,pref+city+name,パステル,札幌市白石区,公表データ,北海道 工賃実績（主な作業内容）,https://www.pref.hokkaido.lg.jp/hf/shf/ko-chin.html,0affd091d3f08c1e
北海道,小物雑貨・生活用品,小物雑貨,ビーイング,,0110503901,突合済み,pref+city+name,ビーイング,札幌市豊平区,公表データ,北海道 工賃実績（主な作業内容）,https://www.pref.hokkaido.lg.jp/hf/shf/ko-chin.html,464c8938b0ad9865
北海道,小物雑貨・生活用品,小物雑貨,ビートルーム,,0114101660,突合済み,pref+city+name,ビートルーム,釧路市,公表データ,北海道 工賃実績（主な作業内容）,https://www.pref.hokkaido.lg.jp/hf/shf/ko-chin.html,907f38b6b2fa7dfd
北海道,小物雑貨・生活用品,小物雑貨,ピーシーズ,,0112908629,突合済み,pref+city+name,ピーシーズ,旭川市,公表データ,北海道 工賃実績（主な作業内容）,https://www.pref.hokkaido.lg.jp/hf/shf/ko-chin.html,cf1548e82f9c7c83
北海道,小物雑貨・生活用品,小物雑貨,フリッパー,,0114601487,突合済み,pref+city+name,フリッパー,帯広市,公表データ,北海道 工賃実績（主な作業内容）,https://www.pref.hokkaido.lg.jp/hf/shf/ko-chin.html,ef536893f742209b
北海道,小物雑貨・生活用品,小物雑貨,ブライトカレッジ恵庭,,,未突合,unmatched,,,公表データ,北海道 工賃実績（主な作業内容）,https://www.pref.hokkaido.lg.jp/hf/shf/ko-chin.html,
北海道,小物雑貨・生活用品,小物雑貨,ブライトカレッジ登別,,,未突合,unmatched,,,公表データ,北海道 工賃実績（主な作業内容）,https://www.pref.hokkaido.lg.jp/hf/shf/ko-chin.html,
北海道,小物雑貨・生活用品,小物雑貨,ホープ共同作業所,,0116400342,突合済み,pref+city+name,ホープ共同作業所,留萌市,公表データ,北海道 工賃実績（主な作業内容）,https://www.pref.hokkaido.lg.jp/hf/shf/ko-chin.html,81820cdafbd1c9e7
北海道,小物雑貨・生活用品,小物雑貨,ポラリス,,0110102449,突合済み,pref+city+name,ポラリス,札幌市中央区,公表データ,北海道 工賃実績（主な作業内容）,https://www.pref.hokkaido.lg.jp/hf/shf/ko-chin.html,033862724044a05a
北海道,小物雑貨・生活用品,小物雑貨,ムーブオン,,0110505054,突合済み,pref+city+name,ムーブオン,札幌市豊平区,公表データ,北海道 工賃実績（主な作業内容）,https://www.pref.hokkaido.lg.jp/hf/shf/ko-chin.html,4b738cff093c7986
北海道,小物雑貨・生活用品,小物雑貨,ムーブオン平岸中央,,0110505542,突合済み,pref+city+name,ムーブオン　平岸中央,札幌市豊平区,公表データ,北海道 工賃実績（主な作業内容）,https://www.pref.hokkaido.lg.jp/hf/shf/ko-chin.html,bebf88e1fee22f2e
北海道,小物雑貨・生活用品,小物雑貨,メタゲーム札幌,,0110105236,突合済み,pref+city+name,メタゲーム札幌,札幌市中央区,公表データ,北海道 工賃実績（主な作業内容）,https://www.pref.hokkaido.lg.jp/hf/shf/ko-chin.html,ced3e0d78d41a16e
北海道,小物雑貨・生活用品,小物雑貨,ユートス,,0112001276,突合済み,pref+city+name,ユートス,小樽市,公表データ,北海道 工賃実績（主な作業内容）,https://www.pref.hokkaido.lg.jp/hf/shf/ko-chin.html,ec298aa38690b4ec
北海道,小物雑貨・生活用品,小物雑貨,ライズホーム道,,0110203155,突合済み,pref+city+name,ライズホーム道,札幌市東区,公表データ,北海道 工賃実績（主な作業内容）,https://www.pref.hokkaido.lg.jp/hf/shf/ko-chin.html,700447f7b64b3351
北海道,小物雑貨・生活用品,小物雑貨,ライブコネクトくだん,,0117400499,突合済み,pref+city+name,ライブコネクトくだん,深川市,公表データ,北海道 工賃実績（主な作業内容）,https://www.pref.hokkaido.lg.jp/hf/shf/ko-chin.html,12f609ba66ce8ad8
北海道,小物雑貨・生活用品,小物雑貨,ラボルスタシオ,,0110104064,突合済み,pref+city+name,ラボルスタシオ,札幌市西区,公表データ,北海道 工賃実績（主な作業内容）,https://www.pref.hokkaido.lg.jp/hf/shf/ko-chin.html,a4ca936b66c4ffb6
北海道,小物雑貨・生活用品,小物雑貨,ラポール,,0110700697,突合済み,pref+city+name,ラポール,札幌市西区,公表データ,北海道 工賃実績（主な作業内容）,https://www.pref.hokkaido.lg.jp/hf/shf/ko-chin.html,8d0134f7fe407582
北海道,小物雑貨・生活用品,小物雑貨,ラポール,,0110700697,突合済み,pref+city+name,ラポール,札幌市西区,公表データ,北海道 工賃実績（主な作業内容）,https://www.pref.hokkaido.lg.jp/hf/shf/ko-chin.html,8d0134f7fe407582
北海道,小物雑貨・生活用品,小物雑貨,リッジウッド,,0114102635,突合済み,pref+city+name,リッジウッド,釧路市,公表データ,北海道 工賃実績（主な作業内容）,https://www.pref.hokkaido.lg.jp/hf/shf/ko-chin.html,3005112d32f79966
北海道,小物雑貨・生活用品,小物雑貨,リボン（Re Born）,,,未突合,unmatched,,,公表データ,北海道 工賃実績（主な作業内容）,https://www.pref.hokkaido.lg.jp/hf/shf/ko-chin.html,
北海道,小物雑貨・生活用品,小物雑貨,ワークサポートふれあい,,0114600901,突合済み,pref+city+name,ワークサポートふれあい,帯広市,公表データ,北海道 工賃実績（主な作業内容）,https://www.pref.hokkaido.lg.jp/hf/shf/ko-chin.html,b09fae0a202daec4
北海道,小物雑貨・生活用品,小物雑貨,ワークサポート・プティパ,,0110503703,突合済み,pref+city+name,ワークサポート・プティパ,札幌市清田区,公表データ,北海道 工賃実績（主な作業内容）,https://www.pref.hokkaido.lg.jp/hf/shf/ko-chin.html,dcba3c1f9ac98c4c
北海道,小物雑貨・生活用品,小物雑貨,ワークショップさんれっど,,0113100713,突合済み,pref+city+name,ワークショップ　さんれっど,上川郡当麻町,公表データ,北海道 工賃実績（主な作業内容）,https://www.pref.hokkaido.lg.jp/hf/shf/ko-chin.html,afd8a5eb21463c5e
北海道,小物雑貨・生活用品,小物雑貨,ワークショップ・エンジェル,,0110101052,突合済み,pref+city+name,ワークショップ・エンジェル,札幌市東区,公表データ,北海道 工賃実績（主な作業内容）,https://www.pref.hokkaido.lg.jp/hf/shf/ko-chin.html,1463c0569efd5720
北海道,小物雑貨・生活用品,小物雑貨,上富良野町就労支援事業所てとりす,,,未突合,unmatched,,,公表データ,北海道 工賃実績（主な作業内容）,https://www.pref.hokkaido.lg.jp/hf/shf/ko-chin.html,
北海道,小物雑貨・生活用品,小物雑貨,上富良野町就労支援事業所とむとむ,,,未突合,unmatched,,,公表データ,北海道 工賃実績（主な作業内容）,https://www.pref.hokkaido.lg.jp/hf/shf/ko-chin.html,
北海道,小物雑貨・生活用品,小物雑貨,中富良野町Libre,,,未突合,unmatched,,,公表データ,北海道 工賃実績（主な作業内容）,https://www.pref.hokkaido.lg.jp/hf/shf/ko-chin.html,
北海道,小物雑貨・生活用品,小物雑貨,共同ワークショップ「にんじん」,,0115700395,突合済み,pref+city+name,共同ワークショップ「にんじん」,岩見沢市,公表データ,北海道 工賃実績（主な作業内容）,https://www.pref.hokkaido.lg.jp/hf/shf/ko-chin.html,740ccabbddf57420
北海道,小物雑貨・生活用品,小物雑貨,共同作業所ぽろみな,,0110900560,突合済み,pref+city+name,共同作業所　ぽろみな,札幌市手稲区,公表データ,北海道 工賃実績（主な作業内容）,https://www.pref.hokkaido.lg.jp/hf/shf/ko-chin.html,dad3266a8f5f75cb
北海道,小物雑貨・生活用品,小物雑貨,千蛍社,,0111401824,突合済み,pref+city+name,千蛍社,函館市,公表データ,北海道 工賃実績（主な作業内容）,https://www.pref.hokkaido.lg.jp/hf/shf/ko-chin.html,bb729ff3f9fef218
北海道,小物雑貨・生活用品,小物雑貨,地域自立活動支援センター,,,未突合,unmatched,,,公表データ,北海道 工賃実績（主な作業内容）,https://www.pref.hokkaido.lg.jp/hf/shf/ko-chin.html,
北海道,小物雑貨・生活用品,小物雑貨,夕陽が丘,,0111401816,突合済み,pref+city+name,夕陽が丘,函館市,公表データ,北海道 工賃実績（主な作業内容）,https://www.pref.hokkaido.lg.jp/hf/shf/ko-chin.html,1c2d96950ba22eee
北海道,小物雑貨・生活用品,小物雑貨,多機能事業所うさぎ,,,未突合,unmatched,,,公表データ,北海道 工賃実績（主な作業内容）,https://www.pref.hokkaido.lg.jp/hf/shf/ko-chin.html,
北海道,小物雑貨・生活用品,小物雑貨,多機能型ワークセンター青葉,,0115300360,突合済み,pref+city+name,多機能型ワークセンター青葉,斜里郡斜里町,公表データ,北海道 工賃実績（主な作業内容）,https://www.pref.hokkaido.lg.jp/hf/shf/ko-chin.html,911d337c1974313b
北海道,小物雑貨・生活用品,小物雑貨,多機能型事業所 B＝ingU,,0110302668,突合済み,pref+city+name,多機能型事業所　Ｂ＝ｉｎｇ　Ｕ,札幌市東区,公表データ,北海道 工賃実績（主な作業内容）,https://www.pref.hokkaido.lg.jp/hf/shf/ko-chin.html,532dcd2c86b97b6f
北海道,小物雑貨・生活用品,小物雑貨,多機能型事業所Seed,,0110700580,突合済み,pref+city+name,多機能型事業所　Ｓｅｅｄ,札幌市西区,公表データ,北海道 工賃実績（主な作業内容）,https://www.pref.hokkaido.lg.jp/hf/shf/ko-chin.html,a7f09141410563a3
北海道,小物雑貨・生活用品,小物雑貨,多機能型事業所Seed,,0110700580,突合済み,pref+city+name,多機能型事業所　Ｓｅｅｄ,札幌市西区,公表データ,北海道 工賃実績（主な作業内容）,https://www.pref.hokkaido.lg.jp/hf/shf/ko-chin.html,a7f09141410563a3
北海道,小物雑貨・生活用品,小物雑貨,多機能型事業所あやめ,,0110901840,突合済み,pref+city+name,多機能型事業所あやめ,札幌市清田区,公表データ,北海道 工賃実績（主な作業内容）,https://www.pref.hokkaido.lg.jp/hf/shf/ko-chin.html,a443ba8a6fdc8d49
北海道,小物雑貨・生活用品,小物雑貨,多機能型事業所ひなた,,0117500371,突合済み,pref+city+name,多機能型事業所ひなた,滝川市,公表データ,北海道 工賃実績（主な作業内容）,https://www.pref.hokkaido.lg.jp/hf/shf/ko-chin.html,7c1b9e72af204357
北海道,小物雑貨・生活用品,小物雑貨,多機能型障がい者福祉サービスふれあい,,0111400990,突合済み,pref+city+name,多機能型障がい者福祉サービスふれあい,函館市,公表データ,北海道 工賃実績（主な作業内容）,https://www.pref.hokkaido.lg.jp/hf/shf/ko-chin.html,7207460c43f53a04
北海道,小物雑貨・生活用品,小物雑貨,太陽技研サービス,,,未突合,unmatched,,,公表データ,北海道 工賃実績（主な作業内容）,https://www.pref.hokkaido.lg.jp/hf/shf/ko-chin.html,
北海道,小物雑貨・生活用品,小物雑貨,学び舎,,0110403417,突合済み,pref+city+name,学び舎,札幌市白石区,公表データ,北海道 工賃実績（主な作業内容）,https://www.pref.hokkaido.lg.jp/hf/shf/ko-chin.html,808d778f05655d5f
北海道,小物雑貨・生活用品,小物雑貨,宝島,,0110205481,突合済み,pref+city+name,宝島,札幌市北区,公表データ,北海道 工賃実績（主な作業内容）,https://www.pref.hokkaido.lg.jp/hf/shf/ko-chin.html,b9ce4a77bae91348
北海道,小物雑貨・生活用品,小物雑貨,小春日工房,,0111300471,突合済み,pref+city+name,小春日工房,北広島市,公表データ,北海道 工賃実績（主な作業内容）,https://www.pref.hokkaido.lg.jp/hf/shf/ko-chin.html,594705ff467faad0
北海道,小物雑貨・生活用品,小物雑貨,就労Bちーむ南6条,,0110104957,突合済み,pref+city+name,就労B　ちーむ南６条,札幌市中央区,公表データ,北海道 工賃実績（主な作業内容）,https://www.pref.hokkaido.lg.jp/hf/shf/ko-chin.html,3866d6b83d107993
北海道,小物雑貨・生活用品,小物雑貨,就労サポートセンターJPS,,0110104445,突合済み,pref+city+name,就労サポートセンターＪＰＳ,札幌市中央区,公表データ,北海道 工賃実績（主な作業内容）,https://www.pref.hokkaido.lg.jp/hf/shf/ko-chin.html,3d5b622ed86d786f
北海道,小物雑貨・生活用品,小物雑貨,就労サポートセンターPROOF,,0110404910,突合済み,pref+city+name,就労サポートセンターＰＲＯＯＦ,札幌市中央区,公表データ,北海道 工賃実績（主な作業内容）,https://www.pref.hokkaido.lg.jp/hf/shf/ko-chin.html,ca249c4f4c3bc8f4
北海道,小物雑貨・生活用品,小物雑貨,就労サポートセンター紙風船,,0113601306,突合済み,pref+city+name,就労サポートセンター紙風船,苫小牧市,公表データ,北海道 工賃実績（主な作業内容）,https://www.pref.hokkaido.lg.jp/hf/shf/ko-chin.html,caa0eb2d5537ba00
北海道,小物雑貨・生活用品,小物雑貨,就労サポートセンターＳＴＥＰ,,0110105194,突合済み,pref+city+name,就労サポートセンターＳＴＥＰ,札幌市中央区,公表データ,北海道 工賃実績（主な作業内容）,https://www.pref.hokkaido.lg.jp/hf/shf/ko-chin.html,7cfcdcd8ba0b543b
北海道,小物雑貨・生活用品,小物雑貨,就労事業所シュウoak,,0114102494,突合済み,pref+city+name,就労事業所シュウoak,釧路市,公表データ,北海道 工賃実績（主な作業内容）,https://www.pref.hokkaido.lg.jp/hf/shf/ko-chin.html,51a15c7889471bc0
北海道,小物雑貨・生活用品,小物雑貨,就労支援 プラスサイン,,0110800836,突合済み,pref+city+name,就労支援プラスサイン,札幌市厚別区,公表データ,北海道 工賃実績（主な作業内容）,https://www.pref.hokkaido.lg.jp/hf/shf/ko-chin.html,7c26635359b10600
北海道,小物雑貨・生活用品,小物雑貨,就労支援B型 Stella Fissa,,0110701711,突合済み,pref+city+name,就労支援Ｂ型　Ｓｔｅｌｌａ　Ｆｉｓｓａ,札幌市西区,公表データ,北海道 工賃実績（主な作業内容）,https://www.pref.hokkaido.lg.jp/hf/shf/ko-chin.html,87d5c22326a68e7d
北海道,小物雑貨・生活用品,小物雑貨,就労支援B型 元町,,0110301819,突合済み,pref+city+name,就労支援B型　元町,札幌市東区,公表データ,北海道 工賃実績（主な作業内容）,https://www.pref.hokkaido.lg.jp/hf/shf/ko-chin.html,d923ea8379139ca5
北海道,小物雑貨・生活用品,小物雑貨,就労支援B型事業所 ikoi,,0114601362,突合済み,pref+city+name,就労支援B型事業所　ikoi,帯広市,公表データ,北海道 工賃実績（主な作業内容）,https://www.pref.hokkaido.lg.jp/hf/shf/ko-chin.html,beda73e22fd81f81
北海道,小物雑貨・生活用品,小物雑貨,就労支援おうか,,0114102296,突合済み,pref+city+name,就労支援　おうか,釧路市,公表データ,北海道 工賃実績（主な作業内容）,https://www.pref.hokkaido.lg.jp/hf/shf/ko-chin.html,ba5bdb7c3d4b25bd
北海道,小物雑貨・生活用品,小物雑貨,就労支援センターNEWハウス,,0111501003,突合済み,pref+city+name,就労支援センターＮＥＷハウス,亀田郡七飯町,公表データ,北海道 工賃実績（主な作業内容）,https://www.pref.hokkaido.lg.jp/hf/shf/ko-chin.html,7c5105e1d2cbf2b2
北海道,小物雑貨・生活用品,小物雑貨,就労支援センターOm-net,,0111100343,突合済み,pref+city+name,就労支援センター　Ｏｍ−ｎｅｔ,千歳市,公表データ,北海道 工賃実績（主な作業内容）,https://www.pref.hokkaido.lg.jp/hf/shf/ko-chin.html,9c0dbe8b58c6d162
北海道,小物雑貨・生活用品,小物雑貨,就労支援センターWORKハウス,,0111500757,突合済み,pref+city+name,就労支援センター　ＷＯＲＫハウス,茅部郡森町,公表データ,北海道 工賃実績（主な作業内容）,https://www.pref.hokkaido.lg.jp/hf/shf/ko-chin.html,1f398402c73e6958
北海道,小物雑貨・生活用品,小物雑貨,就労支援センターこんぱす,,0114701063,突合済み,pref+city+name,就労支援センターこんぱす,中川郡池田町,公表データ,北海道 工賃実績（主な作業内容）,https://www.pref.hokkaido.lg.jp/hf/shf/ko-chin.html,a0968ce309be48ce
北海道,小物雑貨・生活用品,小物雑貨,就労支援センターさくら,,0110300472,突合済み,pref+city+name,就労支援センターさくら,札幌市東区,公表データ,北海道 工賃実績（主な作業内容）,https://www.pref.hokkaido.lg.jp/hf/shf/ko-chin.html,91ce51d33bc2e787
北海道,小物雑貨・生活用品,小物雑貨,就労支援センター手と手,,0110506177,突合済み,pref+city+name,就労支援センター　手と手,札幌市豊平区,公表データ,北海道 工賃実績（主な作業内容）,https://www.pref.hokkaido.lg.jp/hf/shf/ko-chin.html,98aa751a6301a4dd
北海道,小物雑貨・生活用品,小物雑貨,就労支援センターＪｏｂスタ,,0113500680,突合済み,pref+city+name,就労支援センターＪＯＢスタ,室蘭市,公表データ,北海道 工賃実績（主な作業内容）,https://www.pref.hokkaido.lg.jp/hf/shf/ko-chin.html,58de6da4165ca03f
北海道,小物雑貨・生活用品,小物雑貨,就労支援事業所 あしすと,,0114602139,突合済み,pref+city+name,就労支援事業所　あしすと,帯広市,公表データ,北海道 工賃実績（主な作業内容）,https://www.pref.hokkaido.lg.jp/hf/shf/ko-chin.html,5c8f6c2dc6e4fe69
北海道,小物雑貨・生活用品,小物雑貨,就労支援事業所 和幸,,0114601446,突合済み,pref+city+name,就労支援事業所　和幸,帯広市,公表データ,北海道 工賃実績（主な作業内容）,https://www.pref.hokkaido.lg.jp/hf/shf/ko-chin.html,690de90107b258e8
北海道,小物雑貨・生活用品,小物雑貨,就労支援事業所 恵庭,,0111200259,突合済み,pref+city+name,就労支援事業所恵庭,恵庭市,公表データ,北海道 工賃実績（主な作業内容）,https://www.pref.hokkaido.lg.jp/hf/shf/ko-chin.html,0da3b0cc4701c2c3
北海道,小物雑貨・生活用品,小物雑貨,就労支援事業所ふたば,,0112906466,突合済み,pref+city+name,就労支援事業所　ふたば,旭川市,公表データ,北海道 工賃実績（主な作業内容）,https://www.pref.hokkaido.lg.jp/hf/shf/ko-chin.html,4817e18c037e87fd
北海道,小物雑貨・生活用品,小物雑貨,就労支援事業所ほおずき,,0110503851,突合済み,pref+city+name,就労支援事業所ほおずき,札幌市北区,公表データ,北海道 工賃実績（主な作業内容）,https://www.pref.hokkaido.lg.jp/hf/shf/ko-chin.html,2eafea1274af8309
北海道,小物雑貨・生活用品,小物雑貨,就労支援事業所ゆうゆう,,0110504610,突合済み,pref+city+name,就労支援事業所　ゆうゆう,札幌市白石区,公表データ,北海道 工賃実績（主な作業内容）,https://www.pref.hokkaido.lg.jp/hf/shf/ko-chin.html,c3aa60768c39df76
北海道,小物雑貨・生活用品,小物雑貨,就労支援事業所アーカス,,,未突合,unmatched,,,公表データ,北海道 工賃実績（主な作業内容）,https://www.pref.hokkaido.lg.jp/hf/shf/ko-chin.html,
北海道,小物雑貨・生活用品,小物雑貨,就労支援事業所エール,,0111001277,突合済み,pref+city+name,就労支援事業所　エール,江別市,公表データ,北海道 工賃実績（主な作業内容）,https://www.pref.hokkaido.lg.jp/hf/shf/ko-chin.html,94418314dfd8dbbd
北海道,小物雑貨・生活用品,小物雑貨,就労支援事業所キロル,,0111300851,突合済み,pref+city+name,就労支援事業所キロル,北広島市,公表データ,北海道 工賃実績（主な作業内容）,https://www.pref.hokkaido.lg.jp/hf/shf/ko-chin.html,9458ff49fd56fa19
北海道,小物雑貨・生活用品,小物雑貨,就労支援事業所クローバー北18条,,0110204062,突合済み,pref+city+name,就労支援事業所　クローバー北１８条,札幌市北区,公表データ,北海道 工賃実績（主な作業内容）,https://www.pref.hokkaido.lg.jp/hf/shf/ko-chin.html,975961fb6fc4f351
北海道,小物雑貨・生活用品,小物雑貨,就労支援事業所サラサ,,0110701851,突合済み,pref+city+name,就労支援事業所サラサ,札幌市西区,公表データ,北海道 工賃実績（主な作業内容）,https://www.pref.hokkaido.lg.jp/hf/shf/ko-chin.html,5fdb530d810ea812
北海道,小物雑貨・生活用品,小物雑貨,就労支援事業所リブラぴあ～の,,,未突合,unmatched,,,公表データ,北海道 工賃実績（主な作業内容）,https://www.pref.hokkaido.lg.jp/hf/shf/ko-chin.html,
北海道,小物雑貨・生活用品,小物雑貨,就労支援事業所ワークショップようてい,,,未突合,unmatched,,,公表データ,北海道 工賃実績（主な作業内容）,https://www.pref.hokkaido.lg.jp/hf/shf/ko-chin.html,
北海道,小物雑貨・生活用品,小物雑貨,就労支援多機能型ワークメイト,,,未突合,unmatched,,,公表データ,北海道 工賃実績（主な作業内容）,https://www.pref.hokkaido.lg.jp/hf/shf/ko-chin.html,
北海道,小物雑貨・生活用品,小物雑貨,就労支援施設 ReCare帯広,,0114602618,突合済み,pref+city+name,就労支援施設ReCare帯広,帯広市,公表データ,北海道 工賃実績（主な作業内容）,https://www.pref.hokkaido.lg.jp/hf/shf/ko-chin.html,e50394d20e98efab
北海道,小物雑貨・生活用品,小物雑貨,就労支援施設ReCare,,0114102049,突合済み,pref+city+name,就労支援施設　ReCare,釧路市,公表データ,北海道 工賃実績（主な作業内容）,https://www.pref.hokkaido.lg.jp/hf/shf/ko-chin.html,e3c4034ab04d94d3
北海道,小物雑貨・生活用品,小物雑貨,就労支援施設ReCare札幌,,0110601259,突合済み,pref+city+name,就労支援施設ＲｅＣａｒｅ札幌,札幌市南区,公表データ,北海道 工賃実績（主な作業内容）,https://www.pref.hokkaido.lg.jp/hf/shf/ko-chin.html,a7760ee3757e75d0
北海道,小物雑貨・生活用品,小物雑貨,就労移行支援事業所ゆうび,,0111100277,突合済み,pref+city+name,就労移行支援事業所ゆうび,千歳市,公表データ,北海道 工賃実績（主な作業内容）,https://www.pref.hokkaido.lg.jp/hf/shf/ko-chin.html,65785d9693d82fec
北海道,小物雑貨・生活用品,小物雑貨,就労継続事業所工房はまなす,,0110200953,突合済み,pref+city+name,就労継続事業所　工房はまなす,札幌市東区,公表データ,北海道 工賃実績（主な作業内容）,https://www.pref.hokkaido.lg.jp/hf/shf/ko-chin.html,1ca642957b6b4567
北海道,小物雑貨・生活用品,小物雑貨,就労継続支援 B型事業所 和が家 札幌,,0110104437,突合済み,pref+city+name,就労継続支援B型事業所　和が家　札幌,札幌市中央区,公表データ,北海道 工賃実績（主な作業内容）,https://www.pref.hokkaido.lg.jp/hf/shf/ko-chin.html,906ae35f127426c6
北海道,小物雑貨・生活用品,小物雑貨,就労継続支援 れのあ,,0110404530,突合済み,pref+city+name,就労継続支援　れのあ,札幌市白石区,公表データ,北海道 工賃実績（主な作業内容）,https://www.pref.hokkaido.lg.jp/hf/shf/ko-chin.html,897e12471345b937
北海道,小物雑貨・生活用品,小物雑貨,就労継続支援A&Bリピケア大谷地,,0110800778,突合済み,pref+city+name,就労継続支援Ａ＆Ｂ　リピケア大谷地,札幌市厚別区,公表データ,北海道 工賃実績（主な作業内容）,https://www.pref.hokkaido.lg.jp/hf/shf/ko-chin.html,c080610be7f5e01c
北海道,小物雑貨・生活用品,小物雑貨,就労継続支援A型 ウィルビー,,0114200421,突合済み,pref+name,就労継続支援Ａ型　ウィルビー,標津郡中標津町,公表データ,北海道 工賃実績（主な作業内容）,https://www.pref.hokkaido.lg.jp/hf/shf/ko-chin.html,eebcfbe8836dd002
北海道,小物雑貨・生活用品,小物雑貨,就労継続支援A型 キャッチオオドオリ,,,未突合,unmatched,,,公表データ,北海道 工賃実績（主な作業内容）,https://www.pref.hokkaido.lg.jp/hf/shf/ko-chin.html,
北海道,小物雑貨・生活用品,小物雑貨,就労継続支援A型 ミント,,0110105160,突合済み,pref+city+name,就労継続支援Ａ型　ミント,札幌市中央区,公表データ,北海道 工賃実績（主な作業内容）,https://www.pref.hokkaido.lg.jp/hf/shf/ko-chin.html,48a99dc552a5dfc5
北海道,小物雑貨・生活用品,小物雑貨,就労継続支援B型 あとりえ,,0110302114,突合済み,pref+city+name,就労継続支援Ｂ型　あとりえ,札幌市東区,公表データ,北海道 工賃実績（主な作業内容）,https://www.pref.hokkaido.lg.jp/hf/shf/ko-chin.html,1566b70725d30f3b
北海道,小物雑貨・生活用品,小物雑貨,就労継続支援B型 はなび,,0110205366,突合済み,pref+city+name,就労継続支援Ｂ型　はなび,札幌市北区,公表データ,北海道 工賃実績（主な作業内容）,https://www.pref.hokkaido.lg.jp/hf/shf/ko-chin.html,c7ef64126b15083f
北海道,小物雑貨・生活用品,小物雑貨,就労継続支援B型 まんまる笑顔,,,未突合,unmatched,,,公表データ,北海道 工賃実績（主な作業内容）,https://www.pref.hokkaido.lg.jp/hf/shf/ko-chin.html,
北海道,小物雑貨・生活用品,小物雑貨,就労継続支援B型 キャッチオオドオリ,,,未突合,unmatched,,,公表データ,北海道 工賃実績（主な作業内容）,https://www.pref.hokkaido.lg.jp/hf/shf/ko-chin.html,
北海道,小物雑貨・生活用品,小物雑貨,就労継続支援B型 チョコ三光,,,未突合,unmatched,,,公表データ,北海道 工賃実績（主な作業内容）,https://www.pref.hokkaido.lg.jp/hf/shf/ko-chin.html,
北海道,小物雑貨・生活用品,小物雑貨,就労継続支援B型 希望の道,,,未突合,unmatched,,,公表データ,北海道 工賃実績（主な作業内容）,https://www.pref.hokkaido.lg.jp/hf/shf/ko-chin.html,
北海道,小物雑貨・生活用品,小物雑貨,就労継続支援B型Cor＋,,0110205994,突合済み,pref+city+name,就労継続支援B型Cor＋,札幌市北区,公表データ,北海道 工賃実績（主な作業内容）,https://www.pref.hokkaido.lg.jp/hf/shf/ko-chin.html,d6c5711aae74503a
北海道,小物雑貨・生活用品,小物雑貨,就労継続支援B型Fun,,0110301652,突合済み,pref+city+name,就労継続支援Ｂ型Fun,札幌市北区,公表データ,北海道 工賃実績（主な作業内容）,https://www.pref.hokkaido.lg.jp/hf/shf/ko-chin.html,a969b91771b2c419
北海道,小物雑貨・生活用品,小物雑貨,就労継続支援B型Fun2,,0110302361,突合済み,pref+city+name,就労継続支援B型　Fun２,札幌市東区,公表データ,北海道 工賃実績（主な作業内容）,https://www.pref.hokkaido.lg.jp/hf/shf/ko-chin.html,866d903653ae0a83
北海道,小物雑貨・生活用品,小物雑貨,就労継続支援B型amber,,,未突合,ambiguous,,,公表データ,北海道 工賃実績（主な作業内容）,https://www.pref.hokkaido.lg.jp/hf/shf/ko-chin.html,
北海道,小物雑貨・生活用品,小物雑貨,就労継続支援B型ここしあ,,0110302502,突合済み,pref+city+name,就労継続支援B型　ここしあ,札幌市東区,公表データ,北海道 工賃実績（主な作業内容）,https://www.pref.hokkaido.lg.jp/hf/shf/ko-chin.html,088eed339a918b10
北海道,小物雑貨・生活用品,小物雑貨,就労継続支援B型グラン・ベース,,0110302569,突合済み,pref+city+name,就労継続支援B型グラン・ベース,札幌市東区,公表データ,北海道 工賃実績（主な作業内容）,https://www.pref.hokkaido.lg.jp/hf/shf/ko-chin.html,5ac0c8bf1819e998
北海道,小物雑貨・生活用品,小物雑貨,就労継続支援B型グロリアス,,0111402103,突合済み,pref+city+name,就労継続支援Ｂ型　グロリアス,函館市,公表データ,北海道 工賃実績（主な作業内容）,https://www.pref.hokkaido.lg.jp/hf/shf/ko-chin.html,3ca60ac0556898b0
北海道,小物雑貨・生活用品,小物雑貨,就労継続支援B型プラスタ,,0110103157,突合済み,pref+city+name,就労継続支援Ｂ型　プラスタ,札幌市中央区,公表データ,北海道 工賃実績（主な作業内容）,https://www.pref.hokkaido.lg.jp/hf/shf/ko-chin.html,0f1ef599eb0cd168
北海道,小物雑貨・生活用品,小物雑貨,就労継続支援B型プレマハウス,,0110506045,突合済み,pref+city+name,就労継続支援Ｂ型　プレマハウス,札幌市清田区,公表データ,北海道 工賃実績（主な作業内容）,https://www.pref.hokkaido.lg.jp/hf/shf/ko-chin.html,b27d4500e391d1b8
北海道,小物雑貨・生活用品,小物雑貨,就労継続支援B型ミライク・チセ,,0110301215,突合済み,pref+city+name,就労継続支援Ｂ型　ミライク・チセ,札幌市東区,公表データ,北海道 工賃実績（主な作業内容）,https://www.pref.hokkaido.lg.jp/hf/shf/ko-chin.html,384a774248635807
北海道,小物雑貨・生活用品,小物雑貨,就労継続支援B型事業所 FUJILAND,,0110701430,突合済み,pref+city+name,就労継続支援Ｂ型事業所　ＦＵＪＩＬＡＮＤ,札幌市西区,公表データ,北海道 工賃実績（主な作業内容）,https://www.pref.hokkaido.lg.jp/hf/shf/ko-chin.html,808f568ad0438fe9
北海道,小物雑貨・生活用品,小物雑貨,就労継続支援B型事業所 Oasis Create,,,未突合,unmatched,,,公表データ,北海道 工賃実績（主な作業内容）,https://www.pref.hokkaido.lg.jp/hf/shf/ko-chin.html,
北海道,小物雑貨・生活用品,小物雑貨,就労継続支援B型事業所 あいりす,,0111401352,突合済み,pref+city+name,就労継続支援Ｂ型事業所　あいりす,函館市,公表データ,北海道 工賃実績（主な作業内容）,https://www.pref.hokkaido.lg.jp/hf/shf/ko-chin.html,3711d94e7bf3341f
北海道,小物雑貨・生活用品,小物雑貨,就労継続支援B型事業所 いきいき東,,0110301736,突合済み,pref+city+name,就労継続支援Ｂ型事業所　いきいき東,札幌市東区,公表データ,北海道 工賃実績（主な作業内容）,https://www.pref.hokkaido.lg.jp/hf/shf/ko-chin.html,dd3db7e0f70d0a31
北海道,小物雑貨・生活用品,小物雑貨,就労継続支援B型事業所 いずみの里,,,未突合,unmatched,,,公表データ,北海道 工賃実績（主な作業内容）,https://www.pref.hokkaido.lg.jp/hf/shf/ko-chin.html,
北海道,小物雑貨・生活用品,小物雑貨,就労継続支援B型事業所 おりなす,,,未突合,unmatched,,,公表データ,北海道 工賃実績（主な作業内容）,https://www.pref.hokkaido.lg.jp/hf/shf/ko-chin.html,
北海道,小物雑貨・生活用品,小物雑貨,就労継続支援B型事業所 みなやんワークス,,,未突合,unmatched,,,公表データ,北海道 工賃実績（主な作業内容）,https://www.pref.hokkaido.lg.jp/hf/shf/ko-chin.html,
北海道,小物雑貨・生活用品,小物雑貨,就労継続支援B型事業所 サニースポット白石,,,未突合,unmatched,,,公表データ,北海道 工賃実績（主な作業内容）,https://www.pref.hokkaido.lg.jp/hf/shf/ko-chin.html,
北海道,小物雑貨・生活用品,小物雑貨,就労継続支援B型事業所 ユウアンドアイ,,,未突合,unmatched,,,公表データ,北海道 工賃実績（主な作業内容）,https://www.pref.hokkaido.lg.jp/hf/shf/ko-chin.html,
北海道,小物雑貨・生活用品,小物雑貨,就労継続支援B型事業所 創房みな・みな,,,未突合,unmatched,,,公表データ,北海道 工賃実績（主な作業内容）,https://www.pref.hokkaido.lg.jp/hf/shf/ko-chin.html,
北海道,小物雑貨・生活用品,小物雑貨,就労継続支援B型事業所 未來,,0114602352,突合済み,pref+city+name,就労継続支援B型事業所　未來,帯広市,公表データ,北海道 工賃実績（主な作業内容）,https://www.pref.hokkaido.lg.jp/hf/shf/ko-chin.html,499837d5c4ccc65c
北海道,小物雑貨・生活用品,小物雑貨,就労継続支援B型事業所 楽‐RAKU‐豊平店,,,未突合,unmatched,,,公表データ,北海道 工賃実績（主な作業内容）,https://www.pref.hokkaido.lg.jp/hf/shf/ko-chin.html,
北海道,小物雑貨・生活用品,小物雑貨,就労継続支援B型事業所 楽厚別店,,,未突合,unmatched,,,公表データ,北海道 工賃実績（主な作業内容）,https://www.pref.hokkaido.lg.jp/hf/shf/ko-chin.html,
北海道,小物雑貨・生活用品,小物雑貨,就労継続支援B型事業所 海猫ぴりか,,0110104676,突合済み,pref+city+name,就労継続支援B型事業所　海猫ぴりか,札幌市中央区,公表データ,北海道 工賃実績（主な作業内容）,https://www.pref.hokkaido.lg.jp/hf/shf/ko-chin.html,eaa2fb57211d893a
北海道,小物雑貨・生活用品,小物雑貨,就労継続支援B型事業所 藍ライズ,,,未突合,unmatched,,,公表データ,北海道 工賃実績（主な作業内容）,https://www.pref.hokkaido.lg.jp/hf/shf/ko-chin.html,
北海道,小物雑貨・生活用品,小物雑貨,就労継続支援B型事業所CANOW,,0116000068,突合済み,pref+city+name,就労継続支援B型事業所CANOW,三笠市,公表データ,北海道 工賃実績（主な作業内容）,https://www.pref.hokkaido.lg.jp/hf/shf/ko-chin.html,9ed48119709ef601
北海道,小物雑貨・生活用品,小物雑貨,就労継続支援B型事業所F,,0112909494,突合済み,pref+city+name,就労継続支援B型事業所　F,旭川市,公表データ,北海道 工賃実績（主な作業内容）,https://www.pref.hokkaido.lg.jp/hf/shf/ko-chin.html,2b529622c0695607
北海道,小物雑貨・生活用品,小物雑貨,就労継続支援B型事業所WorkofficeLino,,,未突合,unmatched,,,公表データ,北海道 工賃実績（主な作業内容）,https://www.pref.hokkaido.lg.jp/hf/shf/ko-chin.html,
北海道,小物雑貨・生活用品,小物雑貨,就労継続支援B型事業所be.coffee stand,,0110404159,突合済み,pref+city+name,就労継続支援Ｂ型事業所be.coffee stand,札幌市白石区,公表データ,北海道 工賃実績（主な作業内容）,https://www.pref.hokkaido.lg.jp/hf/shf/ko-chin.html,6711f9a1be9c885e
北海道,小物雑貨・生活用品,小物雑貨,就労継続支援B型事業所be.coffee stay,,0110901394,突合済み,pref+city+name,就労継続支援Ｂ型事業所　ｂｅ．Ｃｏｆｆｅｅ　ｓｔａｙ,札幌市清田区,公表データ,北海道 工賃実績（主な作業内容）,https://www.pref.hokkaido.lg.jp/hf/shf/ko-chin.html,885e3611feec47d7
北海道,小物雑貨・生活用品,小物雑貨,就労継続支援B型事業所ink,,0110302676,突合済み,pref+city+name,就労継続支援Ｂ型事業所　ink,札幌市東区,公表データ,北海道 工賃実績（主な作業内容）,https://www.pref.hokkaido.lg.jp/hf/shf/ko-chin.html,74dd783810407ba0
北海道,小物雑貨・生活用品,小物雑貨,就労継続支援B型事業所nanmo.,,0114702434,突合済み,pref+city+name,就労継続支援B型事業所nanmo.,河東郡鹿追町,公表データ,北海道 工賃実績（主な作業内容）,https://www.pref.hokkaido.lg.jp/hf/shf/ko-chin.html,0348a2c533f407b0
北海道,小物雑貨・生活用品,小物雑貨,就労継続支援B型事業所あいある,,0114300593,突合済み,pref+city+name,就労継続支援B型事業所　あいある,釧路郡釧路町,公表データ,北海道 工賃実績（主な作業内容）,https://www.pref.hokkaido.lg.jp/hf/shf/ko-chin.html,2939627984eeb3aa
北海道,小物雑貨・生活用品,小物雑貨,就労継続支援B型事業所あいてらす,,,未突合,unmatched,,,公表データ,北海道 工賃実績（主な作業内容）,https://www.pref.hokkaido.lg.jp/hf/shf/ko-chin.html,
北海道,小物雑貨・生活用品,小物雑貨,就労継続支援B型事業所あすたーの森,,,未突合,unmatched,,,公表データ,北海道 工賃実績（主な作業内容）,https://www.pref.hokkaido.lg.jp/hf/shf/ko-chin.html,
北海道,小物雑貨・生活用品,小物雑貨,就労継続支援B型事業所いちから,,,未突合,unmatched,,,公表データ,北海道 工賃実績（主な作業内容）,https://www.pref.hokkaido.lg.jp/hf/shf/ko-chin.html,
北海道,小物雑貨・生活用品,小物雑貨,就労継続支援B型事業所ぎんあん,,,未突合,unmatched,,,公表データ,北海道 工賃実績（主な作業内容）,https://www.pref.hokkaido.lg.jp/hf/shf/ko-chin.html,
北海道,小物雑貨・生活用品,小物雑貨,就労継続支援B型事業所けさらん,,,未突合,unmatched,,,公表データ,北海道 工賃実績（主な作業内容）,https://www.pref.hokkaido.lg.jp/hf/shf/ko-chin.html,
北海道,小物雑貨・生活用品,小物雑貨,就労継続支援B型事業所ここちぐら,,,未突合,unmatched,,,公表データ,北海道 工賃実績（主な作業内容）,https://www.pref.hokkaido.lg.jp/hf/shf/ko-chin.html,
北海道,小物雑貨・生活用品,小物雑貨,就労継続支援B型事業所すたーりす,,0111001426,突合済み,pref+city+name,就労継続支援B型事業所　すたーりす,江別市,公表データ,北海道 工賃実績（主な作業内容）,https://www.pref.hokkaido.lg.jp/hf/shf/ko-chin.html,7165cc70582d9fe2
北海道,小物雑貨・生活用品,小物雑貨,就労継続支援B型事業所てらす,,0110405347,突合済み,pref+city+name,就労継続支援B型事業所　テラス,札幌市白石区,公表データ,北海道 工賃実績（主な作業内容）,https://www.pref.hokkaido.lg.jp/hf/shf/ko-chin.html,21b25781035c0d3c
北海道,小物雑貨・生活用品,小物雑貨,就労継続支援B型事業所ともに,,0114102403,突合済み,pref+city+name,就労継続支援B型事業所　ともに,釧路市,公表データ,北海道 工賃実績（主な作業内容）,https://www.pref.hokkaido.lg.jp/hf/shf/ko-chin.html,5031d37dfc0407db
北海道,小物雑貨・生活用品,小物雑貨,就労継続支援B型事業所どんぐりの家,,,未突合,unmatched,,,公表データ,北海道 工賃実績（主な作業内容）,https://www.pref.hokkaido.lg.jp/hf/shf/ko-chin.html,
北海道,小物雑貨・生活用品,小物雑貨,就労継続支援B型事業所ひのでより,,,未突合,unmatched,,,公表データ,北海道 工賃実績（主な作業内容）,https://www.pref.hokkaido.lg.jp/hf/shf/ko-chin.html,
北海道,小物雑貨・生活用品,小物雑貨,就労継続支援B型事業所ひまわり,,0110800364,突合済み,pref+city+name,就労継続支援Ｂ型事業所　ひまわり,札幌市厚別区,公表データ,北海道 工賃実績（主な作業内容）,https://www.pref.hokkaido.lg.jp/hf/shf/ko-chin.html,5bd280b1a0d6e7ff
北海道,小物雑貨・生活用品,小物雑貨,就労継続支援B型事業所ぴぃち,,0110104783,突合済み,pref+city+name,就労継続支援B型事業所　ぴぃち,札幌市中央区,公表データ,北海道 工賃実績（主な作業内容）,https://www.pref.hokkaido.lg.jp/hf/shf/ko-chin.html,3da1185dd719c9ac
北海道,小物雑貨・生活用品,小物雑貨,就労継続支援B型事業所ぴぃちSmile,,0110302940,突合済み,pref+city+name,就労継続支援Ｂ型事業所　ぴぃち　Ｓｍｉｌｅ,札幌市東区,公表データ,北海道 工賃実績（主な作業内容）,https://www.pref.hokkaido.lg.jp/hf/shf/ko-chin.html,739475eec16c8232
北海道,小物雑貨・生活用品,小物雑貨,就労継続支援B型事業所みんなのて,,0115001836,突合済み,pref+city+name,就労継続支援B型事業所みんなのて,北見市,公表データ,北海道 工賃実績（主な作業内容）,https://www.pref.hokkaido.lg.jp/hf/shf/ko-chin.html,f282c018a28de3c0
北海道,小物雑貨・生活用品,小物雑貨,就労継続支援B型事業所アルななえはま,,0111501664,突合済み,pref+city+name,就労継続支援B型事業所　アルななえはま,北斗市,公表データ,北海道 工賃実績（主な作業内容）,https://www.pref.hokkaido.lg.jp/hf/shf/ko-chin.html,1bded50201bfb06c
北海道,小物雑貨・生活用品,小物雑貨,就労継続支援B型事業所アルほくと,,,未突合,unmatched,,,公表データ,北海道 工賃実績（主な作業内容）,https://www.pref.hokkaido.lg.jp/hf/shf/ko-chin.html,
北海道,小物雑貨・生活用品,小物雑貨,就労継続支援B型事業所アルカディア,,0110204732,突合済み,pref+city+name,就労継続支援Ｂ型事業所　アルカディア,札幌市北区,公表データ,北海道 工賃実績（主な作業内容）,https://www.pref.hokkaido.lg.jp/hf/shf/ko-chin.html,1f8ac2d073ae0722
北海道,小物雑貨・生活用品,小物雑貨,就労継続支援B型事業所イコロン村,,,未突合,unmatched,,,公表データ,北海道 工賃実績（主な作業内容）,https://www.pref.hokkaido.lg.jp/hf/shf/ko-chin.html,
北海道,小物雑貨・生活用品,小物雑貨,就労継続支援B型事業所オリーブの樹,,0112907886,突合済み,pref+city+name,就労継続支援Ｂ型事業所　オリーブの樹,旭川市,公表データ,北海道 工賃実績（主な作業内容）,https://www.pref.hokkaido.lg.jp/hf/shf/ko-chin.html,5b04a60deaab46f1
北海道,小物雑貨・生活用品,小物雑貨,就労継続支援B型事業所カムカム,,0110302924,突合済み,pref+city+name,就労継続支援B型事業所　カムカム,札幌市東区,公表データ,北海道 工賃実績（主な作業内容）,https://www.pref.hokkaido.lg.jp/hf/shf/ko-chin.html,b6bd7aa2929bcafd
北海道,小物雑貨・生活用品,小物雑貨,就労継続支援B型事業所カムカム,,,未突合,city_mismatch,,,公表データ,北海道 工賃実績（主な作業内容）,https://www.pref.hokkaido.lg.jp/hf/shf/ko-chin.html,
北海道,小物雑貨・生活用品,小物雑貨,就労継続支援B型事業所コミュニティはこだて,,0111402293,突合済み,pref+city+name,就労継続支援Ｂ型事業所コミュニティはこだて,函館市,公表データ,北海道 工賃実績（主な作業内容）,https://www.pref.hokkaido.lg.jp/hf/shf/ko-chin.html,e3dbaba27ae78bad
北海道,小物雑貨・生活用品,小物雑貨,就労継続支援B型事業所シェリー,,0110800869,突合済み,pref+city+name,就労継続支援B型事業所　シェリー,札幌市厚別区,公表データ,北海道 工賃実績（主な作業内容）,https://www.pref.hokkaido.lg.jp/hf/shf/ko-chin.html,31476c35bfd7c7c5
北海道,小物雑貨・生活用品,小物雑貨,就労継続支援B型事業所ジパング,,,未突合,unmatched,,,公表データ,北海道 工賃実績（主な作業内容）,https://www.pref.hokkaido.lg.jp/hf/shf/ko-chin.html,
北海道,小物雑貨・生活用品,小物雑貨,就労継続支援B型事業所スカイピア,,0115100331,突合済み,pref+city+name,就労継続支援Ｂ型事業所スカイピア,紋別市,公表データ,北海道 工賃実績（主な作業内容）,https://www.pref.hokkaido.lg.jp/hf/shf/ko-chin.html,a1a88a198af6925f
北海道,小物雑貨・生活用品,小物雑貨,就労継続支援B型事業所スマイルラボ,,0110204682,突合済み,pref+city+name,就労継続支援Ｂ型事業所　スマイルラボ,札幌市北区,公表データ,北海道 工賃実績（主な作業内容）,https://www.pref.hokkaido.lg.jp/hf/shf/ko-chin.html,82a19757b6f5dcd7
北海道,小物雑貨・生活用品,小物雑貨,就労継続支援B型事業所フォーリーフ,,0110404803,突合済み,pref+city+name,就労継続支援Ｂ型事業所　フォーリーフ,札幌市白石区,公表データ,北海道 工賃実績（主な作業内容）,https://www.pref.hokkaido.lg.jp/hf/shf/ko-chin.html,0632a1346104e934
北海道,小物雑貨・生活用品,小物雑貨,就労継続支援B型事業所和,,,未突合,unmatched,,,公表データ,北海道 工賃実績（主な作業内容）,https://www.pref.hokkaido.lg.jp/hf/shf/ko-chin.html,
北海道,小物雑貨・生活用品,小物雑貨,就労継続支援B型事業所型事業所 あるま縁屋,,,未突合,unmatched,,,公表データ,北海道 工賃実績（主な作業内容）,https://www.pref.hokkaido.lg.jp/hf/shf/ko-chin.html,
北海道,小物雑貨・生活用品,小物雑貨,就労継続支援B型事業所型事業所 のはな,,,未突合,unmatched,,,公表データ,北海道 工賃実績（主な作業内容）,https://www.pref.hokkaido.lg.jp/hf/shf/ko-chin.html,
北海道,小物雑貨・生活用品,小物雑貨,就労継続支援B型事業所型事業所 杜の風,,,未突合,unmatched,,,公表データ,北海道 工賃実績（主な作業内容）,https://www.pref.hokkaido.lg.jp/hf/shf/ko-chin.html,
北海道,小物雑貨・生活用品,小物雑貨,就労継続支援B型事業所型事業所スノードロップ,,,未突合,unmatched,,,公表データ,北海道 工賃実績（主な作業内容）,https://www.pref.hokkaido.lg.jp/hf/shf/ko-chin.html,
北海道,小物雑貨・生活用品,小物雑貨,就労継続支援B型作業所わんこっと元町,,,未突合,unmatched,,,公表データ,北海道 工賃実績（主な作業内容）,https://www.pref.hokkaido.lg.jp/hf/shf/ko-chin.html,
北海道,小物雑貨・生活用品,小物雑貨,就労継続支援れのあism,,0110302064,突合済み,pref+city+name,就労継続支援　れのあｉｓｍ,札幌市東区,公表データ,北海道 工賃実績（主な作業内容）,https://www.pref.hokkaido.lg.jp/hf/shf/ko-chin.html,68fb09c9163d11ee
北海道,小物雑貨・生活用品,小物雑貨,就労継続支援センターきらら,,0112906128,突合済み,pref+city+name,就労継続支援センター　きらら,旭川市,公表データ,北海道 工賃実績（主な作業内容）,https://www.pref.hokkaido.lg.jp/hf/shf/ko-chin.html,7f85588736a652d1
北海道,小物雑貨・生活用品,小物雑貨,就労継続支援ビルド,,0110103769,突合済み,pref+city+name,就労継続支援ビルド,札幌市中央区,公表データ,北海道 工賃実績（主な作業内容）,https://www.pref.hokkaido.lg.jp/hf/shf/ko-chin.html,6470ddbc712cfde6
北海道,小物雑貨・生活用品,小物雑貨,就労継続支援事業所双葉,,0110205226,突合済み,pref+city+name,就労継続支援事業所双葉,札幌市北区,公表データ,北海道 工賃実績（主な作業内容）,https://www.pref.hokkaido.lg.jp/hf/shf/ko-chin.html,1035f621019e0dd2
北海道,小物雑貨・生活用品,小物雑貨,就労継続支援事業所森の家,,0114200306,突合済み,pref+city+name,就労継続支援事業所　森の家,標津郡中標津町,公表データ,北海道 工賃実績（主な作業内容）,https://www.pref.hokkaido.lg.jp/hf/shf/ko-chin.html,81cab1d14535e81d
北海道,小物雑貨・生活用品,小物雑貨,就労継続支援多機能型事業所Seed,,0111001541,突合済み,pref+city+name,就労継続支援多機能型事業所Seed,石狩郡当別町,公表データ,北海道 工賃実績（主な作業内容）,https://www.pref.hokkaido.lg.jp/hf/shf/ko-chin.html,711698991064212a
北海道,小物雑貨・生活用品,小物雑貨,就労継続支援施設AMAUi,,,未突合,unmatched,,,公表データ,北海道 工賃実績（主な作業内容）,https://www.pref.hokkaido.lg.jp/hf/shf/ko-chin.html,
北海道,小物雑貨・生活用品,小物雑貨,就労継続支援施設クロップコーヒー,,0110103306,突合済み,pref+city+name,就労継続支援施設　クロップコーヒー,札幌市中央区,公表データ,北海道 工賃実績（主な作業内容）,https://www.pref.hokkaido.lg.jp/hf/shf/ko-chin.html,792f5209fb79e7b2
北海道,小物雑貨・生活用品,小物雑貨,就労継続支援Ｂ型ぐろーあっぷベース白石,,0110404209,突合済み,pref+city+name,就労継続支援Ｂ型　ぐろーあっぷベース白石,札幌市白石区,公表データ,北海道 工賃実績（主な作業内容）,https://www.pref.hokkaido.lg.jp/hf/shf/ko-chin.html,ddb7f705588e512f
北海道,小物雑貨・生活用品,小物雑貨,就労継続支援Ｂ型事業所,,,未突合,unmatched,,,公表データ,北海道 工賃実績（主な作業内容）,https://www.pref.hokkaido.lg.jp/hf/shf/ko-chin.html,
北海道,小物雑貨・生活用品,小物雑貨,就労継続支援Ｂ型事業所 くしろわんこ,,,未突合,unmatched,,,公表データ,北海道 工賃実績（主な作業内容）,https://www.pref.hokkaido.lg.jp/hf/shf/ko-chin.html,
北海道,小物雑貨・生活用品,小物雑貨,就労継続支援Ｂ型事業所 つばさ,,0111402285,突合済み,pref+city+name,就労継続支援Ｂ型事業所つばさ,函館市,公表データ,北海道 工賃実績（主な作業内容）,https://www.pref.hokkaido.lg.jp/hf/shf/ko-chin.html,86c04c67aba8bc76
北海道,小物雑貨・生活用品,小物雑貨,就労継続支援Ｂ型事業所 ワンステップ,,,未突合,unmatched,,,公表データ,北海道 工賃実績（主な作業内容）,https://www.pref.hokkaido.lg.jp/hf/shf/ko-chin.html,
北海道,小物雑貨・生活用品,小物雑貨,就労継続支援Ｂ型事業所illumi,,0114102056,突合済み,pref+city+name,就労継続支援B型事業所　illumi,釧路市,公表データ,北海道 工賃実績（主な作業内容）,https://www.pref.hokkaido.lg.jp/hf/shf/ko-chin.html,87d27d0855973121
北海道,小物雑貨・生活用品,小物雑貨,就労継続支援Ｂ型事業所さわやか,,0115400293,突合済み,pref+city+name,就労継続支援Ｂ型事業所　さわやか,紋別郡遠軽町,公表データ,北海道 工賃実績（主な作業内容）,https://www.pref.hokkaido.lg.jp/hf/shf/ko-chin.html,d7b06d3ef944f699
北海道,小物雑貨・生活用品,小物雑貨,就労継続支援Ｂ型事業所たいよう,,,未突合,unmatched,,,公表データ,北海道 工賃実績（主な作業内容）,https://www.pref.hokkaido.lg.jp/hf/shf/ko-chin.html,
北海道,小物雑貨・生活用品,小物雑貨,就労継続支援Ｂ型事業所びーぼ,,0115000945,突合済み,pref+city+name,就労継続支援Ｂ型事業所　びーぼ,北見市,公表データ,北海道 工賃実績（主な作業内容）,https://www.pref.hokkaido.lg.jp/hf/shf/ko-chin.html,0ca995acac0c243d
北海道,小物雑貨・生活用品,小物雑貨,就労継続支援Ｂ型事業所エスポワール北見,,0115001497,突合済み,pref+city+name,就労継続支援B型事業所　エスポワール北見,北見市,公表データ,北海道 工賃実績（主な作業内容）,https://www.pref.hokkaido.lg.jp/hf/shf/ko-chin.html,dbdd89a4e5b21714
北海道,小物雑貨・生活用品,小物雑貨,就労継続支援Ｂ型事業所クローバーズ,,,未突合,unmatched,,,公表データ,北海道 工賃実績（主な作業内容）,https://www.pref.hokkaido.lg.jp/hf/shf/ko-chin.html,
北海道,小物雑貨・生活用品,小物雑貨,就労継続支援Ｂ型事業所ハーベスト,,0110900669,突合済み,pref+city+name,就労継続支援Ｂ型事業所　ハーベスト,札幌市手稲区,公表データ,北海道 工賃実績（主な作業内容）,https://www.pref.hokkaido.lg.jp/hf/shf/ko-chin.html,b8dc84f6f0aae732
北海道,小物雑貨・生活用品,小物雑貨,就労継続支援Ｂ型事業所ワークス匠微,,0110104338,突合済み,pref+city+name,就労継続支援Ｂ型事業所ワークス匠微,札幌市中央区,公表データ,北海道 工賃実績（主な作業内容）,https://www.pref.hokkaido.lg.jp/hf/shf/ko-chin.html,4b46a6f7493f829f
北海道,小物雑貨・生活用品,小物雑貨,岩見沢あかり家,,0115700973,突合済み,pref+city+name,岩見沢あかり家,岩見沢市,公表データ,北海道 工賃実績（主な作業内容）,https://www.pref.hokkaido.lg.jp/hf/shf/ko-chin.html,b9e238a49dc1bcdf
北海道,小物雑貨・生活用品,小物雑貨,島時間中島公園店,,0110103710,突合済み,pref+city+name,島時間中島公園店,札幌市中央区,公表データ,北海道 工賃実績（主な作業内容）,https://www.pref.hokkaido.lg.jp/hf/shf/ko-chin.html,030f0d3ca56c804c
北海道,小物雑貨・生活用品,小物雑貨,工房ぶら里,,0110202041,突合済み,pref+city+name,工房　ぶら里,札幌市北区,公表データ,北海道 工賃実績（主な作業内容）,https://www.pref.hokkaido.lg.jp/hf/shf/ko-chin.html,4b6c3ef50554da03
北海道,小物雑貨・生活用品,小物雑貨,工房・虹と夢,,0111400727,突合済み,pref+city+name,工房・虹と夢,函館市,公表データ,北海道 工賃実績（主な作業内容）,https://www.pref.hokkaido.lg.jp/hf/shf/ko-chin.html,5cf76215d5c827f2
北海道,小物雑貨・生活用品,小物雑貨,工房四季,,,未突合,unmatched,,,公表データ,北海道 工賃実績（主な作業内容）,https://www.pref.hokkaido.lg.jp/hf/shf/ko-chin.html,
北海道,小物雑貨・生活用品,小物雑貨,新ひだか町ecoネット,,,未突合,unmatched,,,公表データ,北海道 工賃実績（主な作業内容）,https://www.pref.hokkaido.lg.jp/hf/shf/ko-chin.html,
北海道,小物雑貨・生活用品,小物雑貨,日中活動センターげんせん,,0113500185,突合済み,pref+city+name,日中活動センターげんせん,室蘭市,公表データ,北海道 工賃実績（主な作業内容）,https://www.pref.hokkaido.lg.jp/hf/shf/ko-chin.html,f5d72e4014c57817
北海道,小物雑貨・生活用品,小物雑貨,株式会社ウェイブアイ,,0113602635,突合済み,pref+city+name,株式会社ウェイブアイ,苫小牧市,公表データ,北海道 工賃実績（主な作業内容）,https://www.pref.hokkaido.lg.jp/hf/shf/ko-chin.html,44be5adb005734d5
北海道,小物雑貨・生活用品,小物雑貨,株式会社トリノ,,0114601438,突合済み,pref+city+name,株式会社トリノ,帯広市,公表データ,北海道 工賃実績（主な作業内容）,https://www.pref.hokkaido.lg.jp/hf/shf/ko-chin.html,8bc60c860ec62c35
北海道,小物雑貨・生活用品,小物雑貨,株式会社トリノ,,0114601438,突合済み,pref+city+name,株式会社トリノ,帯広市,公表データ,北海道 工賃実績（主な作業内容）,https://www.pref.hokkaido.lg.jp/hf/shf/ko-chin.html,8bc60c860ec62c35
北海道,小物雑貨・生活用品,小物雑貨,深川デイプレイスふれあいの家,,0117400176,突合済み,pref+city+name,深川デイプレイス　ふれあいの家,深川市,公表データ,北海道 工賃実績（主な作業内容）,https://www.pref.hokkaido.lg.jp/hf/shf/ko-chin.html,8f79d7bb7a9b87b6
北海道,小物雑貨・生活用品,小物雑貨,湧くわく園 春光事業所,,,未突合,unmatched,,,公表データ,北海道 工賃実績（主な作業内容）,https://www.pref.hokkaido.lg.jp/hf/shf/ko-chin.html,
北海道,小物雑貨・生活用品,小物雑貨,湧くわく園 白石事業所,,,未突合,unmatched,,,公表データ,北海道 工賃実績（主な作業内容）,https://www.pref.hokkaido.lg.jp/hf/shf/ko-chin.html,
北海道,小物雑貨・生活用品,小物雑貨,満天の丘輝星,,0113100754,突合済み,pref+name,満天の丘　輝星,上川郡美瑛町,公表データ,北海道 工賃実績（主な作業内容）,https://www.pref.hokkaido.lg.jp/hf/shf/ko-chin.html,4b620a75485772bc
北海道,小物雑貨・生活用品,小物雑貨,特定非営利活動法人 芦別あゆみ会,,0117300129,突合済み,pref+city+name,特定非営利活動法人　芦別あゆみ会,芦別市,公表データ,北海道 工賃実績（主な作業内容）,https://www.pref.hokkaido.lg.jp/hf/shf/ko-chin.html,bb85ebe8675bfae0
北海道,小物雑貨・生活用品,小物雑貨,特定非営利活動法人 馬木葉クラブ,,0114300114,突合済み,pref+city+name,特定非営利活動法人　馬木葉クラブ,釧路郡釧路町,公表データ,北海道 工賃実績（主な作業内容）,https://www.pref.hokkaido.lg.jp/hf/shf/ko-chin.html,26750d905cb9dfd0
北海道,小物雑貨・生活用品,小物雑貨,特定非営利活動法人グリップ,,,未突合,unmatched,,,公表データ,北海道 工賃実績（主な作業内容）,https://www.pref.hokkaido.lg.jp/hf/shf/ko-chin.html,
北海道,小物雑貨・生活用品,小物雑貨,特定非営利活動法人サポートハウスちゃお,,0116400227,突合済み,pref+city+name,特定非営利活動法人　サポートハウスちゃお,留萌市,公表データ,北海道 工賃実績（主な作業内容）,https://www.pref.hokkaido.lg.jp/hf/shf/ko-chin.html,48e44e71e685f38c
北海道,小物雑貨・生活用品,小物雑貨,犬＋就労継続支援B型事業所 WAN‘ｓ ＣＯＭ,,,未突合,unmatched,,,公表データ,北海道 工賃実績（主な作業内容）,https://www.pref.hokkaido.lg.jp/hf/shf/ko-chin.html,
北海道,小物雑貨・生活用品,小物雑貨,猫かふぇ準備室,,0110103058,突合済み,pref+city+name,猫かふぇ準備室,札幌市中央区,公表データ,北海道 工賃実績（主な作業内容）,https://www.pref.hokkaido.lg.jp/hf/shf/ko-chin.html,fa9591c4fa41ddc0
北海道,小物雑貨・生活用品,小物雑貨,猫＋Plus,,0110600996,突合済み,pref+city+name,猫＋Ｐｌｕｓ,札幌市南区,公表データ,北海道 工賃実績（主な作業内容）,https://www.pref.hokkaido.lg.jp/hf/shf/ko-chin.html,e127cc4ebd3a80ba
北海道,小物雑貨・生活用品,小物雑貨,玄,,0113601942,突合済み,pref+city+name,玄,苫小牧市,公表データ,北海道 工賃実績（主な作業内容）,https://www.pref.hokkaido.lg.jp/hf/shf/ko-chin.html,bf7d4d6faafd4c48
北海道,小物雑貨・生活用品,小物雑貨,生活介護。就労継続支援B型事業所 わらいち,,,未突合,unmatched,,,公表データ,北海道 工賃実績（主な作業内容）,https://www.pref.hokkaido.lg.jp/hf/shf/ko-chin.html,
北海道,小物雑貨・生活用品,小物雑貨,生活支援センターきずな,,0114300478,突合済み,pref+city+name,生活支援センターきずな,釧路郡釧路町,公表データ,北海道 工賃実績（主な作業内容）,https://www.pref.hokkaido.lg.jp/hf/shf/ko-chin.html,3ae24cc271c32474
北海道,小物雑貨・生活用品,小物雑貨,砂川市つむぎの家,,0117100412,突合済み,pref+city+name,砂川市つむぎの家,砂川市,公表データ,北海道 工賃実績（主な作業内容）,https://www.pref.hokkaido.lg.jp/hf/shf/ko-chin.html,e518c936e979c581
北海道,小物雑貨・生活用品,小物雑貨,社会福祉事業所さくらトータルサービス,,0110101623,突合済み,pref+city+name,社会福祉事業所さくらトータルサービス,札幌市中央区,公表データ,北海道 工賃実績（主な作業内容）,https://www.pref.hokkaido.lg.jp/hf/shf/ko-chin.html,232b3a1a424885bd
北海道,小物雑貨・生活用品,小物雑貨,社会福祉事業所さくらトータルサービス,,0110101623,突合済み,pref+city+name,社会福祉事業所さくらトータルサービス,札幌市中央区,公表データ,北海道 工賃実績（主な作業内容）,https://www.pref.hokkaido.lg.jp/hf/shf/ko-chin.html,232b3a1a424885bd
北海道,小物雑貨・生活用品,小物雑貨,社会福祉法人サードプレイス,,,未突合,unmatched,,,公表データ,北海道 工賃実績（主な作業内容）,https://www.pref.hokkaido.lg.jp/hf/shf/ko-chin.html,
北海道,小物雑貨・生活用品,小物雑貨,継続支援コネクトベース琴似,,,未突合,ambiguous,,,公表データ,北海道 工賃実績（主な作業内容）,https://www.pref.hokkaido.lg.jp/hf/shf/ko-chin.html,
北海道,小物雑貨・生活用品,小物雑貨,継続支援セコンド,,0110701158,突合済み,pref+city+name,継続支援セコンド,札幌市西区,公表データ,北海道 工賃実績（主な作業内容）,https://www.pref.hokkaido.lg.jp/hf/shf/ko-chin.html,928db296e32be3df
北海道,小物雑貨・生活用品,小物雑貨,美瑛デイセンターすずらん,,,未突合,unmatched,,,公表データ,北海道 工賃実績（主な作業内容）,https://www.pref.hokkaido.lg.jp/hf/shf/ko-chin.html,
北海道,小物雑貨・生活用品,小物雑貨,職業指導センターきぼう,,0114300411,突合済み,pref+city+name,職業指導センターきぼう,釧路郡釧路町,公表データ,北海道 工賃実績（主な作業内容）,https://www.pref.hokkaido.lg.jp/hf/shf/ko-chin.html,975111adc32e6c44
北海道,小物雑貨・生活用品,小物雑貨,自立サポートセンター工房うぃんくる,,0114200256,突合済み,pref+name,自立サポートセンター　工房うぃんくる,標津郡中標津町,公表データ,北海道 工賃実績（主な作業内容）,https://www.pref.hokkaido.lg.jp/hf/shf/ko-chin.html,39ea0419fc903bcd
北海道,小物雑貨・生活用品,小物雑貨,自立サポート彩り舎,,0112001177,突合済み,pref+city+name,自立サポート彩り舎,小樽市,公表データ,北海道 工賃実績（主な作業内容）,https://www.pref.hokkaido.lg.jp/hf/shf/ko-chin.html,ff169705e62560b8
北海道,小物雑貨・生活用品,小物雑貨,花果凛,,0110403763,突合済み,pref+city+name,花果凛,札幌市白石区,公表データ,北海道 工賃実績（主な作業内容）,https://www.pref.hokkaido.lg.jp/hf/shf/ko-chin.html,ff8caa7a6e21bb04
北海道,小物雑貨・生活用品,小物雑貨,花笑みる,,0112909536,突合済み,pref+city+name,花笑みる,旭川市,公表データ,北海道 工賃実績（主な作業内容）,https://www.pref.hokkaido.lg.jp/hf/shf/ko-chin.html,ed83dd15777c2d51
北海道,小物雑貨・生活用品,小物雑貨,草の実工房もく,,0110100559,突合済み,pref+city+name,草の実工房もく,札幌市中央区,公表データ,北海道 工賃実績（主な作業内容）,https://www.pref.hokkaido.lg.jp/hf/shf/ko-chin.html,a05b428a69384c0a
北海道,小物雑貨・生活用品,小物雑貨,言の葉みどり 新発寒,,0110900636,突合済み,pref+city+name,言の葉みどり　新発寒,札幌市手稲区,公表データ,北海道 工賃実績（主な作業内容）,https://www.pref.hokkaido.lg.jp/hf/shf/ko-chin.html,9d1f24da39c5f9f3
北海道,小物雑貨・生活用品,小物雑貨,遊友ほたる,,0115400137,突合済み,pref+city+name,遊友ほたる,紋別郡遠軽町,公表データ,北海道 工賃実績（主な作業内容）,https://www.pref.hokkaido.lg.jp/hf/shf/ko-chin.html,2e473a270948f1a8
北海道,小物雑貨・生活用品,小物雑貨,鈴の環,,0110700069,突合済み,pref+city+name,鈴の環,札幌市西区,公表データ,北海道 工賃実績（主な作業内容）,https://www.pref.hokkaido.lg.jp/hf/shf/ko-chin.html,440ea03362d42c14
北海道,小物雑貨・生活用品,小物雑貨,障がい福祉サービス事業所 きらり,,0114602006,突合済み,pref+city+name,障がい福祉サービス事業所　きらり,帯広市,公表データ,北海道 工賃実績（主な作業内容）,https://www.pref.hokkaido.lg.jp/hf/shf/ko-chin.html,21021b872141f019
北海道,小物雑貨・生活用品,小物雑貨,障がい福祉事業所 ていすと,,0112909577,突合済み,pref+city+name,障がい福祉事業所　ていすと,旭川市,公表データ,北海道 工賃実績（主な作業内容）,https://www.pref.hokkaido.lg.jp/hf/shf/ko-chin.html,fca38a4120abc2c5
北海道,小物雑貨・生活用品,小物雑貨,障がい者多機能型事業所リンク,,0110101235,突合済み,pref+city+name,障がい者多機能型事業所　リンク,札幌市中央区,公表データ,北海道 工賃実績（主な作業内容）,https://www.pref.hokkaido.lg.jp/hf/shf/ko-chin.html,25b47221a1b0e684
北海道,小物雑貨・生活用品,小物雑貨,障がい者就労サポートセンターねすと,,,未突合,ambiguous,,,公表データ,北海道 工賃実績（主な作業内容）,https://www.pref.hokkaido.lg.jp/hf/shf/ko-chin.html,
北海道,小物雑貨・生活用品,小物雑貨,障がい者就労サポートセンターよつば,,,未突合,ambiguous,,,公表データ,北海道 工賃実績（主な作業内容）,https://www.pref.hokkaido.lg.jp/hf/shf/ko-chin.html,
北海道,小物雑貨・生活用品,小物雑貨,障がい者就労サポートセンターりすた,,,未突合,ambiguous,,,公表データ,北海道 工賃実績（主な作業内容）,https://www.pref.hokkaido.lg.jp/hf/shf/ko-chin.html,
北海道,小物雑貨・生活用品,小物雑貨,障がい者就労サポートセンターフォリエ,,,未突合,ambiguous,,,公表データ,北海道 工賃実績（主な作業内容）,https://www.pref.hokkaido.lg.jp/hf/shf/ko-chin.html,
北海道,小物雑貨・生活用品,小物雑貨,障がい者就労サポートセンターラスティ,,,未突合,ambiguous,,,公表データ,北海道 工賃実績（主な作業内容）,https://www.pref.hokkaido.lg.jp/hf/shf/ko-chin.html,
北海道,小物雑貨・生活用品,小物雑貨,障がい者就労支援こはく,,0110205390,突合済み,pref+city+name,障がい者就労支援こはく,札幌市北区,公表データ,北海道 工賃実績（主な作業内容）,https://www.pref.hokkaido.lg.jp/hf/shf/ko-chin.html,d66a6e38e48a22b4
北海道,小物雑貨・生活用品,小物雑貨,障がい者就労継続支援B型事業所 楽ーRAKU－,,,未突合,unmatched,,,公表データ,北海道 工賃実績（主な作業内容）,https://www.pref.hokkaido.lg.jp/hf/shf/ko-chin.html,
北海道,小物雑貨・生活用品,小物雑貨,障がい者就労継続支援B型事業所湧くわく園新道東,,,未突合,unmatched,,,公表データ,北海道 工賃実績（主な作業内容）,https://www.pref.hokkaido.lg.jp/hf/shf/ko-chin.html,
北海道,小物雑貨・生活用品,小物雑貨,障害福祉サービスほっぷ,,0111402384,突合済み,pref+city+name,障害福祉サービス　ほっぷ,函館市,公表データ,北海道 工賃実績（主な作業内容）,https://www.pref.hokkaido.lg.jp/hf/shf/ko-chin.html,49a99bbfc96ecc67
北海道,小物雑貨・生活用品,小物雑貨,障害者就労支援事業Step,,0112907266,突合済み,pref+city+name,障害者就労支援事業Ｓｔｅｐ,旭川市,公表データ,北海道 工賃実績（主な作業内容）,https://www.pref.hokkaido.lg.jp/hf/shf/ko-chin.html,c9c3bc91ba070018
北海道,小物雑貨・生活用品,小物雑貨,青葉の杜,,0111100590,突合済み,pref+city+name,青葉の杜,千歳市,公表データ,北海道 工賃実績（主な作業内容）,https://www.pref.hokkaido.lg.jp/hf/shf/ko-chin.html,37b568b16bfa5692
北海道,小物雑貨・生活用品,小物雑貨,ＨＡＧ ｅｍｉ,,0114101082,突合済み,pref+city+name,HAG emi,釧路市,公表データ,北海道 工賃実績（主な作業内容）,https://www.pref.hokkaido.lg.jp/hf/shf/ko-chin.html,3e70ff52af929071
北海道,小物雑貨・生活用品,小物雑貨,ＴＩＡＭ,,0110800596,突合済み,pref+city+name,TIAM,札幌市白石区,公表データ,北海道 工賃実績（主な作業内容）,https://www.pref.hokkaido.lg.jp/hf/shf/ko-chin.html,7566bcc9594d8fdc
北海道,小物雑貨・生活用品,小物雑貨,ｆｒｅｅｓｉａ,,0113000632,突合済み,pref+city+name,ｆｒｅｅｓｉａ,富良野市,公表データ,北海道 工賃実績（主な作業内容）,https://www.pref.hokkaido.lg.jp/hf/shf/ko-chin.html,864cd360f5806328
北海道,情報処理・データ入力,情報処理・テープ起こし,KIRAMEKI白石本通,,0110405123,突合済み,pref+city+name,ＫＩＲＡＭＥＫＩ　白石本通,札幌市白石区,公表データ,北海道 工賃実績（主な作業内容）,https://www.pref.hokkaido.lg.jp/hf/shf/ko-chin.html,e73bcbf140cb117e
北海道,情報処理・データ入力,情報処理・テープ起こし,Lilas,,0110205036,突合済み,pref+city+name,Ｌｉｌａｓ,札幌市北区,公表データ,北海道 工賃実績（主な作業内容）,https://www.pref.hokkaido.lg.jp/hf/shf/ko-chin.html,63894a8b194d4bb4
北海道,情報処理・データ入力,情報処理・テープ起こし,ONEGAME札幌清田,,0110901493,突合済み,pref+city+name,ＯＮＥＧＡＭＥ札幌清田,札幌市清田区,公表データ,北海道 工賃実績（主な作業内容）,https://www.pref.hokkaido.lg.jp/hf/shf/ko-chin.html,d22f328862fa7449
北海道,情報処理・データ入力,情報処理・テープ起こし,PCNET-SAPPORO,,0110202884,突合済み,pref+city+name,ＰＣＮＥＴ−ＳＡＰＰＯＲＯ,札幌市北区,公表データ,北海道 工賃実績（主な作業内容）,https://www.pref.hokkaido.lg.jp/hf/shf/ko-chin.html,b124f6490c24d95c
北海道,情報処理・データ入力,情報処理・テープ起こし,Perch,,0114102577,突合済み,pref+city+name,Perch,釧路市,公表データ,北海道 工賃実績（主な作業内容）,https://www.pref.hokkaido.lg.jp/hf/shf/ko-chin.html,d5743e92d1c002b5
北海道,情報処理・データ入力,情報処理・テープ起こし,PoRoNI～ポロニ～,,,未突合,unmatched,,,公表データ,北海道 工賃実績（主な作業内容）,https://www.pref.hokkaido.lg.jp/hf/shf/ko-chin.html,
北海道,情報処理・データ入力,情報処理・テープ起こし,SUN-MOON新川,,0111402764,突合済み,pref+city+name,SUN-MOON新川,函館市,公表データ,北海道 工賃実績（主な作業内容）,https://www.pref.hokkaido.lg.jp/hf/shf/ko-chin.html,4d3aec72e5e3556a
北海道,情報処理・データ入力,情報処理・テープ起こし,TECHMIND本郷幻影,,0110405206,突合済み,pref+city+name,ＴＥＣＨＭＩＮＤ　本郷幻影,札幌市白石区,公表データ,北海道 工賃実績（主な作業内容）,https://www.pref.hokkaido.lg.jp/hf/shf/ko-chin.html,3c1d7680e68feac0
北海道,情報処理・データ入力,情報処理・テープ起こし,U-Garden,,,未突合,unmatched,,,公表データ,北海道 工賃実績（主な作業内容）,https://www.pref.hokkaido.lg.jp/hf/shf/ko-chin.html,
北海道,情報処理・データ入力,情報処理・テープ起こし,WELLY,,0110302742,突合済み,pref+city+name,WELLY,札幌市北区,公表データ,北海道 工賃実績（主な作業内容）,https://www.pref.hokkaido.lg.jp/hf/shf/ko-chin.html,d46cc3384887977b
北海道,情報処理・データ入力,情報処理・テープ起こし,Whiz,,0110405321,突合済み,pref+city+name,Whiz,札幌市白石区,公表データ,北海道 工賃実績（主な作業内容）,https://www.pref.hokkaido.lg.jp/hf/shf/ko-chin.html,c7968d582950f54f
北海道,情報処理・データ入力,情報処理・テープ起こし,ecoワーク野幌,,0111000832,突合済み,pref+city+name,ecoワーク野幌,江別市,公表データ,北海道 工賃実績（主な作業内容）,https://www.pref.hokkaido.lg.jp/hf/shf/ko-chin.html,c4b008602a982161
北海道,情報処理・データ入力,情報処理・テープ起こし,ecoワーク野幌駅前,,0111000980,突合済み,pref+city+name,ecoワーク野幌駅前,江別市,公表データ,北海道 工賃実績（主な作業内容）,https://www.pref.hokkaido.lg.jp/hf/shf/ko-chin.html,a65d66276329083b
北海道,情報処理・データ入力,情報処理・テープ起こし,hibino-kagayaki,,0110104007,突合済み,pref+city+name,hibino-kagayaki,札幌市中央区,公表データ,北海道 工賃実績（主な作業内容）,https://www.pref.hokkaido.lg.jp/hf/shf/ko-chin.html,d5c96b932b7e8dae
北海道,情報処理・データ入力,情報処理・テープ起こし,hibino-shigoto,,0110103389,突合済み,pref+city+name,ｈｉｂｉｎｏ−ｓｈｉｇｏｔｏ,札幌市中央区,公表データ,北海道 工賃実績（主な作業内容）,https://www.pref.hokkaido.lg.jp/hf/shf/ko-chin.html,22bf3222a7b54766
北海道,情報処理・データ入力,情報処理・テープ起こし,あいステップ,,0110404142,突合済み,pref+city+name,あいステップ,札幌市白石区,公表データ,北海道 工賃実績（主な作業内容）,https://www.pref.hokkaido.lg.jp/hf/shf/ko-chin.html,aa83d932bb7df4f6
北海道,情報処理・データ入力,情報処理・テープ起こし,あさひ☆みらい,,,未突合,ambiguous,,,公表データ,北海道 工賃実績（主な作業内容）,https://www.pref.hokkaido.lg.jp/hf/shf/ko-chin.html,
北海道,情報処理・データ入力,情報処理・テープ起こし,ういず新琴似,,,未突合,unmatched,,,公表データ,北海道 工賃実績（主な作業内容）,https://www.pref.hokkaido.lg.jp/hf/shf/ko-chin.html,
北海道,情報処理・データ入力,情報処理・テープ起こし,ここリカ・プロダクション,,0110402815,突合済み,pref+city+name,ここリカ・プロダクション,札幌市白石区,公表データ,北海道 工賃実績（主な作業内容）,https://www.pref.hokkaido.lg.jp/hf/shf/ko-chin.html,ff0d57ce880da421
北海道,情報処理・データ入力,情報処理・テープ起こし,でじるみ帯広南,,,未突合,unmatched,,,公表データ,北海道 工賃実績（主な作業内容）,https://www.pref.hokkaido.lg.jp/hf/shf/ko-chin.html,
北海道,情報処理・データ入力,情報処理・テープ起こし,でじるみ帯広西,,,未突合,unmatched,,,公表データ,北海道 工賃実績（主な作業内容）,https://www.pref.hokkaido.lg.jp/hf/shf/ko-chin.html,
北海道,情報処理・データ入力,情報処理・テープ起こし,とんとん,,0112906631,突合済み,pref+city+name,とんとん,旭川市,公表データ,北海道 工賃実績（主な作業内容）,https://www.pref.hokkaido.lg.jp/hf/shf/ko-chin.html,85ed0c93314ef7da
北海道,情報処理・データ入力,情報処理・テープ起こし,とーもす北広島,,0111300638,突合済み,pref+city+name,とーもす北広島,北広島市,公表データ,北海道 工賃実績（主な作業内容）,https://www.pref.hokkaido.lg.jp/hf/shf/ko-chin.html,11ebbb2a57a96e5b
北海道,情報処理・データ入力,情報処理・テープ起こし,はたらきもん,,0110103108,突合済み,pref+city+name,はたらきもん,札幌市中央区,公表データ,北海道 工賃実績（主な作業内容）,https://www.pref.hokkaido.lg.jp/hf/shf/ko-chin.html,7608b45737802f07
北海道,情報処理・データ入力,情報処理・テープ起こし,ふくろうの会,,0110101102,突合済み,pref+city+name,ふくろうの会,札幌市中央区,公表データ,北海道 工賃実績（主な作業内容）,https://www.pref.hokkaido.lg.jp/hf/shf/ko-chin.html,f154de53e1c95448
北海道,情報処理・データ入力,情報処理・テープ起こし,みちくさ,,0110403979,突合済み,pref+city+name,みちくさ,札幌市白石区,公表データ,北海道 工賃実績（主な作業内容）,https://www.pref.hokkaido.lg.jp/hf/shf/ko-chin.html,30bc485f544347f6
北海道,情報処理・データ入力,情報処理・テープ起こし,ゆにばーさる就労支援センター札幌幌北,,0110700655,突合済み,pref+city+name,ゆにばーさる就労支援センター札幌幌北,札幌市北区,公表データ,北海道 工賃実績（主な作業内容）,https://www.pref.hokkaido.lg.jp/hf/shf/ko-chin.html,f64b52d93c52d27c
北海道,情報処理・データ入力,情報処理・テープ起こし,ゆにばーさる就労支援センター札幌豊平,,0110506201,突合済み,pref+city+name,ゆにばーさる就労支援センター札幌豊平,札幌市豊平区,公表データ,北海道 工賃実績（主な作業内容）,https://www.pref.hokkaido.lg.jp/hf/shf/ko-chin.html,8c137d1a59ab4d26
北海道,情報処理・データ入力,情報処理・テープ起こし,よつばの会,,,未突合,unmatched,,,公表データ,北海道 工賃実績（主な作業内容）,https://www.pref.hokkaido.lg.jp/hf/shf/ko-chin.html,
北海道,情報処理・データ入力,情報処理・テープ起こし,りりーふ,,0110102647,突合済み,pref+city+name,りりーふ,札幌市中央区,公表データ,北海道 工賃実績（主な作業内容）,https://www.pref.hokkaido.lg.jp/hf/shf/ko-chin.html,271fd95aac18dd30
北海道,情報処理・データ入力,情報処理・テープ起こし,りりーふ北大通り,,0110204468,突合済み,pref+city+name,りりーふ北大通り,札幌市北区,公表データ,北海道 工賃実績（主な作業内容）,https://www.pref.hokkaido.lg.jp/hf/shf/ko-chin.html,e69ea98ad0887f8f
北海道,情報処理・データ入力,情報処理・テープ起こし,ろまんすキッチン,,,未突合,unmatched,,,公表データ,北海道 工賃実績（主な作業内容）,https://www.pref.hokkaido.lg.jp/hf/shf/ko-chin.html,
北海道,情報処理・データ入力,情報処理・テープ起こし,アイラボ,,,未突合,ambiguous,,,公表データ,北海道 工賃実績（主な作業内容）,https://www.pref.hokkaido.lg.jp/hf/shf/ko-chin.html,
北海道,情報処理・データ入力,情報処理・テープ起こし,アテンドワーク八軒,,0110701471,突合済み,pref+city+name,アテンドワーク八軒,札幌市西区,公表データ,北海道 工賃実績（主な作業内容）,https://www.pref.hokkaido.lg.jp/hf/shf/ko-chin.html,affd612c4de4952c
北海道,情報処理・データ入力,情報処理・テープ起こし,アテンドワーク南平岸,,0110507001,突合済み,pref+city+name,アテンドワーク南平岸,札幌市豊平区,公表データ,北海道 工賃実績（主な作業内容）,https://www.pref.hokkaido.lg.jp/hf/shf/ko-chin.html,a5ad5aff0262508d
北海道,情報処理・データ入力,情報処理・テープ起こし,アテンドワーク東札幌,,0110404647,突合済み,pref+city+name,アテンドワーク東札幌,札幌市白石区,公表データ,北海道 工賃実績（主な作業内容）,https://www.pref.hokkaido.lg.jp/hf/shf/ko-chin.html,551dac7f5327c0d4
北海道,情報処理・データ入力,情報処理・テープ起こし,アテンドワーク琴似,,0110701364,突合済み,pref+city+name,アテンドワーク琴似,札幌市西区,公表データ,北海道 工賃実績（主な作業内容）,https://www.pref.hokkaido.lg.jp/hf/shf/ko-chin.html,98eca6737f2ac03e
北海道,情報処理・データ入力,情報処理・テープ起こし,アドバンス,,,未突合,unmatched,,,公表データ,北海道 工賃実績（主な作業内容）,https://www.pref.hokkaido.lg.jp/hf/shf/ko-chin.html,
北海道,情報処理・データ入力,情報処理・テープ起こし,アルブル江別,,0111001285,突合済み,pref+city+name,アルブル江別,江別市,公表データ,北海道 工賃実績（主な作業内容）,https://www.pref.hokkaido.lg.jp/hf/shf/ko-chin.html,311ceee4cbb87bc4
北海道,情報処理・データ入力,情報処理・テープ起こし,イーストライフ,,,未突合,ambiguous,,,公表データ,北海道 工賃実績（主な作業内容）,https://www.pref.hokkaido.lg.jp/hf/shf/ko-chin.html,
北海道,情報処理・データ入力,情報処理・テープ起こし,ウィル.ビズ,,0110204310,突合済み,pref+city+name,ウィル.ビズ,札幌市北区,公表データ,北海道 工賃実績（主な作業内容）,https://www.pref.hokkaido.lg.jp/hf/shf/ko-chin.html,77e036cf624b30f6
北海道,情報処理・データ入力,情報処理・テープ起こし,ウィル大通,,0110104296,突合済み,pref+city+name,ウィル大通,札幌市中央区,公表データ,北海道 工賃実績（主な作業内容）,https://www.pref.hokkaido.lg.jp/hf/shf/ko-chin.html,f4536698866a2cb7
北海道,情報処理・データ入力,情報処理・テープ起こし,エルフィン,,0110503919,突合済み,pref+city+name,エルフィン,札幌市中央区,公表データ,北海道 工賃実績（主な作業内容）,https://www.pref.hokkaido.lg.jp/hf/shf/ko-chin.html,d6807c0e7d06ff24
北海道,情報処理・データ入力,情報処理・テープ起こし,エンデバー,,0110202058,突合済み,pref+city+name,エンデバー,札幌市北区,公表データ,北海道 工賃実績（主な作業内容）,https://www.pref.hokkaido.lg.jp/hf/shf/ko-chin.html,e1123a581dcb7b2d
北海道,情報処理・データ入力,情報処理・テープ起こし,エール,,0110301496,突合済み,pref+city+name,エール,札幌市東区,公表データ,北海道 工賃実績（主な作業内容）,https://www.pref.hokkaido.lg.jp/hf/shf/ko-chin.html,2e94c5b03358f6b9
北海道,情報処理・データ入力,情報処理・テープ起こし,カインドライフ,,0110402963,突合済み,pref+city+name,カインドライフ,札幌市白石区,公表データ,北海道 工賃実績（主な作業内容）,https://www.pref.hokkaido.lg.jp/hf/shf/ko-chin.html,5cc0510fd20def52
北海道,情報処理・データ入力,情報処理・テープ起こし,クレデンツァ札幌石山,,0110601143,突合済み,pref+city+name,クレデンツァ札幌石山,札幌市南区,公表データ,北海道 工賃実績（主な作業内容）,https://www.pref.hokkaido.lg.jp/hf/shf/ko-chin.html,b6b25c59e22917f1
北海道,情報処理・データ入力,情報処理・テープ起こし,グランクルール,,,未突合,unmatched,,,公表データ,北海道 工賃実績（主な作業内容）,https://www.pref.hokkaido.lg.jp/hf/shf/ko-chin.html,
北海道,情報処理・データ入力,情報処理・テープ起こし,ココピアワークス札幌,,0110205333,突合済み,pref+city+name,ココピアワークス札幌,札幌市北区,公表データ,北海道 工賃実績（主な作業内容）,https://www.pref.hokkaido.lg.jp/hf/shf/ko-chin.html,3cddc94c674ed7c8
北海道,情報処理・データ入力,情報処理・テープ起こし,コネクトワークス月寒,,,未突合,unmatched,,,公表データ,北海道 工賃実績（主な作業内容）,https://www.pref.hokkaido.lg.jp/hf/shf/ko-chin.html,
北海道,情報処理・データ入力,情報処理・テープ起こし,コンパス,,0110503158,突合済み,pref+city+name,コンパス,札幌市清田区,公表データ,北海道 工賃実績（主な作業内容）,https://www.pref.hokkaido.lg.jp/hf/shf/ko-chin.html,db3388e77e75c8dc
北海道,情報処理・データ入力,情報処理・テープ起こし,コンフォートスペース澄川,,0110601069,突合済み,pref+city+name,コンフォートスペース澄川,札幌市南区,公表データ,北海道 工賃実績（主な作業内容）,https://www.pref.hokkaido.lg.jp/hf/shf/ko-chin.html,c1a202bf592627c8
北海道,情報処理・データ入力,情報処理・テープ起こし,ゴールズ平岸,,0110507282,突合済み,pref+city+name,ゴールズ平岸,札幌市豊平区,公表データ,北海道 工賃実績（主な作業内容）,https://www.pref.hokkaido.lg.jp/hf/shf/ko-chin.html,db4ee76b0c3f9281
北海道,情報処理・データ入力,情報処理・テープ起こし,ゴールズ平岸街道,,0110507340,突合済み,pref+city+name,ゴールズ平岸街道,札幌市豊平区,公表データ,北海道 工賃実績（主な作業内容）,https://www.pref.hokkaido.lg.jp/hf/shf/ko-chin.html,7ef8418a8bf08f8f
北海道,情報処理・データ入力,情報処理・テープ起こし,サポートセンター豊平,,0110505328,突合済み,pref+city+name,サポートセンター豊平,札幌市豊平区,公表データ,北海道 工賃実績（主な作業内容）,https://www.pref.hokkaido.lg.jp/hf/shf/ko-chin.html,f7a56b59eded680d
北海道,情報処理・データ入力,情報処理・テープ起こし,サンライフ,,0110103603,突合済み,pref+city+name,サンライフ,札幌市中央区,公表データ,北海道 工賃実績（主な作業内容）,https://www.pref.hokkaido.lg.jp/hf/shf/ko-chin.html,304c38e17a764c70
北海道,情報処理・データ入力,情報処理・テープ起こし,シードワークス,,0111501631,突合済み,pref+city+name,シードワークス,北斗市,公表データ,北海道 工賃実績（主な作業内容）,https://www.pref.hokkaido.lg.jp/hf/shf/ko-chin.html,1be8ec25c0e81870
北海道,情報処理・データ入力,情報処理・テープ起こし,ジョブサワーク札幌,,0110104031,突合済み,pref+city+name,ジョブサワーク札幌,札幌市中央区,公表データ,北海道 工賃実績（主な作業内容）,https://www.pref.hokkaido.lg.jp/hf/shf/ko-chin.html,88f5835dc6cc7574
北海道,情報処理・データ入力,情報処理・テープ起こし,ジョブタスもいわ事業所,,,未突合,ambiguous,,,公表データ,北海道 工賃実績（主な作業内容）,https://www.pref.hokkaido.lg.jp/hf/shf/ko-chin.html,
北海道,情報処理・データ入力,情報処理・テープ起こし,スタジオ ナビス,,0110403748,突合済み,pref+city+name,スタジオ　ナビス,札幌市白石区,公表データ,北海道 工賃実績（主な作業内容）,https://www.pref.hokkaido.lg.jp/hf/shf/ko-chin.html,3eb78b87f54a4c89
北海道,情報処理・データ入力,情報処理・テープ起こし,ダズリングプラス,,0112001482,突合済み,pref+city+name,ダズリングプラス,小樽市,公表データ,北海道 工賃実績（主な作業内容）,https://www.pref.hokkaido.lg.jp/hf/shf/ko-chin.html,74a77a88d1c026c3
北海道,情報処理・データ入力,情報処理・テープ起こし,デジヤらぼ,,0110900743,突合済み,pref+city+name,デジヤらぼ,札幌市手稲区,公表データ,北海道 工賃実績（主な作業内容）,https://www.pref.hokkaido.lg.jp/hf/shf/ko-chin.html,89df0fe9be7f2d89
北海道,情報処理・データ入力,情報処理・テープ起こし,ネクストステージ,,0110204724,突合済み,pref+city+name,ネクストステージ,札幌市北区,公表データ,北海道 工賃実績（主な作業内容）,https://www.pref.hokkaido.lg.jp/hf/shf/ko-chin.html,f2b6810f9ff7cd09
北海道,情報処理・データ入力,情報処理・テープ起こし,ネクストステージアネックス,,0110404498,突合済み,pref+city+name,ネクストステージ　アネックス,札幌市白石区,公表データ,北海道 工賃実績（主な作業内容）,https://www.pref.hokkaido.lg.jp/hf/shf/ko-chin.html,7d7f1badba15012f
北海道,情報処理・データ入力,情報処理・テープ起こし,ネクストフューチャー発寒,,0110701554,突合済み,pref+city+name,ネクストフューチャー発寒,札幌市西区,公表データ,北海道 工賃実績（主な作業内容）,https://www.pref.hokkaido.lg.jp/hf/shf/ko-chin.html,0786a69da8512070
北海道,情報処理・データ入力,情報処理・テープ起こし,ネクストワン,,0112909635,突合済み,pref+city+name,ネクストワン,旭川市,公表データ,北海道 工賃実績（主な作業内容）,https://www.pref.hokkaido.lg.jp/hf/shf/ko-chin.html,d6cc34260a0a3a3a
北海道,情報処理・データ入力,情報処理・テープ起こし,ハッピーラボ,,0110103611,突合済み,pref+city+name,ハッピーラボ,札幌市中央区,公表データ,北海道 工賃実績（主な作業内容）,https://www.pref.hokkaido.lg.jp/hf/shf/ko-chin.html,ad4cbe3d3998474a
北海道,情報処理・データ入力,情報処理・テープ起こし,フリーダム,,0110203833,突合済み,pref+city+name,フリーダム,札幌市北区,公表データ,北海道 工賃実績（主な作業内容）,https://www.pref.hokkaido.lg.jp/hf/shf/ko-chin.html,3c749e93a3b78922
北海道,情報処理・データ入力,情報処理・テープ起こし,マイ・スタイル大通東事業所,,0110104122,突合済み,pref+city+name,マイ・スタイル　大通東事業所,札幌市中央区,公表データ,北海道 工賃実績（主な作業内容）,https://www.pref.hokkaido.lg.jp/hf/shf/ko-chin.html,2ad3f9e5ba2c6223
北海道,情報処理・データ入力,情報処理・テープ起こし,ミライク,,,未突合,unmatched,,,公表データ,北海道 工賃実績（主な作業内容）,https://www.pref.hokkaido.lg.jp/hf/shf/ko-chin.html,
北海道,情報処理・データ入力,情報処理・テープ起こし,ムーブオン,,0110505054,突合済み,pref+city+name,ムーブオン,札幌市豊平区,公表データ,北海道 工賃実績（主な作業内容）,https://www.pref.hokkaido.lg.jp/hf/shf/ko-chin.html,4b738cff093c7986
北海道,情報処理・データ入力,情報処理・テープ起こし,ムーブオン平岸中央,,0110505542,突合済み,pref+city+name,ムーブオン　平岸中央,札幌市豊平区,公表データ,北海道 工賃実績（主な作業内容）,https://www.pref.hokkaido.lg.jp/hf/shf/ko-chin.html,bebf88e1fee22f2e
北海道,情報処理・データ入力,情報処理・テープ起こし,メタゲーム札幌,,0110105236,突合済み,pref+city+name,メタゲーム札幌,札幌市中央区,公表データ,北海道 工賃実績（主な作業内容）,https://www.pref.hokkaido.lg.jp/hf/shf/ko-chin.html,ced3e0d78d41a16e
北海道,情報処理・データ入力,情報処理・テープ起こし,ユーリード札幌福住事業所,,0110507027,突合済み,pref+city+name,ユーリード札幌福住事業所,札幌市豊平区,公表データ,北海道 工賃実績（主な作業内容）,https://www.pref.hokkaido.lg.jp/hf/shf/ko-chin.html,909a1332deb52180
北海道,情報処理・データ入力,情報処理・テープ起こし,ライフテンダー札幌,,0110201217,突合済み,pref+city+name,ライフテンダー札幌,札幌市中央区,公表データ,北海道 工賃実績（主な作業内容）,https://www.pref.hokkaido.lg.jp/hf/shf/ko-chin.html,3e602e495a2c788c
北海道,情報処理・データ入力,情報処理・テープ起こし,ラダーサポート,,0110402856,突合済み,pref+city+name,ラダーサポート,札幌市白石区,公表データ,北海道 工賃実績（主な作業内容）,https://www.pref.hokkaido.lg.jp/hf/shf/ko-chin.html,7c858805665bbd45
北海道,情報処理・データ入力,情報処理・テープ起こし,ラポール,,0110700697,突合済み,pref+city+name,ラポール,札幌市西区,公表データ,北海道 工賃実績（主な作業内容）,https://www.pref.hokkaido.lg.jp/hf/shf/ko-chin.html,8d0134f7fe407582
北海道,情報処理・データ入力,情報処理・テープ起こし,リワークあっぷる,,0110502044,突合済み,pref+city+name,リワークあっぷる,札幌市豊平区,公表データ,北海道 工賃実績（主な作業内容）,https://www.pref.hokkaido.lg.jp/hf/shf/ko-chin.html,aa745b72b84dd20e
北海道,情報処理・データ入力,情報処理・テープ起こし,ワークシャイン,,0110403441,突合済み,pref+city+name,ワークシャイン,札幌市白石区,公表データ,北海道 工賃実績（主な作業内容）,https://www.pref.hokkaido.lg.jp/hf/shf/ko-chin.html,f14b99c432bdbe9a
北海道,情報処理・データ入力,情報処理・テープ起こし,ワークスペースファイン,,0111401873,突合済み,pref+city+name,ワークスペースファイン,函館市,公表データ,北海道 工賃実績（主な作業内容）,https://www.pref.hokkaido.lg.jp/hf/shf/ko-chin.html,902aa7729e575060
北海道,情報処理・データ入力,情報処理・テープ起こし,ワークフロア清柳,,0114601206,突合済み,pref+city+name,ワークフロア清柳,帯広市,公表データ,北海道 工賃実績（主な作業内容）,https://www.pref.hokkaido.lg.jp/hf/shf/ko-chin.html,78cd240f5600c0eb
北海道,情報処理・データ入力,情報処理・テープ起こし,事務支援センター リオン,,0110103538,突合済み,pref+city+name,事務支援センターリオン,札幌市中央区,公表データ,北海道 工賃実績（主な作業内容）,https://www.pref.hokkaido.lg.jp/hf/shf/ko-chin.html,f41bb3f31a413a98
北海道,情報処理・データ入力,情報処理・テープ起こし,多機能型就労継続支援事業所エクサート,,0110300787,突合済み,pref+city+name,多機能型就労継続支援事業所　エクサート,札幌市東区,公表データ,北海道 工賃実績（主な作業内容）,https://www.pref.hokkaido.lg.jp/hf/shf/ko-chin.html,dc2ecb91aa559117
北海道,情報処理・データ入力,情報処理・テープ起こし,就労支援センター ジョブテラス,,0113500854,突合済み,pref+city+name,就労支援センタージョブテラス,登別市,公表データ,北海道 工賃実績（主な作業内容）,https://www.pref.hokkaido.lg.jp/hf/shf/ko-chin.html,fbdc270de83ca3f9
北海道,情報処理・データ入力,情報処理・テープ起こし,就労支援センターOm-net,,0111100343,突合済み,pref+city+name,就労支援センター　Ｏｍ−ｎｅｔ,千歳市,公表データ,北海道 工賃実績（主な作業内容）,https://www.pref.hokkaido.lg.jp/hf/shf/ko-chin.html,9c0dbe8b58c6d162
北海道,情報処理・データ入力,情報処理・テープ起こし,就労支援センターさくら,,0110300472,突合済み,pref+city+name,就労支援センターさくら,札幌市東区,公表データ,北海道 工賃実績（主な作業内容）,https://www.pref.hokkaido.lg.jp/hf/shf/ko-chin.html,91ce51d33bc2e787
北海道,情報処理・データ入力,情報処理・テープ起こし,就労支援センターＪｏｂスタ,,0113500680,突合済み,pref+city+name,就労支援センターＪＯＢスタ,室蘭市,公表データ,北海道 工賃実績（主な作業内容）,https://www.pref.hokkaido.lg.jp/hf/shf/ko-chin.html,58de6da4165ca03f
北海道,情報処理・データ入力,情報処理・テープ起こし,就労支援ワークライズ,,0110506276,突合済み,pref+city+name,就労支援ワークライズ,札幌市豊平区,公表データ,北海道 工賃実績（主な作業内容）,https://www.pref.hokkaido.lg.jp/hf/shf/ko-chin.html,a5ecaa2d70697db5
北海道,情報処理・データ入力,情報処理・テープ起こし,就労支援事業所 シオル,,0110506821,突合済み,pref+city+name,就労支援事業所　シオル,札幌市南区,公表データ,北海道 工賃実績（主な作業内容）,https://www.pref.hokkaido.lg.jp/hf/shf/ko-chin.html,8df1c8ea49816781
北海道,情報処理・データ入力,情報処理・テープ起こし,就労支援事業所ほおずき,,0110503851,突合済み,pref+city+name,就労支援事業所ほおずき,札幌市北区,公表データ,北海道 工賃実績（主な作業内容）,https://www.pref.hokkaido.lg.jp/hf/shf/ko-chin.html,2eafea1274af8309
北海道,情報処理・データ入力,情報処理・テープ起こし,就労支援施設ReCare,,0114102049,突合済み,pref+city+name,就労支援施設　ReCare,釧路市,公表データ,北海道 工賃実績（主な作業内容）,https://www.pref.hokkaido.lg.jp/hf/shf/ko-chin.html,e3c4034ab04d94d3
北海道,情報処理・データ入力,情報処理・テープ起こし,就労継続支援 れのあ,,0110404530,突合済み,pref+city+name,就労継続支援　れのあ,札幌市白石区,公表データ,北海道 工賃実績（主な作業内容）,https://www.pref.hokkaido.lg.jp/hf/shf/ko-chin.html,897e12471345b937
北海道,情報処理・データ入力,情報処理・テープ起こし,就労継続支援A型事業所 ビーグル,,,未突合,unmatched,,,公表データ,北海道 工賃実績（主な作業内容）,https://www.pref.hokkaido.lg.jp/hf/shf/ko-chin.html,
北海道,情報処理・データ入力,情報処理・テープ起こし,就労継続支援A型事業所はみんぐスクエア,,0110404951,突合済み,pref+city+name,就労継続支援Ａ型事業所　はみんぐスクエア,札幌市白石区,公表データ,北海道 工賃実績（主な作業内容）,https://www.pref.hokkaido.lg.jp/hf/shf/ko-chin.html,853ecd13979b7202
北海道,情報処理・データ入力,情報処理・テープ起こし,就労継続支援A型事業所はみんぐプラザ,,0111001244,突合済み,pref+city+name,就労継続支援Ａ型事業所　はみんぐプラザ,江別市,公表データ,北海道 工賃実績（主な作業内容）,https://www.pref.hokkaido.lg.jp/hf/shf/ko-chin.html,c27e9b2afba24c24
北海道,情報処理・データ入力,情報処理・テープ起こし,就労継続支援B型 ビレッジ,,,未突合,unmatched,,,公表データ,北海道 工賃実績（主な作業内容）,https://www.pref.hokkaido.lg.jp/hf/shf/ko-chin.html,
北海道,情報処理・データ入力,情報処理・テープ起こし,就労継続支援B型Cor＋,,0110205994,突合済み,pref+city+name,就労継続支援B型Cor＋,札幌市北区,公表データ,北海道 工賃実績（主な作業内容）,https://www.pref.hokkaido.lg.jp/hf/shf/ko-chin.html,d6c5711aae74503a
北海道,情報処理・データ入力,情報処理・テープ起こし,就労継続支援B型イナンクル,,,未突合,unmatched,,,公表データ,北海道 工賃実績（主な作業内容）,https://www.pref.hokkaido.lg.jp/hf/shf/ko-chin.html,
北海道,情報処理・データ入力,情報処理・テープ起こし,就労継続支援B型グラン・ベース,,0110302569,突合済み,pref+city+name,就労継続支援B型グラン・ベース,札幌市東区,公表データ,北海道 工賃実績（主な作業内容）,https://www.pref.hokkaido.lg.jp/hf/shf/ko-chin.html,5ac0c8bf1819e998
北海道,情報処理・データ入力,情報処理・テープ起こし,就労継続支援B型プラスタ,,0110103157,突合済み,pref+city+name,就労継続支援Ｂ型　プラスタ,札幌市中央区,公表データ,北海道 工賃実績（主な作業内容）,https://www.pref.hokkaido.lg.jp/hf/shf/ko-chin.html,0f1ef599eb0cd168
北海道,情報処理・データ入力,情報処理・テープ起こし,就労継続支援B型事業所 ひまわり,,0110800364,突合済み,pref+city+name,就労継続支援Ｂ型事業所　ひまわり,札幌市厚別区,公表データ,北海道 工賃実績（主な作業内容）,https://www.pref.hokkaido.lg.jp/hf/shf/ko-chin.html,5bd280b1a0d6e7ff
北海道,情報処理・データ入力,情報処理・テープ起こし,就労継続支援B型事業所 ワークライフ,,,未突合,unmatched,,,公表データ,北海道 工賃実績（主な作業内容）,https://www.pref.hokkaido.lg.jp/hf/shf/ko-chin.html,
北海道,情報処理・データ入力,情報処理・テープ起こし,就労継続支援B型事業所 楽‐RAKU‐豊平店,,,未突合,unmatched,,,公表データ,北海道 工賃実績（主な作業内容）,https://www.pref.hokkaido.lg.jp/hf/shf/ko-chin.html,
北海道,情報処理・データ入力,情報処理・テープ起こし,就労継続支援B型事業所e-project,,0111402277,突合済み,pref+city+name,就労継続支援Ｂ型事業所e-project,函館市,公表データ,北海道 工賃実績（主な作業内容）,https://www.pref.hokkaido.lg.jp/hf/shf/ko-chin.html,9aa0a05203291f3f
北海道,情報処理・データ入力,情報処理・テープ起こし,就労継続支援B型事業所ink,,0110302676,突合済み,pref+city+name,就労継続支援Ｂ型事業所　ink,札幌市東区,公表データ,北海道 工賃実績（主な作業内容）,https://www.pref.hokkaido.lg.jp/hf/shf/ko-chin.html,74dd783810407ba0
北海道,情報処理・データ入力,情報処理・テープ起こし,就労継続支援B型事業所ぎんあん,,,未突合,unmatched,,,公表データ,北海道 工賃実績（主な作業内容）,https://www.pref.hokkaido.lg.jp/hf/shf/ko-chin.html,
北海道,情報処理・データ入力,情報処理・テープ起こし,就労継続支援B型事業所さわやか,,,未突合,city_mismatch,,,公表データ,北海道 工賃実績（主な作業内容）,https://www.pref.hokkaido.lg.jp/hf/shf/ko-chin.html,
北海道,情報処理・データ入力,情報処理・テープ起こし,就労継続支援B型事業所さわやか釧路,,,未突合,unmatched,,,公表データ,北海道 工賃実績（主な作業内容）,https://www.pref.hokkaido.lg.jp/hf/shf/ko-chin.html,
北海道,情報処理・データ入力,情報処理・テープ起こし,就労継続支援B型事業所つなぐ,,,未突合,unmatched,,,公表データ,北海道 工賃実績（主な作業内容）,https://www.pref.hokkaido.lg.jp/hf/shf/ko-chin.html,
北海道,情報処理・データ入力,情報処理・テープ起こし,就労継続支援B型事業所アクシエ,,0110104288,突合済み,pref+city+name,就労継続支援Ｂ型事業所　アクシエ,札幌市中央区,公表データ,北海道 工賃実績（主な作業内容）,https://www.pref.hokkaido.lg.jp/hf/shf/ko-chin.html,9cfdb3ebdf2139cd
北海道,情報処理・データ入力,情報処理・テープ起こし,就労継続支援B型事業所アルほくと,,,未突合,unmatched,,,公表データ,北海道 工賃実績（主な作業内容）,https://www.pref.hokkaido.lg.jp/hf/shf/ko-chin.html,
北海道,情報処理・データ入力,情報処理・テープ起こし,就労継続支援B型事業所ウェルウェイ,,0110103165,突合済み,pref+city+name,就労継続支援Ｂ型事業所ウェルウェイ,札幌市中央区,公表データ,北海道 工賃実績（主な作業内容）,https://www.pref.hokkaido.lg.jp/hf/shf/ko-chin.html,b5b6a884a7e55195
北海道,情報処理・データ入力,情報処理・テープ起こし,就労継続支援B型事業所カムカム,,0110302924,突合済み,pref+city+name,就労継続支援B型事業所　カムカム,札幌市東区,公表データ,北海道 工賃実績（主な作業内容）,https://www.pref.hokkaido.lg.jp/hf/shf/ko-chin.html,b6bd7aa2929bcafd
北海道,情報処理・データ入力,情報処理・テープ起こし,就労継続支援B型事業所サンク,,,未突合,unmatched,,,公表データ,北海道 工賃実績（主な作業内容）,https://www.pref.hokkaido.lg.jp/hf/shf/ko-chin.html,
北海道,情報処理・データ入力,情報処理・テープ起こし,就労継続支援B型事業所ジパング,,,未突合,unmatched,,,公表データ,北海道 工賃実績（主な作業内容）,https://www.pref.hokkaido.lg.jp/hf/shf/ko-chin.html,
北海道,情報処理・データ入力,情報処理・テープ起こし,就労継続支援B型事業所ビーウェル,,0110102993,突合済み,pref+city+name,就労継続支援Ｂ型事業所ビーウェル,札幌市中央区,公表データ,北海道 工賃実績（主な作業内容）,https://www.pref.hokkaido.lg.jp/hf/shf/ko-chin.html,8fd4a56e0be97ab0
北海道,情報処理・データ入力,情報処理・テープ起こし,就労継続支援B型事業所プラトー,,,未突合,unmatched,,,公表データ,北海道 工賃実績（主な作業内容）,https://www.pref.hokkaido.lg.jp/hf/shf/ko-chin.html,
北海道,情報処理・データ入力,情報処理・テープ起こし,就労継続支援事業所TOMAHAWKS,,0110104916,突合済み,pref+city+name,就労継続支援事業所TOMAHAWKS,札幌市中央区,公表データ,北海道 工賃実績（主な作業内容）,https://www.pref.hokkaido.lg.jp/hf/shf/ko-chin.html,63332b024b3692b6
北海道,情報処理・データ入力,情報処理・テープ起こし,就労継続支援事業所エンターテインメントアカデミーでじるみ,,,未突合,unmatched,,,公表データ,北海道 工賃実績（主な作業内容）,https://www.pref.hokkaido.lg.jp/hf/shf/ko-chin.html,
北海道,情報処理・データ入力,情報処理・テープ起こし,就労継続支援Ｂ型,,,未突合,unmatched,,,公表データ,北海道 工賃実績（主な作業内容）,https://www.pref.hokkaido.lg.jp/hf/shf/ko-chin.html,
北海道,情報処理・データ入力,情報処理・テープ起こし,就労継続支援Ｂ型事業所アクション,,,未突合,unmatched,,,公表データ,北海道 工賃実績（主な作業内容）,https://www.pref.hokkaido.lg.jp/hf/shf/ko-chin.html,
北海道,情報処理・データ入力,情報処理・テープ起こし,就労継続支援Ｂ型事業所リラクス,,0110103918,突合済み,pref+city+name,就労継続支援Ｂ型事業所　リラクス,札幌市中央区,公表データ,北海道 工賃実績（主な作業内容）,https://www.pref.hokkaido.lg.jp/hf/shf/ko-chin.html,a9de72e5f3b8ed72
北海道,情報処理・データ入力,情報処理・テープ起こし,岩見沢あかり家,,0115700973,突合済み,pref+city+name,岩見沢あかり家,岩見沢市,公表データ,北海道 工賃実績（主な作業内容）,https://www.pref.hokkaido.lg.jp/hf/shf/ko-chin.html,b9e238a49dc1bcdf
北海道,情報処理・データ入力,情報処理・テープ起こし,工房mole,,0110203049,突合済み,pref+city+name,工房　ｍｏｌｅ,札幌市北区,公表データ,北海道 工賃実績（主な作業内容）,https://www.pref.hokkaido.lg.jp/hf/shf/ko-chin.html,bc87dce565fcaa1e
北海道,情報処理・データ入力,情報処理・テープ起こし,未来ｓｍ,,0110101805,突合済み,pref+city+name,未来ｓｍ,札幌市中央区,公表データ,北海道 工賃実績（主な作業内容）,https://www.pref.hokkaido.lg.jp/hf/shf/ko-chin.html,84bd4f987dcae0ff
北海道,情報処理・データ入力,情報処理・テープ起こし,株式会社リライフ・サポート,,,未突合,unmatched,,,公表データ,北海道 工賃実績（主な作業内容）,https://www.pref.hokkaido.lg.jp/hf/shf/ko-chin.html,
北海道,情報処理・データ入力,情報処理・テープ起こし,白石障がい者就労センタースカイ,,0110402401,突合済み,pref+city+name,白石障がい者就労センター　スカイ,札幌市白石区,公表データ,北海道 工賃実績（主な作業内容）,https://www.pref.hokkaido.lg.jp/hf/shf/ko-chin.html,70338f2d5f322128
北海道,情報処理・データ入力,情報処理・テープ起こし,継続支援コネクトベース琴似,,,未突合,ambiguous,,,公表データ,北海道 工賃実績（主な作業内容）,https://www.pref.hokkaido.lg.jp/hf/shf/ko-chin.html,
北海道,情報処理・データ入力,情報処理・テープ起こし,継続支援コネクトワークス新さっぽろ,,0110800653,突合済み,pref+city+name,継続支援コネクトワークス新さっぽろ,札幌市厚別区,公表データ,北海道 工賃実績（主な作業内容）,https://www.pref.hokkaido.lg.jp/hf/shf/ko-chin.html,0156986e6640340c
北海道,情報処理・データ入力,情報処理・テープ起こし,継続支援ベストジョイ菊水,,0110404514,突合済み,pref+city+name,継続支援ベストジョイ菊水,札幌市白石区,公表データ,北海道 工賃実績（主な作業内容）,https://www.pref.hokkaido.lg.jp/hf/shf/ko-chin.html,bba979bf639f214a
北海道,情報処理・データ入力,情報処理・テープ起こし,継続支援リライフ,,0110103876,突合済み,pref+city+name,継続支援リライフ,札幌市中央区,公表データ,北海道 工賃実績（主な作業内容）,https://www.pref.hokkaido.lg.jp/hf/shf/ko-chin.html,3dfcdf90d2767060
北海道,情報処理・データ入力,情報処理・テープ起こし,豊平ＭＡＸ,,0110503075,突合済み,pref+city+name,豊平ＭＡＸ,札幌市豊平区,公表データ,北海道 工賃実績（主な作業内容）,https://www.pref.hokkaido.lg.jp/hf/shf/ko-chin.html,cbb06f710196575c
北海道,情報処理・データ入力,情報処理・テープ起こし,障害福祉サービス事業所K・P１,,,未突合,unmatched,,,公表データ,北海道 工賃実績（主な作業内容）,https://www.pref.hokkaido.lg.jp/hf/shf/ko-chin.html,
北海道,情報処理・データ入力,情報処理・テープ起こし,＠flower札幌,,0110104999,突合済み,pref+city+name,@flower札幌,札幌市中央区,公表データ,北海道 工賃実績（主な作業内容）,https://www.pref.hokkaido.lg.jp/hf/shf/ko-chin.html,980e9c76f6da2b92
北海道,情報処理・データ入力,情報処理・テープ起こし,ＩＴ訓練システム「なつ」,,0115001778,突合済み,pref+city+name,ＩＴ訓練システム｢なつ｣,北見市,公表データ,北海道 工賃実績（主な作業内容）,https://www.pref.hokkaido.lg.jp/hf/shf/ko-chin.html,27853a3603e15042
北海道,清掃・施設管理,清掃・施設管理,151枝,,0114602071,突合済み,pref+city+name,１５１枝,帯広市,公表データ,北海道 工賃実績（主な作業内容）,https://www.pref.hokkaido.lg.jp/hf/shf/ko-chin.html,04f04836e623325f
北海道,清掃・施設管理,清掃・施設管理,BRIO BASE,,0110506573,突合済み,pref+city+name,BRIO　BASE,札幌市豊平区,公表データ,北海道 工賃実績（主な作業内容）,https://www.pref.hokkaido.lg.jp/hf/shf/ko-chin.html,0214be6538117b8c
北海道,清掃・施設管理,清掃・施設管理,ChipS Life,,0114602477,突合済み,pref+city+name,ChipS Life,帯広市,公表データ,北海道 工賃実績（主な作業内容）,https://www.pref.hokkaido.lg.jp/hf/shf/ko-chin.html,d3dfb0bd2a89d2a7
北海道,清掃・施設管理,清掃・施設管理,D.Factory,,0110301918,突合済み,pref+city+name,Ｄ．Ｆａｃｔｏｒｙ,札幌市東区,公表データ,北海道 工賃実績（主な作業内容）,https://www.pref.hokkaido.lg.jp/hf/shf/ko-chin.html,24c4bbf497d03750
北海道,清掃・施設管理,清掃・施設管理,GIFTED,,0110104684,突合済み,pref+city+name,ＧＩＦＴＥＤ,札幌市中央区,公表データ,北海道 工賃実績（主な作業内容）,https://www.pref.hokkaido.lg.jp/hf/shf/ko-chin.html,d447f5c27000fc3b
北海道,清掃・施設管理,清掃・施設管理,KIRAMEKI白石本通,,0110405123,突合済み,pref+city+name,ＫＩＲＡＭＥＫＩ　白石本通,札幌市白石区,公表データ,北海道 工賃実績（主な作業内容）,https://www.pref.hokkaido.lg.jp/hf/shf/ko-chin.html,e73bcbf140cb117e
北海道,清掃・施設管理,清掃・施設管理,Kirarin,,0110403565,突合済み,pref+city+name,ｋｉｒａｒｉｎ,札幌市白石区,公表データ,北海道 工賃実績（主な作業内容）,https://www.pref.hokkaido.lg.jp/hf/shf/ko-chin.html,8cca5516743c8379
北海道,清掃・施設管理,清掃・施設管理,Lino,,,未突合,unmatched,,,公表データ,北海道 工賃実績（主な作業内容）,https://www.pref.hokkaido.lg.jp/hf/shf/ko-chin.html,
北海道,清掃・施設管理,清掃・施設管理,MIRAI札幌駅前,,0110103207,突合済み,pref+city+name,ＭＩＲＡＩ　札幌駅前,札幌市中央区,公表データ,北海道 工賃実績（主な作業内容）,https://www.pref.hokkaido.lg.jp/hf/shf/ko-chin.html,16c446dda8d318ef
北海道,清掃・施設管理,清掃・施設管理,MKプロデュース,,,未突合,ambiguous,,,公表データ,北海道 工賃実績（主な作業内容）,https://www.pref.hokkaido.lg.jp/hf/shf/ko-chin.html,
北海道,清掃・施設管理,清掃・施設管理,NEXT SPACE,,,未突合,unmatched,,,公表データ,北海道 工賃実績（主な作業内容）,https://www.pref.hokkaido.lg.jp/hf/shf/ko-chin.html,
北海道,清掃・施設管理,清掃・施設管理,NOVAS,,0111200457,突合済み,pref+city+name,NOVAS,恵庭市,公表データ,北海道 工賃実績（主な作業内容）,https://www.pref.hokkaido.lg.jp/hf/shf/ko-chin.html,324c897da4d9bfdc
北海道,清掃・施設管理,清掃・施設管理,NPO法人ハートフルネットワークほほえみ,,,未突合,unmatched,,,公表データ,北海道 工賃実績（主な作業内容）,https://www.pref.hokkaido.lg.jp/hf/shf/ko-chin.html,
北海道,清掃・施設管理,清掃・施設管理,NPO法人音幸舎,,0112001052,突合済み,pref+city+name,ＮＰＯ法人　音幸舎,小樽市,公表データ,北海道 工賃実績（主な作業内容）,https://www.pref.hokkaido.lg.jp/hf/shf/ko-chin.html,cf716893d47aeea8
北海道,清掃・施設管理,清掃・施設管理,PASSO,,0110300605,突合済み,pref+city+name,ＰＡＳＳＯ,札幌市東区,公表データ,北海道 工賃実績（主な作業内容）,https://www.pref.hokkaido.lg.jp/hf/shf/ko-chin.html,26702e5879a0bc2e
北海道,清掃・施設管理,清掃・施設管理,Perch,,0114102577,突合済み,pref+city+name,Perch,釧路市,公表データ,北海道 工賃実績（主な作業内容）,https://www.pref.hokkaido.lg.jp/hf/shf/ko-chin.html,d5743e92d1c002b5
北海道,清掃・施設管理,清掃・施設管理,PoRoNI～ポロニ～,,,未突合,unmatched,,,公表データ,北海道 工賃実績（主な作業内容）,https://www.pref.hokkaido.lg.jp/hf/shf/ko-chin.html,
北海道,清掃・施設管理,清掃・施設管理,ROUGH,,0110405305,突合済み,pref+city+name,ＲＯＵＧＨ,札幌市白石区,公表データ,北海道 工賃実績（主な作業内容）,https://www.pref.hokkaido.lg.jp/hf/shf/ko-chin.html,77d765a53f76f71e
北海道,清掃・施設管理,清掃・施設管理,TARUO CAFE,,0111100715,突合済み,pref+city+name,TARUOCAFE,千歳市,公表データ,北海道 工賃実績（主な作業内容）,https://www.pref.hokkaido.lg.jp/hf/shf/ko-chin.html,dcc7a8bfa2742bf4
北海道,清掃・施設管理,清掃・施設管理,V'z,,,未突合,unmatched,,,公表データ,北海道 工賃実績（主な作業内容）,https://www.pref.hokkaido.lg.jp/hf/shf/ko-chin.html,
北海道,清掃・施設管理,清掃・施設管理,Workupしゅうこま,,0114300833,突合済み,pref+city+name,Workupしゅうこま,釧路市,公表データ,北海道 工賃実績（主な作業内容）,https://www.pref.hokkaido.lg.jp/hf/shf/ko-chin.html,0233c88061829d5d
北海道,清掃・施設管理,清掃・施設管理,Yui・たかしま,,0112000252,突合済み,pref+city+name,Ｙｕｉ・たかしま,小樽市,公表データ,北海道 工賃実績（主な作業内容）,https://www.pref.hokkaido.lg.jp/hf/shf/ko-chin.html,65c2812f46f6ea9a
北海道,清掃・施設管理,清掃・施設管理,hibino-kagayaki,,0110104007,突合済み,pref+city+name,hibino-kagayaki,札幌市中央区,公表データ,北海道 工賃実績（主な作業内容）,https://www.pref.hokkaido.lg.jp/hf/shf/ko-chin.html,d5c96b932b7e8dae
北海道,清掃・施設管理,清掃・施設管理,hibino-shigoto,,0110103389,突合済み,pref+city+name,ｈｉｂｉｎｏ−ｓｈｉｇｏｔｏ,札幌市中央区,公表データ,北海道 工賃実績（主な作業内容）,https://www.pref.hokkaido.lg.jp/hf/shf/ko-chin.html,22bf3222a7b54766
北海道,清掃・施設管理,清掃・施設管理,sono,,,未突合,unmatched,,,公表データ,北海道 工賃実績（主な作業内容）,https://www.pref.hokkaido.lg.jp/hf/shf/ko-chin.html,
北海道,清掃・施設管理,清掃・施設管理,あおぞら,,0112500624,突合済み,pref+city+name,あおぞら,余市郡余市町,公表データ,北海道 工賃実績（主な作業内容）,https://www.pref.hokkaido.lg.jp/hf/shf/ko-chin.html,bf885ca618b12948
北海道,清掃・施設管理,清掃・施設管理,あかしあ障害者総合相談支援センター,,0112901335,突合済み,pref+city+name,あかしあ障害者総合相談支援センター,旭川市,公表データ,北海道 工賃実績（主な作業内容）,https://www.pref.hokkaido.lg.jp/hf/shf/ko-chin.html,afbc3d2bd17493f1
北海道,清掃・施設管理,清掃・施設管理,あしょろ地域共同作業所ふれあいホーム,,0114700974,突合済み,pref+city+name,あしょろ地域共同作業所ふれあいホーム,足寄郡足寄町,公表データ,北海道 工賃実績（主な作業内容）,https://www.pref.hokkaido.lg.jp/hf/shf/ko-chin.html,4ec27e58f4cca23a
北海道,清掃・施設管理,清掃・施設管理,あすなろアクティビティセンター,,0111600193,突合済み,pref+city+name,あすなろアクティビティセンター,檜山郡江差町,公表データ,北海道 工賃実績（主な作業内容）,https://www.pref.hokkaido.lg.jp/hf/shf/ko-chin.html,c1fcc0a27ea9cc77
北海道,清掃・施設管理,清掃・施設管理,あっぷる,,0110101318,突合済み,pref+city+name,あっぷる,札幌市中央区,公表データ,北海道 工賃実績（主な作業内容）,https://www.pref.hokkaido.lg.jp/hf/shf/ko-chin.html,e08ae063c1b61ecf
北海道,清掃・施設管理,清掃・施設管理,あんみワークス,,0110901618,突合済み,pref+city+name,あんみワークス,札幌市手稲区,公表データ,北海道 工賃実績（主な作業内容）,https://www.pref.hokkaido.lg.jp/hf/shf/ko-chin.html,6effc5b6b421f24b
北海道,清掃・施設管理,清掃・施設管理,いちょうの会,,0110203239,突合済み,pref+city+name,いちょうの会,札幌市北区,公表データ,北海道 工賃実績（主な作業内容）,https://www.pref.hokkaido.lg.jp/hf/shf/ko-chin.html,718186dfae353b91
北海道,清掃・施設管理,清掃・施設管理,かなえーる,,,未突合,unmatched,,,公表データ,北海道 工賃実績（主な作業内容）,https://www.pref.hokkaido.lg.jp/hf/shf/ko-chin.html,
北海道,清掃・施設管理,清掃・施設管理,きょうどう,,0112500152,突合済み,pref+city+name,きょうどう,古平郡古平町,公表データ,北海道 工賃実績（主な作業内容）,https://www.pref.hokkaido.lg.jp/hf/shf/ko-chin.html,c529667e776c24b3
北海道,清掃・施設管理,清掃・施設管理,ぎるどアース,,0112909601,突合済み,pref+city+name,ぎるどアース,旭川市,公表データ,北海道 工賃実績（主な作業内容）,https://www.pref.hokkaido.lg.jp/hf/shf/ko-chin.html,802a6a6b31d73e5f
北海道,清掃・施設管理,清掃・施設管理,くしろジョブコミュニケーションセンターれぽぜ,,0114101223,突合済み,pref+city+name,くしろジョブコミュニケーションセンター　れぽぜ,釧路市,公表データ,北海道 工賃実績（主な作業内容）,https://www.pref.hokkaido.lg.jp/hf/shf/ko-chin.html,eaa9e539407f8a10
北海道,清掃・施設管理,清掃・施設管理,くるみ,,0114702053,突合済み,pref+city+name,くるみ,河東郡上士幌町,公表データ,北海道 工賃実績（主な作業内容）,https://www.pref.hokkaido.lg.jp/hf/shf/ko-chin.html,80f3eacf763b95a7
北海道,清掃・施設管理,清掃・施設管理,ぐろーあっぷベースやまびこ,,,未突合,unmatched,,,公表データ,北海道 工賃実績（主な作業内容）,https://www.pref.hokkaido.lg.jp/hf/shf/ko-chin.html,
北海道,清掃・施設管理,清掃・施設管理,ここの家,,0110800422,突合済み,pref+city+name,ここの家,札幌市厚別区,公表データ,北海道 工賃実績（主な作業内容）,https://www.pref.hokkaido.lg.jp/hf/shf/ko-chin.html,886b6bb3bc2d962d
北海道,清掃・施設管理,清掃・施設管理,こころの里,,0110404399,突合済み,pref+city+name,こころの里,札幌市白石区,公表データ,北海道 工賃実績（主な作業内容）,https://www.pref.hokkaido.lg.jp/hf/shf/ko-chin.html,eb7b86db46b35756
北海道,清掃・施設管理,清掃・施設管理,こんてぬ,,,未突合,unmatched,,,公表データ,北海道 工賃実績（主な作業内容）,https://www.pref.hokkaido.lg.jp/hf/shf/ko-chin.html,
北海道,清掃・施設管理,清掃・施設管理,さっぽろ地域生活支援センターらいず,,0110202967,突合済み,pref+city+name,さっぽろ地域生活支援センター　らいず,札幌市東区,公表データ,北海道 工賃実績（主な作業内容）,https://www.pref.hokkaido.lg.jp/hf/shf/ko-chin.html,9f26c1331a4b5dc6
北海道,清掃・施設管理,清掃・施設管理,さぽーとセンターこねくと,,0111001624,突合済み,pref+city+name,さぽーとセンターこねくと,江別市,公表データ,北海道 工賃実績（主な作業内容）,https://www.pref.hokkaido.lg.jp/hf/shf/ko-chin.html,d223643aa94d586c
北海道,清掃・施設管理,清掃・施設管理,しいたけファクトリー,,0110202926,突合済み,pref+city+name,しいたけファクトリー,札幌市北区,公表データ,北海道 工賃実績（主な作業内容）,https://www.pref.hokkaido.lg.jp/hf/shf/ko-chin.html,3548b741834b699b
北海道,清掃・施設管理,清掃・施設管理,しべちゃコスモス,,0114300304,突合済み,pref+city+name,しべちゃコスモス,川上郡標茶町,公表データ,北海道 工賃実績（主な作業内容）,https://www.pref.hokkaido.lg.jp/hf/shf/ko-chin.html,7e387db8dfcc0438
北海道,清掃・施設管理,清掃・施設管理,しほろほのぼのホーム共同作業所,,0114701329,突合済み,pref+city+name,しほろほのぼのホーム共同作業所,河東郡士幌町,公表データ,北海道 工賃実績（主な作業内容）,https://www.pref.hokkaido.lg.jp/hf/shf/ko-chin.html,a40dd9021b3646f1
北海道,清掃・施設管理,清掃・施設管理,しろくま環状通東,,0110302767,突合済み,pref+city+name,しろくま環状通東,札幌市東区,公表データ,北海道 工賃実績（主な作業内容）,https://www.pref.hokkaido.lg.jp/hf/shf/ko-chin.html,e4e6fd25ba342c71
北海道,清掃・施設管理,清掃・施設管理,すずかけ,,0113500755,突合済み,pref+city+name,すずかけ,登別市,公表データ,北海道 工賃実績（主な作業内容）,https://www.pref.hokkaido.lg.jp/hf/shf/ko-chin.html,ad60e984ad7c7b26
北海道,清掃・施設管理,清掃・施設管理,すてきさん,,0114702475,突合済み,pref+city+name,すてきさん,河西郡更別村,公表データ,北海道 工賃実績（主な作業内容）,https://www.pref.hokkaido.lg.jp/hf/shf/ko-chin.html,b36ceb870b14f576
北海道,清掃・施設管理,清掃・施設管理,すまいる,,0112905963,突合済み,pref+city+name,すまいる,旭川市,公表データ,北海道 工賃実績（主な作業内容）,https://www.pref.hokkaido.lg.jp/hf/shf/ko-chin.html,1be0bdb8b8c13a3c
北海道,清掃・施設管理,清掃・施設管理,すまいる946,,0114101587,突合済み,pref+city+name,すまいる９４６,釧路市,公表データ,北海道 工賃実績（主な作業内容）,https://www.pref.hokkaido.lg.jp/hf/shf/ko-chin.html,76bd45caa2bf7f99
北海道,清掃・施設管理,清掃・施設管理,そば処 今々亭,,,未突合,unmatched,,,公表データ,北海道 工賃実績（主な作業内容）,https://www.pref.hokkaido.lg.jp/hf/shf/ko-chin.html,
北海道,清掃・施設管理,清掃・施設管理,だて地域生活支援センター,,0113700652,突合済み,pref+city+name,だて地域生活支援センター,伊達市,公表データ,北海道 工賃実績（主な作業内容）,https://www.pref.hokkaido.lg.jp/hf/shf/ko-chin.html,f78ef7da3f99f45e
北海道,清掃・施設管理,清掃・施設管理,つなぐプラス,,0113602601,突合済み,pref+city+name,つなぐプラス,白老郡白老町,公表データ,北海道 工賃実績（主な作業内容）,https://www.pref.hokkaido.lg.jp/hf/shf/ko-chin.html,b1f2352ed4497808
北海道,清掃・施設管理,清掃・施設管理,つむぎ,,0115200297,突合済み,pref+city+name,つむぎ,網走郡津別町,公表データ,北海道 工賃実績（主な作業内容）,https://www.pref.hokkaido.lg.jp/hf/shf/ko-chin.html,ae8972c241060a93
北海道,清掃・施設管理,清掃・施設管理,てくてく工房,,0110101110,突合済み,pref+city+name,てくてく工房,札幌市中央区,公表データ,北海道 工賃実績（主な作業内容）,https://www.pref.hokkaido.lg.jp/hf/shf/ko-chin.html,0a1746d9b82e8f04
北海道,清掃・施設管理,清掃・施設管理,でこぼこW,,,未突合,unmatched,,,公表データ,北海道 工賃実績（主な作業内容）,https://www.pref.hokkaido.lg.jp/hf/shf/ko-chin.html,
北海道,清掃・施設管理,清掃・施設管理,とかちアークキッチン,,0114702418,突合済み,pref+city+name,とかちアークキッチン,帯広市,公表データ,北海道 工賃実績（主な作業内容）,https://www.pref.hokkaido.lg.jp/hf/shf/ko-chin.html,e53ae750a584a786
北海道,清掃・施設管理,清掃・施設管理,とまこまい地域福祉支援センター多機能事業所ひなた,,,未突合,unmatched,,,公表データ,北海道 工賃実績（主な作業内容）,https://www.pref.hokkaido.lg.jp/hf/shf/ko-chin.html,
北海道,清掃・施設管理,清掃・施設管理,ともに,,0110400025,突合済み,pref+city+name,ともに,札幌市西区,公表データ,北海道 工賃実績（主な作業内容）,https://www.pref.hokkaido.lg.jp/hf/shf/ko-chin.html,a06ce261449ec2cc
北海道,清掃・施設管理,清掃・施設管理,なないろ,,0114702186,突合済み,pref+city+name,なないろ,河東郡音更町,公表データ,北海道 工賃実績（主な作業内容）,https://www.pref.hokkaido.lg.jp/hf/shf/ko-chin.html,f1e631d7656ee220
北海道,清掃・施設管理,清掃・施設管理,ななはち,,0114102239,突合済み,pref+city+name,ななはち,釧路市,公表データ,北海道 工賃実績（主な作業内容）,https://www.pref.hokkaido.lg.jp/hf/shf/ko-chin.html,51cb3b48d699b1a7
北海道,清掃・施設管理,清掃・施設管理,ねむのき福祉センター,,0112907993,突合済み,pref+city+name,ねむのき福祉センター,旭川市,公表データ,北海道 工賃実績（主な作業内容）,https://www.pref.hokkaido.lg.jp/hf/shf/ko-chin.html,59b8279fd3aec4c6
北海道,清掃・施設管理,清掃・施設管理,ねむの木えさし,,0111600490,突合済み,pref+city+name,ねむの木えさし,檜山郡江差町,公表データ,北海道 工賃実績（主な作業内容）,https://www.pref.hokkaido.lg.jp/hf/shf/ko-chin.html,0d7a60ae976448b5
北海道,清掃・施設管理,清掃・施設管理,のびのび本舗,,0110901832,突合済み,pref+city+name,のびのび本舗,札幌市手稲区,公表データ,北海道 工賃実績（主な作業内容）,https://www.pref.hokkaido.lg.jp/hf/shf/ko-chin.html,05085a53e822b4c0
北海道,清掃・施設管理,清掃・施設管理,ひいらぎ,,0110402336,突合済み,pref+city+name,ひいらぎ,札幌市手稲区,公表データ,北海道 工賃実績（主な作業内容）,https://www.pref.hokkaido.lg.jp/hf/shf/ko-chin.html,365e658bb5d1f937
北海道,清掃・施設管理,清掃・施設管理,ひだまり,,0110400801,突合済み,pref+city+name,ひだまり,札幌市西区,公表データ,北海道 工賃実績（主な作業内容）,https://www.pref.hokkaido.lg.jp/hf/shf/ko-chin.html,ef072ee676002e7e
北海道,清掃・施設管理,清掃・施設管理,ひまわり函館B-1,,0111401014,突合済み,pref+city+name,ひまわり函館Ｂ−１,函館市,公表データ,北海道 工賃実績（主な作業内容）,https://www.pref.hokkaido.lg.jp/hf/shf/ko-chin.html,0d95f12de9bed9e1
北海道,清掃・施設管理,清掃・施設管理,びーぱる,,,未突合,city_mismatch,,,公表データ,北海道 工賃実績（主な作業内容）,https://www.pref.hokkaido.lg.jp/hf/shf/ko-chin.html,
北海道,清掃・施設管理,清掃・施設管理,ふぉると,,0114101553,突合済み,pref+city+name,ふぉると,釧路市,公表データ,北海道 工賃実績（主な作業内容）,https://www.pref.hokkaido.lg.jp/hf/shf/ko-chin.html,a9f4674a1cba4387
北海道,清掃・施設管理,清掃・施設管理,ふくろう,,0111501482,突合済み,pref+city+name,ふくろう,北斗市,公表データ,北海道 工賃実績（主な作業内容）,https://www.pref.hokkaido.lg.jp/hf/shf/ko-chin.html,2f4729e09ad455a1
北海道,清掃・施設管理,清掃・施設管理,ふれあい共同作業所,,0114702293,突合済み,pref+city+name,ふれあい共同作業所,足寄郡陸別町,公表データ,北海道 工賃実績（主な作業内容）,https://www.pref.hokkaido.lg.jp/hf/shf/ko-chin.html,2b7d6d145646f0cc
北海道,清掃・施設管理,清掃・施設管理,ぷらすハート28,,0110102431,突合済み,pref+city+name,ぷらすハート２８,札幌市中央区,公表データ,北海道 工賃実績（主な作業内容）,https://www.pref.hokkaido.lg.jp/hf/shf/ko-chin.html,a0c1b92400bec0dc
北海道,清掃・施設管理,清掃・施設管理,べてる就労サポートセンターベテスダ,,0113800395,突合済み,pref+city+name,べテル就労サポートセンター　ベテスダ,浦河郡浦河町,公表データ,北海道 工賃実績（主な作業内容）,https://www.pref.hokkaido.lg.jp/hf/shf/ko-chin.html,c736db149d2e80b5
北海道,清掃・施設管理,清掃・施設管理,ほべつ就労支援センター,,0113601066,突合済み,pref+city+name,ほべつ就労支援センター,勇払郡むかわ町,公表データ,北海道 工賃実績（主な作業内容）,https://www.pref.hokkaido.lg.jp/hf/shf/ko-chin.html,1c7c84583b55534c
北海道,清掃・施設管理,清掃・施設管理,ほんべつつつじの園,,0114701162,突合済み,pref+city+name,ほんべつつつじの園,中川郡本別町,公表データ,北海道 工賃実績（主な作業内容）,https://www.pref.hokkaido.lg.jp/hf/shf/ko-chin.html,55e4f81f25afa448
北海道,清掃・施設管理,清掃・施設管理,みなぽろ,,0112908538,突合済み,pref+city+name,みなぽろ,旭川市,公表データ,北海道 工賃実績（主な作業内容）,https://www.pref.hokkaido.lg.jp/hf/shf/ko-chin.html,700c694767805f73
北海道,清掃・施設管理,清掃・施設管理,みのりの苑,,0111000436,突合済み,pref+city+name,みのりの苑,石狩郡新篠津村,公表データ,北海道 工賃実績（主な作業内容）,https://www.pref.hokkaido.lg.jp/hf/shf/ko-chin.html,69bc6c850feea587
北海道,清掃・施設管理,清掃・施設管理,めでる,,0114600596,突合済み,pref+city+name,めでる,帯広市,公表データ,北海道 工賃実績（主な作業内容）,https://www.pref.hokkaido.lg.jp/hf/shf/ko-chin.html,9e5ecf9db780f089
北海道,清掃・施設管理,清掃・施設管理,もいわサポートセンター,,0110600509,突合済み,pref+city+name,もいわサポートセンター,札幌市南区,公表データ,北海道 工賃実績（主な作業内容）,https://www.pref.hokkaido.lg.jp/hf/shf/ko-chin.html,46c1774a73726bf3
北海道,清掃・施設管理,清掃・施設管理,もこもこ,,0110503737,突合済み,pref+city+name,もこもこ,札幌市北区,公表データ,北海道 工賃実績（主な作業内容）,https://www.pref.hokkaido.lg.jp/hf/shf/ko-chin.html,502240722407be86
北海道,清掃・施設管理,清掃・施設管理,ゆにばーさる就労支援センター札幌幌北,,0110700655,突合済み,pref+city+name,ゆにばーさる就労支援センター札幌幌北,札幌市北区,公表データ,北海道 工賃実績（主な作業内容）,https://www.pref.hokkaido.lg.jp/hf/shf/ko-chin.html,f64b52d93c52d27c
北海道,清掃・施設管理,清掃・施設管理,ゆにばーさる就労支援センター札幌豊平,,0110506201,突合済み,pref+city+name,ゆにばーさる就労支援センター札幌豊平,札幌市豊平区,公表データ,北海道 工賃実績（主な作業内容）,https://www.pref.hokkaido.lg.jp/hf/shf/ko-chin.html,8c137d1a59ab4d26
北海道,清掃・施設管理,清掃・施設管理,らいおんハート留萌障害福祉サービス事業部,,0116400334,突合済み,pref+city+name,らいおんハート留萌障害福祉サービス事業部,留萌市,公表データ,北海道 工賃実績（主な作業内容）,https://www.pref.hokkaido.lg.jp/hf/shf/ko-chin.html,a28e8dccffd9c31d
北海道,清掃・施設管理,清掃・施設管理,らいふ830,,0110205812,突合済み,pref+city+name,らいふ　830,札幌市北区,公表データ,北海道 工賃実績（主な作業内容）,https://www.pref.hokkaido.lg.jp/hf/shf/ko-chin.html,91cdde6e0b32bee5
北海道,清掃・施設管理,清掃・施設管理,らしくワーク,,,未突合,unmatched,,,公表データ,北海道 工賃実績（主な作業内容）,https://www.pref.hokkaido.lg.jp/hf/shf/ko-chin.html,
北海道,清掃・施設管理,清掃・施設管理,りとるて,,0115001653,突合済み,pref+city+name,りとるて,北見市,公表データ,北海道 工賃実績（主な作業内容）,https://www.pref.hokkaido.lg.jp/hf/shf/ko-chin.html,6c8520fb8e0ea140
北海道,清掃・施設管理,清掃・施設管理,るんべる,,0113200539,突合済み,pref+city+name,るんべる,士別市,公表データ,北海道 工賃実績（主な作業内容）,https://www.pref.hokkaido.lg.jp/hf/shf/ko-chin.html,ffffa9275d7b1cf2
北海道,清掃・施設管理,清掃・施設管理,アウルの杜,,0110900172,突合済み,pref+city+name,アウルの杜,札幌市清田区,公表データ,北海道 工賃実績（主な作業内容）,https://www.pref.hokkaido.lg.jp/hf/shf/ko-chin.html,0292e8a3cad09370
北海道,清掃・施設管理,清掃・施設管理,アップル,,0111200630,突合済み,pref+city+name,アップル,恵庭市,公表データ,北海道 工賃実績（主な作業内容）,https://www.pref.hokkaido.lg.jp/hf/shf/ko-chin.html,c552f5377fda1552
北海道,清掃・施設管理,清掃・施設管理,アトリエポトス,,0110101029,突合済み,pref+city+name,アトリエポトス,札幌市中央区,公表データ,北海道 工賃実績（主な作業内容）,https://www.pref.hokkaido.lg.jp/hf/shf/ko-chin.html,38cf4e3675d04b4e
北海道,清掃・施設管理,清掃・施設管理,アルバイト,,0110701075,突合済み,pref+city+name,アルバイト,札幌市西区,公表データ,北海道 工賃実績（主な作業内容）,https://www.pref.hokkaido.lg.jp/hf/shf/ko-chin.html,074457c547fc8c1c
北海道,清掃・施設管理,清掃・施設管理,アワーズワーク札幌中央,,0110104395,突合済み,pref+city+name,アワーズワーク札幌中央,札幌市中央区,公表データ,北海道 工賃実績（主な作業内容）,https://www.pref.hokkaido.lg.jp/hf/shf/ko-chin.html,d4b8366d46afa9a9
北海道,清掃・施設管理,清掃・施設管理,アースリンク,,0114702319,突合済み,pref+city+name,アースリンク,帯広市,公表データ,北海道 工賃実績（主な作業内容）,https://www.pref.hokkaido.lg.jp/hf/shf/ko-chin.html,c40dc67debf455dc
北海道,清掃・施設管理,清掃・施設管理,ウィンドバレー,,0111100574,突合済み,pref+city+name,ウィンドバレー,千歳市,公表データ,北海道 工賃実績（主な作業内容）,https://www.pref.hokkaido.lg.jp/hf/shf/ko-chin.html,3d0c8c84aa4cc532
北海道,清掃・施設管理,清掃・施設管理,エヌワーク,,0112909676,突合済み,pref+city+name,エヌワーク,旭川市,公表データ,北海道 工賃実績（主な作業内容）,https://www.pref.hokkaido.lg.jp/hf/shf/ko-chin.html,faf72ef152f56b1c
北海道,清掃・施設管理,清掃・施設管理,エンパワメントステーションかむかむ,,0112001334,突合済み,pref+city+name,エンパワメントステーション　かむかむ,小樽市,公表データ,北海道 工賃実績（主な作業内容）,https://www.pref.hokkaido.lg.jp/hf/shf/ko-chin.html,dc74e9045c1963d0
北海道,清掃・施設管理,清掃・施設管理,エーアイワークス,,0112000617,突合済み,pref+city+name,エーアイワークス,小樽市,公表データ,北海道 工賃実績（主な作業内容）,https://www.pref.hokkaido.lg.jp/hf/shf/ko-chin.html,967c5f765539b734
北海道,清掃・施設管理,清掃・施設管理,エースぱすてる,,,未突合,city_mismatch,,,公表データ,北海道 工賃実績（主な作業内容）,https://www.pref.hokkaido.lg.jp/hf/shf/ko-chin.html,
北海道,清掃・施設管理,清掃・施設管理,エール栄町,,0110302411,突合済み,pref+city+name,エール栄町,札幌市東区,公表データ,北海道 工賃実績（主な作業内容）,https://www.pref.hokkaido.lg.jp/hf/shf/ko-chin.html,47ca5dfd3545fe12
北海道,清掃・施設管理,清掃・施設管理,エール生活支援ステーション COCO'K,,,未突合,unmatched,,,公表データ,北海道 工賃実績（主な作業内容）,https://www.pref.hokkaido.lg.jp/hf/shf/ko-chin.html,
北海道,清掃・施設管理,清掃・施設管理,オフィスきらり,,0114100738,突合済み,pref+city+name,オフィス　きらり,釧路市,公表データ,北海道 工賃実績（主な作業内容）,https://www.pref.hokkaido.lg.jp/hf/shf/ko-chin.html,ef4b4c2d53c1a742
北海道,清掃・施設管理,清掃・施設管理,オープンドア,,0110600863,突合済み,pref+city+name,オープンドア,札幌市南区,公表データ,北海道 工賃実績（主な作業内容）,https://www.pref.hokkaido.lg.jp/hf/shf/ko-chin.html,d04b270bc689b441
北海道,清掃・施設管理,清掃・施設管理,キピラート,,0110700549,突合済み,pref+city+name,キピラート,札幌市西区,公表データ,北海道 工賃実績（主な作業内容）,https://www.pref.hokkaido.lg.jp/hf/shf/ko-chin.html,d828537570ea368d
北海道,清掃・施設管理,清掃・施設管理,クオリティ,,,未突合,unmatched,,,公表データ,北海道 工賃実績（主な作業内容）,https://www.pref.hokkaido.lg.jp/hf/shf/ko-chin.html,
北海道,清掃・施設管理,清掃・施設管理,クオリティ南,,0117600577,突合済み,pref+city+name,クオリティ南,石狩市,公表データ,北海道 工賃実績（主な作業内容）,https://www.pref.hokkaido.lg.jp/hf/shf/ko-chin.html,04bea1000e982388
北海道,清掃・施設管理,清掃・施設管理,クッキーハウス,,0111500484,突合済み,pref+city+name,クッキーハウス,北斗市,公表データ,北海道 工賃実績（主な作業内容）,https://www.pref.hokkaido.lg.jp/hf/shf/ko-chin.html,e1d2bd7401588a14
北海道,清掃・施設管理,清掃・施設管理,クラブハウスコロポックル,,0110502358,突合済み,pref+city+name,クラブハウスコロポックル,札幌市豊平区,公表データ,北海道 工賃実績（主な作業内容）,https://www.pref.hokkaido.lg.jp/hf/shf/ko-chin.html,2d434f3c388964a1
北海道,清掃・施設管理,清掃・施設管理,クレドホテル函館,,0111402004,突合済み,pref+city+name,クレドホテル函館,函館市,公表データ,北海道 工賃実績（主な作業内容）,https://www.pref.hokkaido.lg.jp/hf/shf/ko-chin.html,071a086aa8cbb0a3
北海道,清掃・施設管理,清掃・施設管理,クレバ,,0110302254,突合済み,pref+city+name,クレバ,札幌市東区,公表データ,北海道 工賃実績（主な作業内容）,https://www.pref.hokkaido.lg.jp/hf/shf/ko-chin.html,8512c45d8bdec897
北海道,清掃・施設管理,清掃・施設管理,クローバー,,0114601370,突合済み,pref+city+name,クローバー,帯広市,公表データ,北海道 工賃実績（主な作業内容）,https://www.pref.hokkaido.lg.jp/hf/shf/ko-chin.html,2b4bced324919ef5
北海道,清掃・施設管理,清掃・施設管理,クローバーモア,,0114702178,突合済み,pref+city+name,クローバーモア,河西郡更別村,公表データ,北海道 工賃実績（主な作業内容）,https://www.pref.hokkaido.lg.jp/hf/shf/ko-chin.html,75d51ea2ac6ce948
北海道,清掃・施設管理,清掃・施設管理,クローバー手稲,,0110901188,突合済み,pref+city+name,クローバー手稲,札幌市手稲区,公表データ,北海道 工賃実績（主な作業内容）,https://www.pref.hokkaido.lg.jp/hf/shf/ko-chin.html,54b616af50a77714
北海道,清掃・施設管理,清掃・施設管理,グゥタッチ,,0111100889,突合済み,pref+city+name,グゥタッチ,千歳市,公表データ,北海道 工賃実績（主な作業内容）,https://www.pref.hokkaido.lg.jp/hf/shf/ko-chin.html,c9599e991d86da7f
北海道,清掃・施設管理,清掃・施設管理,ケアサービス悠心の里 てのひら工房,,,未突合,unmatched,,,公表データ,北海道 工賃実績（主な作業内容）,https://www.pref.hokkaido.lg.jp/hf/shf/ko-chin.html,
北海道,清掃・施設管理,清掃・施設管理,ココスマイル,,,未突合,unmatched,,,公表データ,北海道 工賃実績（主な作業内容）,https://www.pref.hokkaido.lg.jp/hf/shf/ko-chin.html,
北海道,清掃・施設管理,清掃・施設管理,コラボワーク,,0111100988,突合済み,pref+city+name,コラボワーク,千歳市,公表データ,北海道 工賃実績（主な作業内容）,https://www.pref.hokkaido.lg.jp/hf/shf/ko-chin.html,9deddd3d2bfdfcec
北海道,清掃・施設管理,清掃・施設管理,ゴチャマーゼ,,0113500870,突合済み,pref+city+name,ゴチャマーゼ,室蘭市,公表データ,北海道 工賃実績（主な作業内容）,https://www.pref.hokkaido.lg.jp/hf/shf/ko-chin.html,dd7a490b8186bb3d
北海道,清掃・施設管理,清掃・施設管理,ゴールズ豊平公園,,0110506995,突合済み,pref+city+name,ゴールズ豊平公園,札幌市豊平区,公表データ,北海道 工賃実績（主な作業内容）,https://www.pref.hokkaido.lg.jp/hf/shf/ko-chin.html,b0ac0bb874edba8f
北海道,清掃・施設管理,清掃・施設管理,サチエル・ロビンソン,,0111501649,突合済み,pref+city+name,サチエル・ロビンソン,北斗市,公表データ,北海道 工賃実績（主な作業内容）,https://www.pref.hokkaido.lg.jp/hf/shf/ko-chin.html,24471a37f56a6a0b
北海道,清掃・施設管理,清掃・施設管理,サニーズ東区役所前,,0110301314,突合済み,pref+city+name,サニーズ東区役所前,札幌市東区,公表データ,北海道 工賃実績（主な作業内容）,https://www.pref.hokkaido.lg.jp/hf/shf/ko-chin.html,199e6fc1c281f0aa
北海道,清掃・施設管理,清掃・施設管理,サポートぱすてる,,0114200512,突合済み,pref+city+name,サポートぱすてる,標津郡中標津町,公表データ,北海道 工賃実績（主な作業内容）,https://www.pref.hokkaido.lg.jp/hf/shf/ko-chin.html,06d5bacfc413717d
北海道,清掃・施設管理,清掃・施設管理,サポートステーションすきっぷ,,0113000293,突合済み,pref+city+name,サポートステーションすきっぷ,富良野市,公表データ,北海道 工賃実績（主な作業内容）,https://www.pref.hokkaido.lg.jp/hf/shf/ko-chin.html,67a97936070f9cdd
北海道,清掃・施設管理,清掃・施設管理,サポートステーション・ステップ,,0116100157,突合済み,pref+city+name,サポートステーション・ステップ,美唄市,公表データ,北海道 工賃実績（主な作業内容）,https://www.pref.hokkaido.lg.jp/hf/shf/ko-chin.html,fbdb3b63c2e2b913
北海道,清掃・施設管理,清掃・施設管理,サポートセンターたね,,0112500350,突合済み,pref+city+name,サポートセンターたね,余市郡余市町,公表データ,北海道 工賃実績（主な作業内容）,https://www.pref.hokkaido.lg.jp/hf/shf/ko-chin.html,417a3c1279992b26
北海道,清掃・施設管理,清掃・施設管理,サポートセンター札幌,,0110402567,突合済み,pref+city+name,サポートセンター札幌,札幌市白石区,公表データ,北海道 工賃実績（主な作業内容）,https://www.pref.hokkaido.lg.jp/hf/shf/ko-chin.html,e0538c0518d31329
北海道,清掃・施設管理,清掃・施設管理,サポートセンター豊平,,0110505328,突合済み,pref+city+name,サポートセンター豊平,札幌市豊平区,公表データ,北海道 工賃実績（主な作業内容）,https://www.pref.hokkaido.lg.jp/hf/shf/ko-chin.html,f7a56b59eded680d
北海道,清掃・施設管理,清掃・施設管理,サロベツマイハート,,0116700220,突合済み,pref+name,サロベツマイハート,天塩郡豊富町,公表データ,北海道 工賃実績（主な作業内容）,https://www.pref.hokkaido.lg.jp/hf/shf/ko-chin.html,09f381b3cad8e40f
北海道,清掃・施設管理,清掃・施設管理,サンアップ函館事業所,,0111402681,突合済み,pref+city+name,サンアップ函館事業所,函館市,公表データ,北海道 工賃実績（主な作業内容）,https://www.pref.hokkaido.lg.jp/hf/shf/ko-chin.html,d67f0e9a25f8a2fc
北海道,清掃・施設管理,清掃・施設管理,サンアップ札幌事業所,,0110104759,突合済み,pref+city+name,サンアップ札幌事業所,札幌市中央区,公表データ,北海道 工賃実績（主な作業内容）,https://www.pref.hokkaido.lg.jp/hf/shf/ko-chin.html,a935a5bc33b590cf
北海道,清掃・施設管理,清掃・施設管理,サンアップ札幌事業所,,0110104759,突合済み,pref+city+name,サンアップ札幌事業所,札幌市中央区,公表データ,北海道 工賃実績（主な作業内容）,https://www.pref.hokkaido.lg.jp/hf/shf/ko-chin.html,a935a5bc33b590cf
北海道,清掃・施設管理,清掃・施設管理,サンフレンズ旭川,,0113100598,突合済み,pref+city+name,サンフレンズ旭川,上川郡東川町,公表データ,北海道 工賃実績（主な作業内容）,https://www.pref.hokkaido.lg.jp/hf/shf/ko-chin.html,6274e78c1e4afe7a
北海道,清掃・施設管理,清掃・施設管理,サン・コロネ,,,未突合,ambiguous,,,公表データ,北海道 工賃実績（主な作業内容）,https://www.pref.hokkaido.lg.jp/hf/shf/ko-chin.html,
北海道,清掃・施設管理,清掃・施設管理,シゴトベース,,0111401493,突合済み,pref+city+name,シゴトベース,函館市,公表データ,北海道 工賃実績（主な作業内容）,https://www.pref.hokkaido.lg.jp/hf/shf/ko-chin.html,7f8aab062aeb9fbe
北海道,清掃・施設管理,清掃・施設管理,シッポファーレ！,,0114101215,突合済み,pref+city+name,シッポファーレ！,釧路市,公表データ,北海道 工賃実績（主な作業内容）,https://www.pref.hokkaido.lg.jp/hf/shf/ko-chin.html,d7299f6b56e2729c
北海道,清掃・施設管理,清掃・施設管理,シードワークス,,0111501631,突合済み,pref+city+name,シードワークス,北斗市,公表データ,北海道 工賃実績（主な作業内容）,https://www.pref.hokkaido.lg.jp/hf/shf/ko-chin.html,1be8ec25c0e81870
北海道,清掃・施設管理,清掃・施設管理,ジャッジ手稲,,0110901782,突合済み,pref+city+name,ジャッジ手稲,札幌市手稲区,公表データ,北海道 工賃実績（主な作業内容）,https://www.pref.hokkaido.lg.jp/hf/shf/ko-chin.html,7a8d2d8484a33f2a
北海道,清掃・施設管理,清掃・施設管理,ジョブスペースわくラボ,,0110506870,突合済み,pref+city+name,ジョブスペース　わくラボ,札幌市豊平区,公表データ,北海道 工賃実績（主な作業内容）,https://www.pref.hokkaido.lg.jp/hf/shf/ko-chin.html,e8efd131b0b567f6
北海道,清掃・施設管理,清掃・施設管理,ジョブタス新琴似事業所,,0110204922,突合済み,pref+city+name,ジョブタス新琴似事業所,札幌市北区,公表データ,北海道 工賃実績（主な作業内容）,https://www.pref.hokkaido.lg.jp/hf/shf/ko-chin.html,5c56f3d4899370cc
北海道,清掃・施設管理,清掃・施設管理,ジョブタス旭川大雪事業所,,,未突合,unmatched,,,公表データ,北海道 工賃実績（主な作業内容）,https://www.pref.hokkaido.lg.jp/hf/shf/ko-chin.html,
北海道,清掃・施設管理,清掃・施設管理,ジョブタス琴似事業所,,0110701828,突合済み,pref+city+name,ジョブタス琴似事業所,札幌市西区,公表データ,北海道 工賃実績（主な作業内容）,https://www.pref.hokkaido.lg.jp/hf/shf/ko-chin.html,f816dcd5a617a188
北海道,清掃・施設管理,清掃・施設管理,ジョブハウス心愛,,0110301801,突合済み,pref+city+name,ジョブハウス　心愛,札幌市東区,公表データ,北海道 工賃実績（主な作業内容）,https://www.pref.hokkaido.lg.jp/hf/shf/ko-chin.html,1238886b3d26ddb9
北海道,清掃・施設管理,清掃・施設管理,スタイルとかち,,0114601743,突合済み,pref+name,スタイルとかち,帯広市,公表データ,北海道 工賃実績（主な作業内容）,https://www.pref.hokkaido.lg.jp/hf/shf/ko-chin.html,21fd05e3a9f7881d
北海道,清掃・施設管理,清掃・施設管理,スペース＝希望,,0110800166,突合済み,pref+city+name,スペース＝希望,札幌市厚別区,公表データ,北海道 工賃実績（主な作業内容）,https://www.pref.hokkaido.lg.jp/hf/shf/ko-chin.html,0a2fc5e766bf1425
北海道,清掃・施設管理,清掃・施設管理,スマイル・ミー,,0111001459,突合済み,pref+city+name,スマイル・ミー,江別市,公表データ,北海道 工賃実績（主な作業内容）,https://www.pref.hokkaido.lg.jp/hf/shf/ko-chin.html,f7baadf741736e33
北海道,清掃・施設管理,清掃・施設管理,スミールヒュースみすまい,,0110600665,突合済み,pref+city+name,スミールヒュースみすまい,札幌市南区,公表データ,北海道 工賃実績（主な作業内容）,https://www.pref.hokkaido.lg.jp/hf/shf/ko-chin.html,babebe6d6eea63c5
北海道,清掃・施設管理,清掃・施設管理,スワン工房,,0114200082,突合済み,pref+city+name,スワン工房,野付郡別海町,公表データ,北海道 工賃実績（主な作業内容）,https://www.pref.hokkaido.lg.jp/hf/shf/ko-chin.html,aadfa075ee1ed760
北海道,清掃・施設管理,清掃・施設管理,セルプさっぽろ,,0110500865,突合済み,pref+city+name,セルプさっぽろ,札幌市豊平区,公表データ,北海道 工賃実績（主な作業内容）,https://www.pref.hokkaido.lg.jp/hf/shf/ko-chin.html,7e0e7d88d4a925d9
北海道,清掃・施設管理,清掃・施設管理,チーム紅蓮Ｂ,,0112907480,突合済み,pref+city+name,チーム紅蓮Ｂ,旭川市,公表データ,北海道 工賃実績（主な作業内容）,https://www.pref.hokkaido.lg.jp/hf/shf/ko-chin.html,340a4bf9d5ae3f03
北海道,清掃・施設管理,清掃・施設管理,デイセンターいちばんぼし,,0113700611,突合済み,pref+city+name,デイセンター　いちばんぼし,虻田郡洞爺湖町,公表データ,北海道 工賃実績（主な作業内容）,https://www.pref.hokkaido.lg.jp/hf/shf/ko-chin.html,4367b7827f815a05
北海道,清掃・施設管理,清掃・施設管理,トラヴァイユ・それいゆ,,0110300407,突合済み,pref+city+name,トラヴァイユ・それいゆ,札幌市東区,公表データ,北海道 工賃実績（主な作業内容）,https://www.pref.hokkaido.lg.jp/hf/shf/ko-chin.html,dfa180b11abd9542
北海道,清掃・施設管理,清掃・施設管理,バリアフリーホテルあすなろ,,0111600458,突合済み,pref+city+name,バリアフリーホテルあすなろ,爾志郡乙部町,公表データ,北海道 工賃実績（主な作業内容）,https://www.pref.hokkaido.lg.jp/hf/shf/ko-chin.html,cd5c84b307b6af41
北海道,清掃・施設管理,清掃・施設管理,パン工房あんびしゃす,,0110204476,突合済み,pref+city+name,パン工房　あんびしゃす,札幌市北区,公表データ,北海道 工賃実績（主な作業内容）,https://www.pref.hokkaido.lg.jp/hf/shf/ko-chin.html,43d68e6bad7d6790
北海道,清掃・施設管理,清掃・施設管理,ピースマイル,,0110402278,突合済み,pref+city+name,ピースマイル,札幌市西区,公表データ,北海道 工賃実績（主な作業内容）,https://www.pref.hokkaido.lg.jp/hf/shf/ko-chin.html,dc28af9873c01ec7
北海道,清掃・施設管理,清掃・施設管理,ピースワーク2nd,,0112001458,突合済み,pref+city+name,ピースワーク2nd,小樽市,公表データ,北海道 工賃実績（主な作業内容）,https://www.pref.hokkaido.lg.jp/hf/shf/ko-chin.html,39d58bf7f07e7291
北海道,清掃・施設管理,清掃・施設管理,ピースワーク小樽駅前,,0112001367,突合済み,pref+city+name,ピースワーク小樽駅前,小樽市,公表データ,北海道 工賃実績（主な作業内容）,https://www.pref.hokkaido.lg.jp/hf/shf/ko-chin.html,79bf19e49956f51b
北海道,清掃・施設管理,清掃・施設管理,ファニー函館,,0111402111,突合済み,pref+city+name,ファニー函館,函館市,公表データ,北海道 工賃実績（主な作業内容）,https://www.pref.hokkaido.lg.jp/hf/shf/ko-chin.html,44b994da64d3345f
北海道,清掃・施設管理,清掃・施設管理,ファニー湯川,,0111402418,突合済み,pref+city+name,ファニー湯川,函館市,公表データ,北海道 工賃実績（主な作業内容）,https://www.pref.hokkaido.lg.jp/hf/shf/ko-chin.html,d800ca381205ccd4
北海道,清掃・施設管理,清掃・施設管理,フリッパー,,0114601487,突合済み,pref+city+name,フリッパー,帯広市,公表データ,北海道 工賃実績（主な作業内容）,https://www.pref.hokkaido.lg.jp/hf/shf/ko-chin.html,ef536893f742209b
北海道,清掃・施設管理,清掃・施設管理,ブライトカレッジ恵庭,,,未突合,unmatched,,,公表データ,北海道 工賃実績（主な作業内容）,https://www.pref.hokkaido.lg.jp/hf/shf/ko-chin.html,
北海道,清掃・施設管理,清掃・施設管理,プリウス釧路,,0114102627,突合済み,pref+city+name,プリウス釧路,釧路市,公表データ,北海道 工賃実績（主な作業内容）,https://www.pref.hokkaido.lg.jp/hf/shf/ko-chin.html,0dd3115095f30c04
北海道,清掃・施設管理,清掃・施設管理,ベースト,,0116100355,突合済み,pref+city+name,ベースト,美唄市,公表データ,北海道 工賃実績（主な作業内容）,https://www.pref.hokkaido.lg.jp/hf/shf/ko-chin.html,56be91ec46f4c738
北海道,清掃・施設管理,清掃・施設管理,ホクノーサポート,,,未突合,unmatched,,,公表データ,北海道 工賃実績（主な作業内容）,https://www.pref.hokkaido.lg.jp/hf/shf/ko-chin.html,
北海道,清掃・施設管理,清掃・施設管理,ボルト澄川,,0110601226,突合済み,pref+city+name,ボルト澄川,札幌市南区,公表データ,北海道 工賃実績（主な作業内容）,https://www.pref.hokkaido.lg.jp/hf/shf/ko-chin.html,d150ac0174d948ba
北海道,清掃・施設管理,清掃・施設管理,ミナモト就労継続支援事業所,,0111100756,突合済み,pref+city+name,ミナモト就労継続支援事業所,千歳市,公表データ,北海道 工賃実績（主な作業内容）,https://www.pref.hokkaido.lg.jp/hf/shf/ko-chin.html,d36954a9dee46626
北海道,清掃・施設管理,清掃・施設管理,ミナモト就労継続支援事業所,,0111100756,突合済み,pref+city+name,ミナモト就労継続支援事業所,千歳市,公表データ,北海道 工賃実績（主な作業内容）,https://www.pref.hokkaido.lg.jp/hf/shf/ko-chin.html,d36954a9dee46626
北海道,清掃・施設管理,清掃・施設管理,メタゲーム札幌,,0110105236,突合済み,pref+city+name,メタゲーム札幌,札幌市中央区,公表データ,北海道 工賃実績（主な作業内容）,https://www.pref.hokkaido.lg.jp/hf/shf/ko-chin.html,ced3e0d78d41a16e
北海道,清掃・施設管理,清掃・施設管理,メビウスB型作業所,,,未突合,unmatched,,,公表データ,北海道 工賃実績（主な作業内容）,https://www.pref.hokkaido.lg.jp/hf/shf/ko-chin.html,
北海道,清掃・施設管理,清掃・施設管理,ユアスタジオ,,0110505534,突合済み,pref+city+name,ユアスタジオ,札幌市豊平区,公表データ,北海道 工賃実績（主な作業内容）,https://www.pref.hokkaido.lg.jp/hf/shf/ko-chin.html,c62db0dfeaa1a706
北海道,清掃・施設管理,清掃・施設管理,ユメトキボウ,,0110402260,突合済み,pref+city+name,ユメトキボウ,札幌市手稲区,公表データ,北海道 工賃実績（主な作業内容）,https://www.pref.hokkaido.lg.jp/hf/shf/ko-chin.html,c8cfe1c66bbd2cc8
北海道,清掃・施設管理,清掃・施設管理,ライズホーム道,,0110203155,突合済み,pref+city+name,ライズホーム道,札幌市東区,公表データ,北海道 工賃実績（主な作業内容）,https://www.pref.hokkaido.lg.jp/hf/shf/ko-chin.html,700447f7b64b3351
北海道,清掃・施設管理,清掃・施設管理,ライブインホープ,,,未突合,unmatched,,,公表データ,北海道 工賃実績（主な作業内容）,https://www.pref.hokkaido.lg.jp/hf/shf/ko-chin.html,
北海道,清掃・施設管理,清掃・施設管理,ラインズ手稲,,0110901212,突合済み,pref+city+name,ラインズ手稲,札幌市手稲区,公表データ,北海道 工賃実績（主な作業内容）,https://www.pref.hokkaido.lg.jp/hf/shf/ko-chin.html,94549d8ca1724a89
北海道,清掃・施設管理,清掃・施設管理,ラインズ白石,,0110404423,突合済み,pref+city+name,ラインズ白石,札幌市白石区,公表データ,北海道 工賃実績（主な作業内容）,https://www.pref.hokkaido.lg.jp/hf/shf/ko-chin.html,bf92dbc16e7e96e0
北海道,清掃・施設管理,清掃・施設管理,ラインズ麻生,,0110204351,突合済み,pref+city+name,ラインズ麻生,札幌市北区,公表データ,北海道 工賃実績（主な作業内容）,https://www.pref.hokkaido.lg.jp/hf/shf/ko-chin.html,7d94b331e1f38018
北海道,清掃・施設管理,清掃・施設管理,ラダーサポート,,0110402856,突合済み,pref+city+name,ラダーサポート,札幌市白石区,公表データ,北海道 工賃実績（主な作業内容）,https://www.pref.hokkaido.lg.jp/hf/shf/ko-chin.html,7c858805665bbd45
北海道,清掃・施設管理,清掃・施設管理,ラポールハウスチトセ,,0111100822,突合済み,pref+city+name,ラポールハウスチトセ,千歳市,公表データ,北海道 工賃実績（主な作業内容）,https://www.pref.hokkaido.lg.jp/hf/shf/ko-chin.html,5a44ed62d1ee8247
北海道,清掃・施設管理,清掃・施設管理,リポ豊岡事業所,,,未突合,unmatched,,,公表データ,北海道 工賃実績（主な作業内容）,https://www.pref.hokkaido.lg.jp/hf/shf/ko-chin.html,
北海道,清掃・施設管理,清掃・施設管理,レガリス大通,,0110104528,突合済み,pref+city+name,レガリス大通,札幌市中央区,公表データ,北海道 工賃実績（主な作業内容）,https://www.pref.hokkaido.lg.jp/hf/shf/ko-chin.html,925ba3b4a4055f99
北海道,清掃・施設管理,清掃・施設管理,レラサポート,,0113602460,突合済み,pref+city+name,レラサポート,苫小牧市,公表データ,北海道 工賃実績（主な作業内容）,https://www.pref.hokkaido.lg.jp/hf/shf/ko-chin.html,4aa878b25a7daa1f
北海道,清掃・施設管理,清掃・施設管理,ワンダホープ,,0110404134,突合済み,pref+city+name,ワンダホープ,札幌市白石区,公表データ,北海道 工賃実績（主な作業内容）,https://www.pref.hokkaido.lg.jp/hf/shf/ko-chin.html,7064d1068f975f50
北海道,清掃・施設管理,清掃・施設管理,ワーカーズコープ恵庭地域福祉事業所はっぴーｊｏｂ,,0111200481,突合済み,pref+city+name,ワーカーズコープ　恵庭地域福祉事業所　はっぴーjob,恵庭市,公表データ,北海道 工賃実績（主な作業内容）,https://www.pref.hokkaido.lg.jp/hf/shf/ko-chin.html,3726da21f39e575e
北海道,清掃・施設管理,清掃・施設管理,ワークショップ上野幌,,0110501012,突合済み,pref+city+name,ワークショップ上野幌,札幌市厚別区,公表データ,北海道 工賃実績（主な作業内容）,https://www.pref.hokkaido.lg.jp/hf/shf/ko-chin.html,bab311696b38cd84
北海道,清掃・施設管理,清掃・施設管理,ワークス翔,,0110201373,突合済み,pref+city+name,ワークス翔,札幌市東区,公表データ,北海道 工賃実績（主な作業内容）,https://www.pref.hokkaido.lg.jp/hf/shf/ko-chin.html,f208957badf4d708
北海道,清掃・施設管理,清掃・施設管理,ワークセンターえるむ,,0113700199,突合済み,pref+city+name,ワークセンターえるむ,伊達市,公表データ,北海道 工賃実績（主な作業内容）,https://www.pref.hokkaido.lg.jp/hf/shf/ko-chin.html,8e5cdc1e99af92ad
北海道,清掃・施設管理,清掃・施設管理,ワークセンターきずな,,0113200554,突合済み,pref+city+name,ワークセンター　きずな,士別市,公表データ,北海道 工賃実績（主な作業内容）,https://www.pref.hokkaido.lg.jp/hf/shf/ko-chin.html,3cda095b134b1735
北海道,清掃・施設管理,清掃・施設管理,ワークセンターはまなす,,0114600737,突合済み,pref+city+name,ワークセンターはまなす,帯広市,公表データ,北海道 工賃実績（主な作業内容）,https://www.pref.hokkaido.lg.jp/hf/shf/ko-chin.html,5897058509e97c7b
北海道,清掃・施設管理,清掃・施設管理,ワークセンターぴぽろ,,0115200214,突合済み,pref+city+name,ワークセンターぴぽろ,網走郡美幌町,公表データ,北海道 工賃実績（主な作業内容）,https://www.pref.hokkaido.lg.jp/hf/shf/ko-chin.html,19e41ed52dfc429f
北海道,清掃・施設管理,清掃・施設管理,ワークセンターらーふ,,,未突合,unmatched,,,公表データ,北海道 工賃実績（主な作業内容）,https://www.pref.hokkaido.lg.jp/hf/shf/ko-chin.html,
北海道,清掃・施設管理,清掃・施設管理,ワークセンター南宗谷ひだまり,,0116700451,突合済み,pref+city+name,ワークセンター　南宗谷ひだまり,枝幸郡枝幸町,公表データ,北海道 工賃実績（主な作業内容）,https://www.pref.hokkaido.lg.jp/hf/shf/ko-chin.html,5781382bf37f318a
北海道,清掃・施設管理,清掃・施設管理,ワークトピアあすか,,0110400942,突合済み,pref+city+name,ワークトピアあすか,札幌市手稲区,公表データ,北海道 工賃実績（主な作業内容）,https://www.pref.hokkaido.lg.jp/hf/shf/ko-chin.html,e00b1f01003439ee
北海道,清掃・施設管理,清掃・施設管理,ワークトピアあすか,,0110400942,突合済み,pref+city+name,ワークトピアあすか,札幌市手稲区,公表データ,北海道 工賃実績（主な作業内容）,https://www.pref.hokkaido.lg.jp/hf/shf/ko-chin.html,e00b1f01003439ee
北海道,清掃・施設管理,清掃・施設管理,ワークトピアあすか中央,,0110403904,突合済み,pref+city+name,ワークトピアあすか中央,札幌市中央区,公表データ,北海道 工賃実績（主な作業内容）,https://www.pref.hokkaido.lg.jp/hf/shf/ko-chin.html,10afa43e74266d9f
北海道,清掃・施設管理,清掃・施設管理,ワークトピアあすか中央,,0110403904,突合済み,pref+city+name,ワークトピアあすか中央,札幌市中央区,公表データ,北海道 工賃実績（主な作業内容）,https://www.pref.hokkaido.lg.jp/hf/shf/ko-chin.html,10afa43e74266d9f
北海道,清掃・施設管理,清掃・施設管理,ワークランド歌棄,,0112100136,突合済み,pref+city+name,ワークランド歌棄,寿都郡寿都町,公表データ,北海道 工賃実績（主な作業内容）,https://www.pref.hokkaido.lg.jp/hf/shf/ko-chin.html,243061920a0b7038
北海道,清掃・施設管理,清掃・施設管理,一般社団法人ぱれっとふぁーむ,,,未突合,unmatched,,,公表データ,北海道 工賃実績（主な作業内容）,https://www.pref.hokkaido.lg.jp/hf/shf/ko-chin.html,
北海道,清掃・施設管理,清掃・施設管理,一般社団法人伊達の風 北風,,,未突合,unmatched,,,公表データ,北海道 工賃実績（主な作業内容）,https://www.pref.hokkaido.lg.jp/hf/shf/ko-chin.html,
北海道,清掃・施設管理,清掃・施設管理,一般社団法人伊達の風 湘南の風,,,未突合,unmatched,,,公表データ,北海道 工賃実績（主な作業内容）,https://www.pref.hokkaido.lg.jp/hf/shf/ko-chin.html,
北海道,清掃・施設管理,清掃・施設管理,七色の杜,,0110102845,突合済み,pref+city+name,七色の杜,札幌市清田区,公表データ,北海道 工賃実績（主な作業内容）,https://www.pref.hokkaido.lg.jp/hf/shf/ko-chin.html,dc71addb51bed257
北海道,清掃・施設管理,清掃・施設管理,七飯町就労継続支援施設ぽぽろ館,,0111500880,突合済み,pref+city+name,七飯町就労継続支援施設ぽぽろ館,亀田郡七飯町,公表データ,北海道 工賃実績（主な作業内容）,https://www.pref.hokkaido.lg.jp/hf/shf/ko-chin.html,2e8dd00f1336ca35
北海道,清掃・施設管理,清掃・施設管理,上富良野町就労支援事業所てとりす,,,未突合,unmatched,,,公表データ,北海道 工賃実績（主な作業内容）,https://www.pref.hokkaido.lg.jp/hf/shf/ko-chin.html,
北海道,清掃・施設管理,清掃・施設管理,中ノ川センター,,0111501540,突合済み,pref+name,中ノ川センター,上磯郡知内町,公表データ,北海道 工賃実績（主な作業内容）,https://www.pref.hokkaido.lg.jp/hf/shf/ko-chin.html,aebfed18902e20a6
北海道,清掃・施設管理,清掃・施設管理,作業所きたの,,0110501962,突合済み,pref+city+name,作業所きたの,札幌市清田区,公表データ,北海道 工賃実績（主な作業内容）,https://www.pref.hokkaido.lg.jp/hf/shf/ko-chin.html,72884f35780a83ff
北海道,清掃・施設管理,清掃・施設管理,健心サポート,,,未突合,unmatched,,,公表データ,北海道 工賃実績（主な作業内容）,https://www.pref.hokkaido.lg.jp/hf/shf/ko-chin.html,
北海道,清掃・施設管理,清掃・施設管理,光生舎く・る・る,,0110800067,突合済み,pref+city+name,光生舎く・る・る,札幌市厚別区,公表データ,北海道 工賃実績（主な作業内容）,https://www.pref.hokkaido.lg.jp/hf/shf/ko-chin.html,5362bfe8433edf7b
北海道,清掃・施設管理,清掃・施設管理,光生舎く・る・る,,0110800067,突合済み,pref+city+name,光生舎く・る・る,札幌市厚別区,公表データ,北海道 工賃実績（主な作業内容）,https://www.pref.hokkaido.lg.jp/hf/shf/ko-chin.html,5362bfe8433edf7b
北海道,清掃・施設管理,清掃・施設管理,共同作業所はばたき,,0110202629,突合済み,pref+city+name,共同作業所はばたき,札幌市東区,公表データ,北海道 工賃実績（主な作業内容）,https://www.pref.hokkaido.lg.jp/hf/shf/ko-chin.html,17cf02b7387e7bed
北海道,清掃・施設管理,清掃・施設管理,共生サロン八雲シンフォニー,,,未突合,unmatched,,,公表データ,北海道 工賃実績（主な作業内容）,https://www.pref.hokkaido.lg.jp/hf/shf/ko-chin.html,
北海道,清掃・施設管理,清掃・施設管理,十勝あすなろ会,,0114600570,突合済み,pref+city+name,十勝あすなろ会,帯広市,公表データ,北海道 工賃実績（主な作業内容）,https://www.pref.hokkaido.lg.jp/hf/shf/ko-chin.html,a9fb968e2a8cd5ec
北海道,清掃・施設管理,清掃・施設管理,啐啄童子,,,未突合,unmatched,,,公表データ,北海道 工賃実績（主な作業内容）,https://www.pref.hokkaido.lg.jp/hf/shf/ko-chin.html,
北海道,清掃・施設管理,清掃・施設管理,地域生活支援施設山麓郷,,0110901147,突合済み,pref+city+name,地域生活支援施設　山麓郷,札幌市手稲区,公表データ,北海道 工賃実績（主な作業内容）,https://www.pref.hokkaido.lg.jp/hf/shf/ko-chin.html,ec65d861582ddb6c
北海道,清掃・施設管理,清掃・施設管理,多機能事業所ぽれっと,,0114100506,突合済み,pref+city+name,多機能事業所　ぽれっと,釧路市,公表データ,北海道 工賃実績（主な作業内容）,https://www.pref.hokkaido.lg.jp/hf/shf/ko-chin.html,4873cd88155014f6
北海道,清掃・施設管理,清掃・施設管理,多機能型ワークセンター青葉,,0115300360,突合済み,pref+city+name,多機能型ワークセンター青葉,斜里郡斜里町,公表データ,北海道 工賃実績（主な作業内容）,https://www.pref.hokkaido.lg.jp/hf/shf/ko-chin.html,911d337c1974313b
北海道,清掃・施設管理,清掃・施設管理,多機能型事業所 WiShウイッシュ,,0111402467,突合済み,pref+city+name,多機能型事業所　WiSh　ウイッシュ,函館市,公表データ,北海道 工賃実績（主な作業内容）,https://www.pref.hokkaido.lg.jp/hf/shf/ko-chin.html,724df7dba7b4dd65
北海道,清掃・施設管理,清掃・施設管理,多機能型事業所 旭山農志塾,,0114701345,突合済み,pref+city+name,多機能型事業所　旭山農志塾,上川郡清水町,公表データ,北海道 工賃実績（主な作業内容）,https://www.pref.hokkaido.lg.jp/hf/shf/ko-chin.html,9f81597ee14676dc
北海道,清掃・施設管理,清掃・施設管理,多機能型事業所DO,,0116700550,突合済み,pref+city+name,多機能型事業所ＤＯ,枝幸郡中頓別町,公表データ,北海道 工賃実績（主な作業内容）,https://www.pref.hokkaido.lg.jp/hf/shf/ko-chin.html,0c91e5347169aff4
北海道,清掃・施設管理,清掃・施設管理,多機能型事業所asurara〈あすらら〉,,0111401881,突合済み,pref+city+name,多機能型事業所asurara〈あすらら〉,函館市,公表データ,北海道 工賃実績（主な作業内容）,https://www.pref.hokkaido.lg.jp/hf/shf/ko-chin.html,f549c7f913c8d2df
北海道,清掃・施設管理,清掃・施設管理,多機能型事業所ひかり自立支援センター,,0114100787,突合済み,pref+city+name,多機能型事業所　ひかり自立支援センター,釧路市,公表データ,北海道 工賃実績（主な作業内容）,https://www.pref.hokkaido.lg.jp/hf/shf/ko-chin.html,20763ed368cc07e4
北海道,清掃・施設管理,清掃・施設管理,多機能型事業所シーウェル,,0110505559,突合済み,pref+city+name,多機能型事業所　シーウェル,札幌市豊平区,公表データ,北海道 工賃実績（主な作業内容）,https://www.pref.hokkaido.lg.jp/hf/shf/ko-chin.html,286ccaca4ee8ee77
北海道,清掃・施設管理,清掃・施設管理,多機能型事業所ステップ,,0110503927,突合済み,pref+city+name,多機能型事業所ステップ,札幌市白石区,公表データ,北海道 工賃実績（主な作業内容）,https://www.pref.hokkaido.lg.jp/hf/shf/ko-chin.html,5bf1c9361ba8df76
北海道,清掃・施設管理,清掃・施設管理,多機能型事業所ポプリ,,,未突合,unmatched,,,公表データ,北海道 工賃実績（主な作業内容）,https://www.pref.hokkaido.lg.jp/hf/shf/ko-chin.html,
北海道,清掃・施設管理,清掃・施設管理,多機能型事業所ワークショップいまかね,,0111700258,突合済み,pref+city+name,多機能型事業所　ワークショップいまかね,瀬棚郡今金町,公表データ,北海道 工賃実績（主な作業内容）,https://www.pref.hokkaido.lg.jp/hf/shf/ko-chin.html,e09d092080327cf9
北海道,清掃・施設管理,清掃・施設管理,多機能型事業所東開町2丁目,,0113602536,突合済み,pref+city+name,多機能型事業所東開町2丁目,苫小牧市,公表データ,北海道 工賃実績（主な作業内容）,https://www.pref.hokkaido.lg.jp/hf/shf/ko-chin.html,b30c1710b87eaeee
北海道,清掃・施設管理,清掃・施設管理,多機能型就労継続支援事業所エクサート,,0110300787,突合済み,pref+city+name,多機能型就労継続支援事業所　エクサート,札幌市東区,公表データ,北海道 工賃実績（主な作業内容）,https://www.pref.hokkaido.lg.jp/hf/shf/ko-chin.html,dc2ecb91aa559117
北海道,清掃・施設管理,清掃・施設管理,多機能型通所施設 はばたき,,0114100902,突合済み,pref+city+name,多機能型通所施設はばたき,釧路市,公表データ,北海道 工賃実績（主な作業内容）,https://www.pref.hokkaido.lg.jp/hf/shf/ko-chin.html,13e877939a7ec8ab
北海道,清掃・施設管理,清掃・施設管理,太夢共同作業所,,0110501970,突合済み,pref+city+name,太夢共同作業所,札幌市豊平区,公表データ,北海道 工賃実績（主な作業内容）,https://www.pref.hokkaido.lg.jp/hf/shf/ko-chin.html,7a3df386cbb5bd23
北海道,清掃・施設管理,清掃・施設管理,小規模作業所央太夢,,0110101771,突合済み,pref+city+name,小規模作業所　央太夢,札幌市東区,公表データ,北海道 工賃実績（主な作業内容）,https://www.pref.hokkaido.lg.jp/hf/shf/ko-chin.html,af72491bab38794b
北海道,清掃・施設管理,清掃・施設管理,就労サポートセンターJPS,,0110104445,突合済み,pref+city+name,就労サポートセンターＪＰＳ,札幌市中央区,公表データ,北海道 工賃実績（主な作業内容）,https://www.pref.hokkaido.lg.jp/hf/shf/ko-chin.html,3d5b622ed86d786f
北海道,清掃・施設管理,清掃・施設管理,就労サポートセンターPROOF,,0110404910,突合済み,pref+city+name,就労サポートセンターＰＲＯＯＦ,札幌市中央区,公表データ,北海道 工賃実績（主な作業内容）,https://www.pref.hokkaido.lg.jp/hf/shf/ko-chin.html,ca249c4f4c3bc8f4
北海道,清掃・施設管理,清掃・施設管理,就労サポートセンター紙風船,,0113601306,突合済み,pref+city+name,就労サポートセンター紙風船,苫小牧市,公表データ,北海道 工賃実績（主な作業内容）,https://www.pref.hokkaido.lg.jp/hf/shf/ko-chin.html,caa0eb2d5537ba00
北海道,清掃・施設管理,清掃・施設管理,就労サポートセンターＳＴＥＰ,,0110105194,突合済み,pref+city+name,就労サポートセンターＳＴＥＰ,札幌市中央区,公表データ,北海道 工賃実績（主な作業内容）,https://www.pref.hokkaido.lg.jp/hf/shf/ko-chin.html,7cfcdcd8ba0b543b
北海道,清掃・施設管理,清掃・施設管理,就労事業所シュウoak,,0114102494,突合済み,pref+city+name,就労事業所シュウoak,釧路市,公表データ,北海道 工賃実績（主な作業内容）,https://www.pref.hokkaido.lg.jp/hf/shf/ko-chin.html,51a15c7889471bc0
北海道,清掃・施設管理,清掃・施設管理,就労支援B型 Stella Fissa,,0110701711,突合済み,pref+city+name,就労支援Ｂ型　Ｓｔｅｌｌａ　Ｆｉｓｓａ,札幌市西区,公表データ,北海道 工賃実績（主な作業内容）,https://www.pref.hokkaido.lg.jp/hf/shf/ko-chin.html,87d5c22326a68e7d
北海道,清掃・施設管理,清掃・施設管理,就労支援B型事業所 ikoi,,0114601362,突合済み,pref+city+name,就労支援B型事業所　ikoi,帯広市,公表データ,北海道 工賃実績（主な作業内容）,https://www.pref.hokkaido.lg.jp/hf/shf/ko-chin.html,beda73e22fd81f81
北海道,清掃・施設管理,清掃・施設管理,就労支援センターWORKハウス,,0111500757,突合済み,pref+city+name,就労支援センター　ＷＯＲＫハウス,茅部郡森町,公表データ,北海道 工賃実績（主な作業内容）,https://www.pref.hokkaido.lg.jp/hf/shf/ko-chin.html,1f398402c73e6958
北海道,清掃・施設管理,清掃・施設管理,就労支援センターあるく,,0110402625,突合済み,pref+city+name,就労支援センターあるく,札幌市白石区,公表データ,北海道 工賃実績（主な作業内容）,https://www.pref.hokkaido.lg.jp/hf/shf/ko-chin.html,509b52799f774394
北海道,清掃・施設管理,清掃・施設管理,就労支援センターべべるい,,0111300711,突合済み,pref+city+name,就労支援センターべべるい,北広島市,公表データ,北海道 工賃実績（主な作業内容）,https://www.pref.hokkaido.lg.jp/hf/shf/ko-chin.html,605eb1c0d1a57f9b
北海道,清掃・施設管理,清掃・施設管理,就労支援センターオプス,,,未突合,unmatched,,,公表データ,北海道 工賃実績（主な作業内容）,https://www.pref.hokkaido.lg.jp/hf/shf/ko-chin.html,
北海道,清掃・施設管理,清掃・施設管理,就労支援センターワークスオーク,,,未突合,unmatched,,,公表データ,北海道 工賃実績（主な作業内容）,https://www.pref.hokkaido.lg.jp/hf/shf/ko-chin.html,
北海道,清掃・施設管理,清掃・施設管理,就労支援センター平岸,,0110505096,突合済み,pref+city+name,就労支援センター平岸,札幌市豊平区,公表データ,北海道 工賃実績（主な作業内容）,https://www.pref.hokkaido.lg.jp/hf/shf/ko-chin.html,f94b7e5b236573ed
北海道,清掃・施設管理,清掃・施設管理,就労支援センター知床どんぐりの家,,0115300329,突合済み,pref+city+name,就労支援センター　知床どんぐりの家,斜里郡斜里町,公表データ,北海道 工賃実績（主な作業内容）,https://www.pref.hokkaido.lg.jp/hf/shf/ko-chin.html,c79810f0bb335246
北海道,清掃・施設管理,清掃・施設管理,就労支援センター青空,,0117400382,突合済み,pref+city+name,就労支援センター青空,深川市,公表データ,北海道 工賃実績（主な作業内容）,https://www.pref.hokkaido.lg.jp/hf/shf/ko-chin.html,5ab8410382d829ea
北海道,清掃・施設管理,清掃・施設管理,就労支援事業所 あしすと,,0114602139,突合済み,pref+city+name,就労支援事業所　あしすと,帯広市,公表データ,北海道 工賃実績（主な作業内容）,https://www.pref.hokkaido.lg.jp/hf/shf/ko-chin.html,5c8f6c2dc6e4fe69
北海道,清掃・施設管理,清掃・施設管理,就労支援事業所 カナエル,,,未突合,unmatched,,,公表データ,北海道 工賃実績（主な作業内容）,https://www.pref.hokkaido.lg.jp/hf/shf/ko-chin.html,
北海道,清掃・施設管理,清掃・施設管理,就労支援事業所 カナエル,,,未突合,unmatched,,,公表データ,北海道 工賃実績（主な作業内容）,https://www.pref.hokkaido.lg.jp/hf/shf/ko-chin.html,
北海道,清掃・施設管理,清掃・施設管理,就労支援事業所 シオル,,0110506821,突合済み,pref+city+name,就労支援事業所　シオル,札幌市南区,公表データ,北海道 工賃実績（主な作業内容）,https://www.pref.hokkaido.lg.jp/hf/shf/ko-chin.html,8df1c8ea49816781
北海道,清掃・施設管理,清掃・施設管理,就労支援事業所 光り園,,0114601420,突合済み,pref+city+name,就労支援事業所　光り園,帯広市,公表データ,北海道 工賃実績（主な作業内容）,https://www.pref.hokkaido.lg.jp/hf/shf/ko-chin.html,d4cc1a8f583ee27e
北海道,清掃・施設管理,清掃・施設管理,就労支援事業所 道北ワークセンター,,,未突合,unmatched,,,公表データ,北海道 工賃実績（主な作業内容）,https://www.pref.hokkaido.lg.jp/hf/shf/ko-chin.html,
北海道,清掃・施設管理,清掃・施設管理,就労支援事業所TOMO,,0113201099,突合済み,pref+city+name,就労支援事業所　TOMO,上川郡下川町,公表データ,北海道 工賃実績（主な作業内容）,https://www.pref.hokkaido.lg.jp/hf/shf/ko-chin.html,1c878bdb24414601
北海道,清掃・施設管理,清掃・施設管理,就労支援事業所「ワーク・ステージ」,,,未突合,unmatched,,,公表データ,北海道 工賃実績（主な作業内容）,https://www.pref.hokkaido.lg.jp/hf/shf/ko-chin.html,
北海道,清掃・施設管理,清掃・施設管理,就労支援事業所きずなファーム,,0111501128,突合済み,pref+city+name,就労支援事業所きずなファーム,二海郡八雲町,公表データ,北海道 工賃実績（主な作業内容）,https://www.pref.hokkaido.lg.jp/hf/shf/ko-chin.html,de2354b5987cbc74
北海道,清掃・施設管理,清掃・施設管理,就労支援事業所ぐろーあっぷ,,0110403052,突合済み,pref+city+name,就労支援事業所ぐろーあっぷ,札幌市白石区,公表データ,北海道 工賃実績（主な作業内容）,https://www.pref.hokkaido.lg.jp/hf/shf/ko-chin.html,b6883daaafd49909
北海道,清掃・施設管理,清掃・施設管理,就労支援事業所ぐろーあっぷ美香保,,0110302700,突合済み,pref+city+name,就労支援事業所ぐろーあっぷ美香保,札幌市東区,公表データ,北海道 工賃実績（主な作業内容）,https://www.pref.hokkaido.lg.jp/hf/shf/ko-chin.html,880a3344272d1e1e
北海道,清掃・施設管理,清掃・施設管理,就労支援事業所ぐろーあっぷ西町,,0110701596,突合済み,pref+city+name,就労支援事業所ぐろーあっぷ西町,札幌市西区,公表データ,北海道 工賃実績（主な作業内容）,https://www.pref.hokkaido.lg.jp/hf/shf/ko-chin.html,5ecd2ae39263a817
北海道,清掃・施設管理,清掃・施設管理,就労支援事業所むつみ,,0112909247,突合済み,pref+city+name,就労支援事業所むつみ,旭川市,公表データ,北海道 工賃実績（主な作業内容）,https://www.pref.hokkaido.lg.jp/hf/shf/ko-chin.html,0f3a3500f2c2bf73
北海道,清掃・施設管理,清掃・施設管理,就労支援事業所アーカス,,,未突合,unmatched,,,公表データ,北海道 工賃実績（主な作業内容）,https://www.pref.hokkaido.lg.jp/hf/shf/ko-chin.html,
北海道,清掃・施設管理,清掃・施設管理,就労支援事業所エール,,0111001277,突合済み,pref+city+name,就労支援事業所　エール,江別市,公表データ,北海道 工賃実績（主な作業内容）,https://www.pref.hokkaido.lg.jp/hf/shf/ko-chin.html,94418314dfd8dbbd
北海道,清掃・施設管理,清掃・施設管理,就労支援事業所テオトル,,0113500904,突合済み,pref+city+name,就労支援事業所テオトル,室蘭市,公表データ,北海道 工賃実績（主な作業内容）,https://www.pref.hokkaido.lg.jp/hf/shf/ko-chin.html,f3cfccd9d9d396b0
北海道,清掃・施設管理,清掃・施設管理,就労支援事業所ノースリーフ,,0113200984,突合済み,pref+city+name,就労支援事業所ノースリーフ,士別市,公表データ,北海道 工賃実績（主な作業内容）,https://www.pref.hokkaido.lg.jp/hf/shf/ko-chin.html,8ceb26a3a8e47aed
北海道,清掃・施設管理,清掃・施設管理,就労支援事業所フィオーレ釧路,,,未突合,ambiguous,,,公表データ,北海道 工賃実績（主な作業内容）,https://www.pref.hokkaido.lg.jp/hf/shf/ko-chin.html,
北海道,清掃・施設管理,清掃・施設管理,就労支援事業所ホープフル・和,,,未突合,unmatched,,,公表データ,北海道 工賃実績（主な作業内容）,https://www.pref.hokkaido.lg.jp/hf/shf/ko-chin.html,
北海道,清掃・施設管理,清掃・施設管理,就労支援施設ReCare,,0114102049,突合済み,pref+city+name,就労支援施設　ReCare,釧路市,公表データ,北海道 工賃実績（主な作業内容）,https://www.pref.hokkaido.lg.jp/hf/shf/ko-chin.html,e3c4034ab04d94d3
北海道,清掃・施設管理,清掃・施設管理,就労移行支援事業所ゆうび,,0111100277,突合済み,pref+city+name,就労移行支援事業所ゆうび,千歳市,公表データ,北海道 工賃実績（主な作業内容）,https://www.pref.hokkaido.lg.jp/hf/shf/ko-chin.html,65785d9693d82fec
北海道,清掃・施設管理,清掃・施設管理,就労継続B 型事業所 ワーク望,,,未突合,unmatched,,,公表データ,北海道 工賃実績（主な作業内容）,https://www.pref.hokkaido.lg.jp/hf/shf/ko-chin.html,
北海道,清掃・施設管理,清掃・施設管理,就労継続事業所工房はまなす,,0110200953,突合済み,pref+city+name,就労継続事業所　工房はまなす,札幌市東区,公表データ,北海道 工賃実績（主な作業内容）,https://www.pref.hokkaido.lg.jp/hf/shf/ko-chin.html,1ca642957b6b4567
北海道,清掃・施設管理,清掃・施設管理,就労継続支援 B型事業所 和が家 札幌,,0110104437,突合済み,pref+city+name,就労継続支援B型事業所　和が家　札幌,札幌市中央区,公表データ,北海道 工賃実績（主な作業内容）,https://www.pref.hokkaido.lg.jp/hf/shf/ko-chin.html,906ae35f127426c6
北海道,清掃・施設管理,清掃・施設管理,就労継続支援A&Bリピケア大谷地,,0110800778,突合済み,pref+city+name,就労継続支援Ａ＆Ｂ　リピケア大谷地,札幌市厚別区,公表データ,北海道 工賃実績（主な作業内容）,https://www.pref.hokkaido.lg.jp/hf/shf/ko-chin.html,c080610be7f5e01c
北海道,清掃・施設管理,清掃・施設管理,就労継続支援A型 キャッチオオドオリ,,,未突合,unmatched,,,公表データ,北海道 工賃実績（主な作業内容）,https://www.pref.hokkaido.lg.jp/hf/shf/ko-chin.html,
北海道,清掃・施設管理,清掃・施設管理,就労継続支援A型 トランク,,0110206265,突合済み,pref+city+name,就労継続支援Ａ型　トランク,札幌市北区,公表データ,北海道 工賃実績（主な作業内容）,https://www.pref.hokkaido.lg.jp/hf/shf/ko-chin.html,9cf7e324b8bdd19a
北海道,清掃・施設管理,清掃・施設管理,就労継続支援A型 ミント,,0110105160,突合済み,pref+city+name,就労継続支援Ａ型　ミント,札幌市中央区,公表データ,北海道 工賃実績（主な作業内容）,https://www.pref.hokkaido.lg.jp/hf/shf/ko-chin.html,48a99dc552a5dfc5
北海道,清掃・施設管理,清掃・施設管理,就労継続支援A型 楽楽物語,,,未突合,unmatched,,,公表データ,北海道 工賃実績（主な作業内容）,https://www.pref.hokkaido.lg.jp/hf/shf/ko-chin.html,
北海道,清掃・施設管理,清掃・施設管理,就労継続支援A型事業所 CONNECT YOICHI,,0112500632,突合済み,pref+city+name,就労継続支援A型事業所　CONNECT　YOICHI,余市郡余市町,公表データ,北海道 工賃実績（主な作業内容）,https://www.pref.hokkaido.lg.jp/hf/shf/ko-chin.html,b20e0bb1f840accf
北海道,清掃・施設管理,清掃・施設管理,就労継続支援A型事業所 ﾊｰﾓﾆｰ,,,未突合,unmatched,,,公表データ,北海道 工賃実績（主な作業内容）,https://www.pref.hokkaido.lg.jp/hf/shf/ko-chin.html,
北海道,清掃・施設管理,清掃・施設管理,就労継続支援A型事業所レイル,,0110103140,突合済み,pref+city+name,就労継続支援Ａ型事業所　レイル,札幌市中央区,公表データ,北海道 工賃実績（主な作業内容）,https://www.pref.hokkaido.lg.jp/hf/shf/ko-chin.html,d12ba5456ea9f413
北海道,清掃・施設管理,清掃・施設管理,就労継続支援B フロンティア,,,未突合,unmatched,,,公表データ,北海道 工賃実績（主な作業内容）,https://www.pref.hokkaido.lg.jp/hf/shf/ko-chin.html,
北海道,清掃・施設管理,清掃・施設管理,就労継続支援B型,,,未突合,unmatched,,,公表データ,北海道 工賃実績（主な作業内容）,https://www.pref.hokkaido.lg.jp/hf/shf/ko-chin.html,
北海道,清掃・施設管理,清掃・施設管理,就労継続支援B型 BooN新琴似,,0110205770,突合済み,pref+city+name,就労継続支援B型　BooN新琴似,札幌市北区,公表データ,北海道 工賃実績（主な作業内容）,https://www.pref.hokkaido.lg.jp/hf/shf/ko-chin.html,bdeff4f24806f081
北海道,清掃・施設管理,清掃・施設管理,就労継続支援B型 Villaあしはらの杜,,,未突合,unmatched,,,公表データ,北海道 工賃実績（主な作業内容）,https://www.pref.hokkaido.lg.jp/hf/shf/ko-chin.html,
北海道,清掃・施設管理,清掃・施設管理,就労継続支援B型 さーくるわーく,,,未突合,unmatched,,,公表データ,北海道 工賃実績（主な作業内容）,https://www.pref.hokkaido.lg.jp/hf/shf/ko-chin.html,
北海道,清掃・施設管理,清掃・施設管理,就労継続支援B型 るみえる,,0111402533,突合済み,pref+city+name,就労継続支援Ｂ型　るみえる,函館市,公表データ,北海道 工賃実績（主な作業内容）,https://www.pref.hokkaido.lg.jp/hf/shf/ko-chin.html,053573941b042ded
北海道,清掃・施設管理,清掃・施設管理,就労継続支援B型 キャッチオオドオリ,,,未突合,unmatched,,,公表データ,北海道 工賃実績（主な作業内容）,https://www.pref.hokkaido.lg.jp/hf/shf/ko-chin.html,
北海道,清掃・施設管理,清掃・施設管理,就労継続支援B型 希望の道,,,未突合,unmatched,,,公表データ,北海道 工賃実績（主な作業内容）,https://www.pref.hokkaido.lg.jp/hf/shf/ko-chin.html,
北海道,清掃・施設管理,清掃・施設管理,就労継続支援B型 来夢,,0113500409,突合済み,pref+city+name,就労継続支援Ｂ型　来夢,室蘭市,公表データ,北海道 工賃実績（主な作業内容）,https://www.pref.hokkaido.lg.jp/hf/shf/ko-chin.html,325f981d3c2c5196
北海道,清掃・施設管理,清掃・施設管理,就労継続支援B型PEER+design,,0110403094,突合済み,pref+city+name,就労継続支援B型PEER＋design,札幌市白石区,公表データ,北海道 工賃実績（主な作業内容）,https://www.pref.hokkaido.lg.jp/hf/shf/ko-chin.html,668d1059339d96aa
北海道,清掃・施設管理,清掃・施設管理,就労継続支援B型きずな,,0111001533,突合済み,pref+city+name,就労継続支援B型きずな,江別市,公表データ,北海道 工賃実績（主な作業内容）,https://www.pref.hokkaido.lg.jp/hf/shf/ko-chin.html,3f60fc7de4540d65
北海道,清掃・施設管理,清掃・施設管理,就労継続支援B型なないろ,,,未突合,unmatched,,,公表データ,北海道 工賃実績（主な作業内容）,https://www.pref.hokkaido.lg.jp/hf/shf/ko-chin.html,
北海道,清掃・施設管理,清掃・施設管理,就労継続支援B型事業所 Latte,,0110701372,突合済み,pref+city+name,就労継続支援Ｂ型事業所Latte,札幌市西区,公表データ,北海道 工賃実績（主な作業内容）,https://www.pref.hokkaido.lg.jp/hf/shf/ko-chin.html,b88f9a5b6a1cc5c4
北海道,清掃・施設管理,清掃・施設管理,就労継続支援B型事業所 caféとまり木,,,未突合,unmatched,,,公表データ,北海道 工賃実績（主な作業内容）,https://www.pref.hokkaido.lg.jp/hf/shf/ko-chin.html,
北海道,清掃・施設管理,清掃・施設管理,就労継続支援B型事業所 いきいき東,,0110301736,突合済み,pref+city+name,就労継続支援Ｂ型事業所　いきいき東,札幌市東区,公表データ,北海道 工賃実績（主な作業内容）,https://www.pref.hokkaido.lg.jp/hf/shf/ko-chin.html,dd3db7e0f70d0a31
北海道,清掃・施設管理,清掃・施設管理,就労継続支援B型事業所 きずな,,0114601602,突合済み,pref+city+name,就労継続支援Ｂ型事業所　きずな,帯広市,公表データ,北海道 工賃実績（主な作業内容）,https://www.pref.hokkaido.lg.jp/hf/shf/ko-chin.html,e95f27918b0fa38f
北海道,清掃・施設管理,清掃・施設管理,就労継続支援B型事業所 ているういんど,,,未突合,unmatched,,,公表データ,北海道 工賃実績（主な作業内容）,https://www.pref.hokkaido.lg.jp/hf/shf/ko-chin.html,
北海道,清掃・施設管理,清掃・施設管理,就労継続支援B型事業所 なつみかん,,,未突合,unmatched,,,公表データ,北海道 工賃実績（主な作業内容）,https://www.pref.hokkaido.lg.jp/hf/shf/ko-chin.html,
北海道,清掃・施設管理,清掃・施設管理,就労継続支援B型事業所 アリエッタ,,,未突合,unmatched,,,公表データ,北海道 工賃実績（主な作業内容）,https://www.pref.hokkaido.lg.jp/hf/shf/ko-chin.html,
北海道,清掃・施設管理,清掃・施設管理,就労継続支援B型事業所 サニースポット白石,,,未突合,unmatched,,,公表データ,北海道 工賃実績（主な作業内容）,https://www.pref.hokkaido.lg.jp/hf/shf/ko-chin.html,
北海道,清掃・施設管理,清掃・施設管理,就労継続支援B型事業所 マオイの丘,,0110403474,突合済み,pref+city+name,就労継続支援Ｂ型事業所　マオイの丘,札幌市白石区,公表データ,北海道 工賃実績（主な作業内容）,https://www.pref.hokkaido.lg.jp/hf/shf/ko-chin.html,1f10d71b516a60d8
北海道,清掃・施設管理,清掃・施設管理,就労継続支援B型事業所 ユウアンドアイ,,,未突合,unmatched,,,公表データ,北海道 工賃実績（主な作業内容）,https://www.pref.hokkaido.lg.jp/hf/shf/ko-chin.html,
北海道,清掃・施設管理,清掃・施設管理,就労継続支援B型事業所 札幌市あかしあ学園,,,未突合,unmatched,,,公表データ,北海道 工賃実績（主な作業内容）,https://www.pref.hokkaido.lg.jp/hf/shf/ko-chin.html,
北海道,清掃・施設管理,清掃・施設管理,就労継続支援B型事業所 東川リード,,,未突合,unmatched,,,公表データ,北海道 工賃実績（主な作業内容）,https://www.pref.hokkaido.lg.jp/hf/shf/ko-chin.html,
北海道,清掃・施設管理,清掃・施設管理,就労継続支援B型事業所 藍ライズ,,,未突合,unmatched,,,公表データ,北海道 工賃実績（主な作業内容）,https://www.pref.hokkaido.lg.jp/hf/shf/ko-chin.html,
北海道,清掃・施設管理,清掃・施設管理,就労継続支援B型事業所 陽だまり,,,未突合,unmatched,,,公表データ,北海道 工賃実績（主な作業内容）,https://www.pref.hokkaido.lg.jp/hf/shf/ko-chin.html,
北海道,清掃・施設管理,清掃・施設管理,就労継続支援B型事業所CANOW,,0116000068,突合済み,pref+city+name,就労継続支援B型事業所CANOW,三笠市,公表データ,北海道 工賃実績（主な作業内容）,https://www.pref.hokkaido.lg.jp/hf/shf/ko-chin.html,9ed48119709ef601
北海道,清掃・施設管理,清掃・施設管理,就労継続支援B型事業所ONEPIECE,,0111402699,突合済み,pref+city+name,就労継続支援Ｂ型事業所 ONE PIECE,函館市,公表データ,北海道 工賃実績（主な作業内容）,https://www.pref.hokkaido.lg.jp/hf/shf/ko-chin.html,18db4c75568ea219
北海道,清掃・施設管理,清掃・施設管理,就労継続支援B型事業所tenowa,,0111402822,突合済み,pref+city+name,就労継続支援Ｂ型事業所tenowa,函館市,公表データ,北海道 工賃実績（主な作業内容）,https://www.pref.hokkaido.lg.jp/hf/shf/ko-chin.html,ccdfb1e8b62f3f6a
北海道,清掃・施設管理,清掃・施設管理,就労継続支援B型事業所あいある,,0114300593,突合済み,pref+city+name,就労継続支援B型事業所　あいある,釧路郡釧路町,公表データ,北海道 工賃実績（主な作業内容）,https://www.pref.hokkaido.lg.jp/hf/shf/ko-chin.html,2939627984eeb3aa
北海道,清掃・施設管理,清掃・施設管理,就労継続支援B型事業所いちから,,,未突合,unmatched,,,公表データ,北海道 工賃実績（主な作業内容）,https://www.pref.hokkaido.lg.jp/hf/shf/ko-chin.html,
北海道,清掃・施設管理,清掃・施設管理,就労継続支援B型事業所つなぐ,,,未突合,unmatched,,,公表データ,北海道 工賃実績（主な作業内容）,https://www.pref.hokkaido.lg.jp/hf/shf/ko-chin.html,
北海道,清掃・施設管理,清掃・施設管理,就労継続支援B型事業所ともに,,0114102403,突合済み,pref+city+name,就労継続支援B型事業所　ともに,釧路市,公表データ,北海道 工賃実績（主な作業内容）,https://www.pref.hokkaido.lg.jp/hf/shf/ko-chin.html,5031d37dfc0407db
北海道,清掃・施設管理,清掃・施設管理,就労継続支援B型事業所ひなた,,0110405297,突合済み,pref+city+name,就労継続支援Ｂ型事業所　ひなた,札幌市白石区,公表データ,北海道 工賃実績（主な作業内容）,https://www.pref.hokkaido.lg.jp/hf/shf/ko-chin.html,73720dc2bfdda49c
北海道,清掃・施設管理,清掃・施設管理,就労継続支援B型事業所ひのでより,,,未突合,unmatched,,,公表データ,北海道 工賃実績（主な作業内容）,https://www.pref.hokkaido.lg.jp/hf/shf/ko-chin.html,
北海道,清掃・施設管理,清掃・施設管理,就労継続支援B型事業所みんなのおうち CoCo-BuLa,,,未突合,unmatched,,,公表データ,北海道 工賃実績（主な作業内容）,https://www.pref.hokkaido.lg.jp/hf/shf/ko-chin.html,
北海道,清掃・施設管理,清掃・施設管理,就労継続支援B型事業所よりそいJobspace一歩,,0110204096,突合済み,pref+city+name,就労継続支援Ｂ型事業所　よりそいＪｏｂＳｐａｃｅ一歩,札幌市北区,公表データ,北海道 工賃実績（主な作業内容）,https://www.pref.hokkaido.lg.jp/hf/shf/ko-chin.html,67a164695198e979
北海道,清掃・施設管理,清掃・施設管理,就労継続支援B型事業所わごころ,,0110505880,突合済み,pref+city+name,就労継続支援Ｂ型事業所　わごころ,札幌市豊平区,公表データ,北海道 工賃実績（主な作業内容）,https://www.pref.hokkaido.lg.jp/hf/shf/ko-chin.html,373c8f3ec2c183c2
北海道,清掃・施設管理,清掃・施設管理,就労継続支援B型事業所わーぷる,,0114601339,突合済み,pref+city+name,就労継続支援B型事業所　わーぷる,帯広市,公表データ,北海道 工賃実績（主な作業内容）,https://www.pref.hokkaido.lg.jp/hf/shf/ko-chin.html,f70125572b14d1c9
北海道,清掃・施設管理,清掃・施設管理,就労継続支援B型事業所アルほくと,,,未突合,unmatched,,,公表データ,北海道 工賃実績（主な作業内容）,https://www.pref.hokkaido.lg.jp/hf/shf/ko-chin.html,
北海道,清掃・施設管理,清掃・施設管理,就労継続支援B型事業所オリーブの樹,,0112907886,突合済み,pref+city+name,就労継続支援Ｂ型事業所　オリーブの樹,旭川市,公表データ,北海道 工賃実績（主な作業内容）,https://www.pref.hokkaido.lg.jp/hf/shf/ko-chin.html,5b04a60deaab46f1
北海道,清掃・施設管理,清掃・施設管理,就労継続支援B型事業所クープア,,,未突合,unmatched,,,公表データ,北海道 工賃実績（主な作業内容）,https://www.pref.hokkaido.lg.jp/hf/shf/ko-chin.html,
北海道,清掃・施設管理,清掃・施設管理,就労継続支援B型事業所シェリー,,0110800869,突合済み,pref+city+name,就労継続支援B型事業所　シェリー,札幌市厚別区,公表データ,北海道 工賃実績（主な作業内容）,https://www.pref.hokkaido.lg.jp/hf/shf/ko-chin.html,31476c35bfd7c7c5
北海道,清掃・施設管理,清掃・施設管理,就労継続支援B型事業所ジョブハウス未来,,0111402491,突合済み,pref+city+name,就労継続支援Ｂ型事業所　ジョブハウス未来,函館市,公表データ,北海道 工賃実績（主な作業内容）,https://www.pref.hokkaido.lg.jp/hf/shf/ko-chin.html,7c636dae1b88198e
北海道,清掃・施設管理,清掃・施設管理,就労継続支援B型事業所スカイピア,,0115100331,突合済み,pref+city+name,就労継続支援Ｂ型事業所スカイピア,紋別市,公表データ,北海道 工賃実績（主な作業内容）,https://www.pref.hokkaido.lg.jp/hf/shf/ko-chin.html,a1a88a198af6925f
北海道,清掃・施設管理,清掃・施設管理,就労継続支援B型事業所パキラねる,,,未突合,unmatched,,,公表データ,北海道 工賃実績（主な作業内容）,https://www.pref.hokkaido.lg.jp/hf/shf/ko-chin.html,
北海道,清掃・施設管理,清掃・施設管理,就労継続支援B型事業所ファブリカ,,0112906185,突合済み,pref+city+name,就労継続支援Ｂ型事業所ファブリカ,旭川市,公表データ,北海道 工賃実績（主な作業内容）,https://www.pref.hokkaido.lg.jp/hf/shf/ko-chin.html,41dc323d24e9a781
北海道,清掃・施設管理,清掃・施設管理,就労継続支援B型事業所メロディーハウス,,0117600817,突合済み,pref+city+name,就労継続支援B型事業所メロディーハウス,石狩市,公表データ,北海道 工賃実績（主な作業内容）,https://www.pref.hokkaido.lg.jp/hf/shf/ko-chin.html,952559d7f32ff5fa
北海道,清掃・施設管理,清掃・施設管理,就労継続支援B型事業所ランプ,,0110404720,突合済み,pref+city+name,就労継続支援B型事業所　ランプ,札幌市白石区,公表データ,北海道 工賃実績（主な作業内容）,https://www.pref.hokkaido.lg.jp/hf/shf/ko-chin.html,6fe28d0dda1ba8ff
北海道,清掃・施設管理,清掃・施設管理,就労継続支援B型事業所型事業所 さるがわ,,,未突合,unmatched,,,公表データ,北海道 工賃実績（主な作業内容）,https://www.pref.hokkaido.lg.jp/hf/shf/ko-chin.html,
北海道,清掃・施設管理,清掃・施設管理,就労継続支援B型事業所型事業所 どさんこ,,,未突合,unmatched,,,公表データ,北海道 工賃実績（主な作業内容）,https://www.pref.hokkaido.lg.jp/hf/shf/ko-chin.html,
北海道,清掃・施設管理,清掃・施設管理,就労継続支援B型事業所型事業所 フレンズ,,,未突合,unmatched,,,公表データ,北海道 工賃実績（主な作業内容）,https://www.pref.hokkaido.lg.jp/hf/shf/ko-chin.html,
北海道,清掃・施設管理,清掃・施設管理,就労継続支援B型事業所型事業所 ﾊｰﾓﾆｰ,,,未突合,unmatched,,,公表データ,北海道 工賃実績（主な作業内容）,https://www.pref.hokkaido.lg.jp/hf/shf/ko-chin.html,
北海道,清掃・施設管理,清掃・施設管理,就労継続支援ワークサロン,,,未突合,unmatched,,,公表データ,北海道 工賃実績（主な作業内容）,https://www.pref.hokkaido.lg.jp/hf/shf/ko-chin.html,
北海道,清掃・施設管理,清掃・施設管理,就労継続支援事業所 TOMAHAWKS,,0112001425,突合済み,pref+city+name,就労継続支援事業所　TOMAHAWKS,小樽市,公表データ,北海道 工賃実績（主な作業内容）,https://www.pref.hokkaido.lg.jp/hf/shf/ko-chin.html,acebb176ecd661cf
北海道,清掃・施設管理,清掃・施設管理,就労継続支援事業所 さち,,0115001364,突合済み,pref+city+name,就労継続支援事業所　さち,北見市,公表データ,北海道 工賃実績（主な作業内容）,https://www.pref.hokkaido.lg.jp/hf/shf/ko-chin.html,971a89a0cf2c95c7
北海道,清掃・施設管理,清掃・施設管理,就労継続支援事業所 ＴＯＨＡＨＡＷＫＳ,,,未突合,unmatched,,,公表データ,北海道 工賃実績（主な作業内容）,https://www.pref.hokkaido.lg.jp/hf/shf/ko-chin.html,
北海道,清掃・施設管理,清掃・施設管理,就労継続支援事業所TOMAHAWKS,,0110104916,突合済み,pref+city+name,就労継続支援事業所TOMAHAWKS,札幌市中央区,公表データ,北海道 工賃実績（主な作業内容）,https://www.pref.hokkaido.lg.jp/hf/shf/ko-chin.html,63332b024b3692b6
北海道,清掃・施設管理,清掃・施設管理,就労継続支援事業所はばたき,,0112908769,突合済み,pref+city+name,就労継続支援事業所　はばたき,旭川市,公表データ,北海道 工賃実績（主な作業内容）,https://www.pref.hokkaido.lg.jp/hf/shf/ko-chin.html,fcbc67b7af5e0fbc
北海道,清掃・施設管理,清掃・施設管理,就労継続支援事業所ぷりもぱっそ,,0112001375,突合済み,pref+city+name,就労継続支援事業所　ぷりもぱっそ,小樽市,公表データ,北海道 工賃実績（主な作業内容）,https://www.pref.hokkaido.lg.jp/hf/shf/ko-chin.html,1d62d2ec4a3617b6
北海道,清掃・施設管理,清掃・施設管理,就労継続支援事業所エコ・ファクトリー,,0111100236,突合済み,pref+city+name,就労継続支援事業所　エコ・ファクトリー,千歳市,公表データ,北海道 工賃実績（主な作業内容）,https://www.pref.hokkaido.lg.jp/hf/shf/ko-chin.html,7ce84ac09634b0a7
北海道,清掃・施設管理,清掃・施設管理,就労継続支援事業所ハートフル・みらい,,0113200349,突合済み,pref+city+name,就労継続支援事業所ハートフル・みらい,名寄市,公表データ,北海道 工賃実績（主な作業内容）,https://www.pref.hokkaido.lg.jp/hf/shf/ko-chin.html,5b3614e0470cbf7c
北海道,清掃・施設管理,清掃・施設管理,就労継続支援事業所森の家,,0114200306,突合済み,pref+city+name,就労継続支援事業所　森の家,標津郡中標津町,公表データ,北海道 工賃実績（主な作業内容）,https://www.pref.hokkaido.lg.jp/hf/shf/ko-chin.html,81cab1d14535e81d
北海道,清掃・施設管理,清掃・施設管理,就労継続支援施設AMAUi,,,未突合,unmatched,,,公表データ,北海道 工賃実績（主な作業内容）,https://www.pref.hokkaido.lg.jp/hf/shf/ko-chin.html,
北海道,清掃・施設管理,清掃・施設管理,就労継続支援施設アシスタントアンドパートナー,,0110102928,突合済み,pref+city+name,就労継続支援施設　アシスタントアンドパートナー,札幌市中央区,公表データ,北海道 工賃実績（主な作業内容）,https://www.pref.hokkaido.lg.jp/hf/shf/ko-chin.html,dcda7aabc177b86e
北海道,清掃・施設管理,清掃・施設管理,就労継続支援施設月とらいおん,,0113500284,突合済み,pref+city+name,就労継続支援施設月とらいおん,登別市,公表データ,北海道 工賃実績（主な作業内容）,https://www.pref.hokkaido.lg.jp/hf/shf/ko-chin.html,3b0b7c143f93ba98
北海道,清掃・施設管理,清掃・施設管理,就労継続支援Ａ型事業所さくら,,0114102544,突合済み,pref+city+name,就労継続支援Ａ型事業所さくら,釧路市,公表データ,北海道 工賃実績（主な作業内容）,https://www.pref.hokkaido.lg.jp/hf/shf/ko-chin.html,e9b9fb7067eed3a9
北海道,清掃・施設管理,清掃・施設管理,就労継続支援Ａ型事業所ジョブクルー,,0111000998,突合済み,pref+city+name,就労継続支援Ａ型事業所　ｼﾞｮﾌﾞｸﾙｰ,江別市,公表データ,北海道 工賃実績（主な作業内容）,https://www.pref.hokkaido.lg.jp/hf/shf/ko-chin.html,1306ad5bb99c62c9
北海道,清掃・施設管理,清掃・施設管理,就労継続支援Ｂ型,,,未突合,unmatched,,,公表データ,北海道 工賃実績（主な作業内容）,https://www.pref.hokkaido.lg.jp/hf/shf/ko-chin.html,
北海道,清掃・施設管理,清掃・施設管理,就労継続支援Ｂ型ぐろーあっぷベース白石,,0110404209,突合済み,pref+city+name,就労継続支援Ｂ型　ぐろーあっぷベース白石,札幌市白石区,公表データ,北海道 工賃実績（主な作業内容）,https://www.pref.hokkaido.lg.jp/hf/shf/ko-chin.html,ddb7f705588e512f
北海道,清掃・施設管理,清掃・施設管理,就労継続支援Ｂ型どりーみほーむ,,0110700036,突合済み,pref+city+name,就労継続支援Ｂ型どりーみほーむ,札幌市西区,公表データ,北海道 工賃実績（主な作業内容）,https://www.pref.hokkaido.lg.jp/hf/shf/ko-chin.html,68aa6e5e44f82444
北海道,清掃・施設管理,清掃・施設管理,就労継続支援Ｂ型ポラリスパス,,,未突合,unmatched,,,公表データ,北海道 工賃実績（主な作業内容）,https://www.pref.hokkaido.lg.jp/hf/shf/ko-chin.html,
北海道,清掃・施設管理,清掃・施設管理,就労継続支援Ｂ型事業所 ワンステップ,,,未突合,unmatched,,,公表データ,北海道 工賃実績（主な作業内容）,https://www.pref.hokkaido.lg.jp/hf/shf/ko-chin.html,
北海道,清掃・施設管理,清掃・施設管理,就労継続支援Ｂ型事業所 御影農志塾,,0114701600,突合済み,pref+city+name,就労継続支援Ｂ型事業所　御影農志塾,上川郡清水町,公表データ,北海道 工賃実績（主な作業内容）,https://www.pref.hokkaido.lg.jp/hf/shf/ko-chin.html,fd467eae8a4d6f7a
北海道,清掃・施設管理,清掃・施設管理,就労継続支援Ｂ型事業所 愛らんど,,,未突合,unmatched,,,公表データ,北海道 工賃実績（主な作業内容）,https://www.pref.hokkaido.lg.jp/hf/shf/ko-chin.html,
北海道,清掃・施設管理,清掃・施設管理,就労継続支援Ｂ型事業所 絆,,0110900099,突合済み,pref+city+name,就労継続支援Ｂ型事業所　絆,札幌市厚別区,公表データ,北海道 工賃実績（主な作業内容）,https://www.pref.hokkaido.lg.jp/hf/shf/ko-chin.html,25dcd160593adcfb
北海道,清掃・施設管理,清掃・施設管理,就労継続支援Ｂ型事業所illumi,,0114102056,突合済み,pref+city+name,就労継続支援B型事業所　illumi,釧路市,公表データ,北海道 工賃実績（主な作業内容）,https://www.pref.hokkaido.lg.jp/hf/shf/ko-chin.html,87d27d0855973121
北海道,清掃・施設管理,清掃・施設管理,就労継続支援Ｂ型事業所それいゆ,,0117100651,突合済み,pref+city+name,就労継続支援Ｂ型事業所　それいゆ,空知郡上砂川町,公表データ,北海道 工賃実績（主な作業内容）,https://www.pref.hokkaido.lg.jp/hf/shf/ko-chin.html,674c246cd924b229
北海道,清掃・施設管理,清掃・施設管理,就労継続支援Ｂ型事業所ジョブクルー,,0111001475,突合済み,pref+city+name,就労継続支援Ｂ型事業所ジョブクルー,江別市,公表データ,北海道 工賃実績（主な作業内容）,https://www.pref.hokkaido.lg.jp/hf/shf/ko-chin.html,66249b3b9e06ff3a
北海道,清掃・施設管理,清掃・施設管理,就労継続支援Ｂ型作業所ここ・から,,0110600418,突合済み,pref+city+name,就労継続支援Ｂ型作業所　ここ・から,札幌市南区,公表データ,北海道 工賃実績（主な作業内容）,https://www.pref.hokkaido.lg.jp/hf/shf/ko-chin.html,acb545fe2c47ff01
北海道,清掃・施設管理,清掃・施設管理,山の手ワークステーション,,,未突合,unmatched,,,公表データ,北海道 工賃実績（主な作業内容）,https://www.pref.hokkaido.lg.jp/hf/shf/ko-chin.html,
北海道,清掃・施設管理,清掃・施設管理,島屋ゴマサーカス,,0114100837,突合済み,pref+city+name,島屋ゴマサーカス,釧路市,公表データ,北海道 工賃実績（主な作業内容）,https://www.pref.hokkaido.lg.jp/hf/shf/ko-chin.html,b1d899fbbff0ffbc
北海道,清掃・施設管理,清掃・施設管理,工房とみさと,,0115000762,突合済み,pref+city+name,工房とみさと,北見市,公表データ,北海道 工賃実績（主な作業内容）,https://www.pref.hokkaido.lg.jp/hf/shf/ko-chin.html,93cb42e9041854d6
北海道,清掃・施設管理,清掃・施設管理,幕別あすなろ会,,0114701022,突合済み,pref+city+name,幕別あすなろ会,中川郡幕別町,公表データ,北海道 工賃実績（主な作業内容）,https://www.pref.hokkaido.lg.jp/hf/shf/ko-chin.html,e12719d6ccd465c9
北海道,清掃・施設管理,清掃・施設管理,弁当工房縁事業所,,0112907118,突合済み,pref+city+name,弁当工房　縁　事業所,旭川市,公表データ,北海道 工賃実績（主な作業内容）,https://www.pref.hokkaido.lg.jp/hf/shf/ko-chin.html,3b088e72c7210ee0
北海道,清掃・施設管理,清掃・施設管理,弁当工房縁事業所,,0112907118,突合済み,pref+city+name,弁当工房　縁　事業所,旭川市,公表データ,北海道 工賃実績（主な作業内容）,https://www.pref.hokkaido.lg.jp/hf/shf/ko-chin.html,3b088e72c7210ee0
北海道,清掃・施設管理,清掃・施設管理,愛和の里きもべつ,,0112200019,突合済み,pref+city+name,愛和の里きもべつ,虻田郡喜茂別町,公表データ,北海道 工賃実績（主な作業内容）,https://www.pref.hokkaido.lg.jp/hf/shf/ko-chin.html,4672c08a52414d48
北海道,清掃・施設管理,清掃・施設管理,手作り工房どーなつ,,,未突合,unmatched,,,公表データ,北海道 工賃実績（主な作業内容）,https://www.pref.hokkaido.lg.jp/hf/shf/ko-chin.html,
北海道,清掃・施設管理,清掃・施設管理,新ひだか町ecoネット,,,未突合,unmatched,,,公表データ,北海道 工賃実績（主な作業内容）,https://www.pref.hokkaido.lg.jp/hf/shf/ko-chin.html,
北海道,清掃・施設管理,清掃・施設管理,新ひだか町ライフサポート,,,未突合,unmatched,,,公表データ,北海道 工賃実績（主な作業内容）,https://www.pref.hokkaido.lg.jp/hf/shf/ko-chin.html,
北海道,清掃・施設管理,清掃・施設管理,旭川ヒューマンサービスセンター,,0112901384,突合済み,pref+city+name,旭川ヒューマンサービスセンター,旭川市,公表データ,北海道 工賃実績（主な作業内容）,https://www.pref.hokkaido.lg.jp/hf/shf/ko-chin.html,71febf01d1fb3525
北海道,清掃・施設管理,清掃・施設管理,旭川ヒューマンサービスセンター,,0112901384,突合済み,pref+city+name,旭川ヒューマンサービスセンター,旭川市,公表データ,北海道 工賃実績（主な作業内容）,https://www.pref.hokkaido.lg.jp/hf/shf/ko-chin.html,71febf01d1fb3525
北海道,清掃・施設管理,清掃・施設管理,旭川就労継続支援B型事業所あーる,,,未突合,ambiguous,,,公表データ,北海道 工賃実績（主な作業内容）,https://www.pref.hokkaido.lg.jp/hf/shf/ko-chin.html,
北海道,清掃・施設管理,清掃・施設管理,晴レルモキッチン,,0111100723,突合済み,pref+city+name,晴レルモキッチン,千歳市,公表データ,北海道 工賃実績（主な作業内容）,https://www.pref.hokkaido.lg.jp/hf/shf/ko-chin.html,a88daeedcb4a17b3
北海道,清掃・施設管理,清掃・施設管理,未来ｓｍ,,0110101805,突合済み,pref+city+name,未来ｓｍ,札幌市中央区,公表データ,北海道 工賃実績（主な作業内容）,https://www.pref.hokkaido.lg.jp/hf/shf/ko-chin.html,84bd4f987dcae0ff
北海道,清掃・施設管理,清掃・施設管理,札幌東事業所,,,未突合,unmatched,,,公表データ,北海道 工賃実績（主な作業内容）,https://www.pref.hokkaido.lg.jp/hf/shf/ko-chin.html,
北海道,清掃・施設管理,清掃・施設管理,株式会社ひまわりの会,,,未突合,unmatched,,,公表データ,北海道 工賃実績（主な作業内容）,https://www.pref.hokkaido.lg.jp/hf/shf/ko-chin.html,
北海道,清掃・施設管理,清掃・施設管理,株式会社タスカル,,0110203163,突合済み,pref+city+name,株式会社　タスカル,札幌市北区,公表データ,北海道 工賃実績（主な作業内容）,https://www.pref.hokkaido.lg.jp/hf/shf/ko-chin.html,c59e8fa2d7013866
北海道,清掃・施設管理,清掃・施設管理,活動支援施設あけぼの,,0113500763,突合済み,pref+city+name,活動支援施設　あけぼの,室蘭市,公表データ,北海道 工賃実績（主な作業内容）,https://www.pref.hokkaido.lg.jp/hf/shf/ko-chin.html,5a5927a6bb40eaf5
北海道,清掃・施設管理,清掃・施設管理,深川デイプレイスふれあいの家,,0117400176,突合済み,pref+city+name,深川デイプレイス　ふれあいの家,深川市,公表データ,北海道 工賃実績（主な作業内容）,https://www.pref.hokkaido.lg.jp/hf/shf/ko-chin.html,8f79d7bb7a9b87b6
北海道,清掃・施設管理,清掃・施設管理,湧くわく園 春光事業所,,,未突合,unmatched,,,公表データ,北海道 工賃実績（主な作業内容）,https://www.pref.hokkaido.lg.jp/hf/shf/ko-chin.html,
北海道,清掃・施設管理,清掃・施設管理,湧くわく園 白石事業所,,,未突合,unmatched,,,公表データ,北海道 工賃実績（主な作業内容）,https://www.pref.hokkaido.lg.jp/hf/shf/ko-chin.html,
北海道,清掃・施設管理,清掃・施設管理,湧くわく園新川事業所,,,未突合,unmatched,,,公表データ,北海道 工賃実績（主な作業内容）,https://www.pref.hokkaido.lg.jp/hf/shf/ko-chin.html,
北海道,清掃・施設管理,清掃・施設管理,満天の丘輝星,,0113100754,突合済み,pref+name,満天の丘　輝星,上川郡美瑛町,公表データ,北海道 工賃実績（主な作業内容）,https://www.pref.hokkaido.lg.jp/hf/shf/ko-chin.html,4b620a75485772bc
北海道,清掃・施設管理,清掃・施設管理,満天の丘輝星,,0113100754,突合済み,pref+city+name,満天の丘　輝星,上川郡美瑛町,公表データ,北海道 工賃実績（主な作業内容）,https://www.pref.hokkaido.lg.jp/hf/shf/ko-chin.html,4b620a75485772bc
北海道,清掃・施設管理,清掃・施設管理,滝川新生園,,0117500322,突合済み,pref+city+name,滝川新生園,滝川市,公表データ,北海道 工賃実績（主な作業内容）,https://www.pref.hokkaido.lg.jp/hf/shf/ko-chin.html,1e53b11dd64220a0
北海道,清掃・施設管理,清掃・施設管理,特定非営利活動法人 馬木葉クラブ,,0114300114,突合済み,pref+city+name,特定非営利活動法人　馬木葉クラブ,釧路郡釧路町,公表データ,北海道 工賃実績（主な作業内容）,https://www.pref.hokkaido.lg.jp/hf/shf/ko-chin.html,26750d905cb9dfd0
北海道,清掃・施設管理,清掃・施設管理,玄,,0113601942,突合済み,pref+city+name,玄,苫小牧市,公表データ,北海道 工賃実績（主な作業内容）,https://www.pref.hokkaido.lg.jp/hf/shf/ko-chin.html,bf7d4d6faafd4c48
北海道,清掃・施設管理,清掃・施設管理,留萌ふれあいの家,,,未突合,unmatched,,,公表データ,北海道 工賃実績（主な作業内容）,https://www.pref.hokkaido.lg.jp/hf/shf/ko-chin.html,
北海道,清掃・施設管理,清掃・施設管理,白石かがやき園,,,未突合,unmatched,,,公表データ,北海道 工賃実績（主な作業内容）,https://www.pref.hokkaido.lg.jp/hf/shf/ko-chin.html,
北海道,清掃・施設管理,清掃・施設管理,百年の森函館,,0111402632,突合済み,pref+city+name,百年の森　函館,函館市,公表データ,北海道 工賃実績（主な作業内容）,https://www.pref.hokkaido.lg.jp/hf/shf/ko-chin.html,054de5920e54354c
北海道,清掃・施設管理,清掃・施設管理,石狩あすなろ会,,0117600460,突合済み,pref+city+name,石狩あすなろ会,石狩市,公表データ,北海道 工賃実績（主な作業内容）,https://www.pref.hokkaido.lg.jp/hf/shf/ko-chin.html,6fe3b5cc56d799ca
北海道,清掃・施設管理,清掃・施設管理,社会就労センターらびぃ,,0114101058,突合済み,pref+city+name,社会就労センターらびぃ,釧路市,公表データ,北海道 工賃実績（主な作業内容）,https://www.pref.hokkaido.lg.jp/hf/shf/ko-chin.html,c4f25aa8dd9608c5
北海道,清掃・施設管理,清掃・施設管理,福祉サービス事業所 笑心。,,0114701519,突合済み,pref+city+name,福祉サービス事業所　笑心。,中川郡幕別町,公表データ,北海道 工賃実績（主な作業内容）,https://www.pref.hokkaido.lg.jp/hf/shf/ko-chin.html,7a1aefc636c32707
北海道,清掃・施設管理,清掃・施設管理,福祉サービス事業所リガール,,0112908561,突合済み,pref+city+name,福祉サービス事業所　リガール,旭川市,公表データ,北海道 工賃実績（主な作業内容）,https://www.pref.hokkaido.lg.jp/hf/shf/ko-chin.html,bf79b7df96c09246
北海道,清掃・施設管理,清掃・施設管理,第２ふみだす,,,未突合,city_mismatch,,,公表データ,北海道 工賃実績（主な作業内容）,https://www.pref.hokkaido.lg.jp/hf/shf/ko-chin.html,
北海道,清掃・施設管理,清掃・施設管理,美しの森,,0110501210,突合済み,pref+city+name,美しの森,札幌市清田区,公表データ,北海道 工賃実績（主な作業内容）,https://www.pref.hokkaido.lg.jp/hf/shf/ko-chin.html,a09b0d0bdbd15e45
北海道,清掃・施設管理,清掃・施設管理,職業訓練システム「コスモス」,,0115001802,突合済み,pref+city+name,職業訓練システム「コスモス」,北見市,公表データ,北海道 工賃実績（主な作業内容）,https://www.pref.hokkaido.lg.jp/hf/shf/ko-chin.html,441ab8d87c5b2a12
北海道,清掃・施設管理,清掃・施設管理,花果凛,,0110403763,突合済み,pref+city+name,花果凛,札幌市白石区,公表データ,北海道 工賃実績（主な作業内容）,https://www.pref.hokkaido.lg.jp/hf/shf/ko-chin.html,ff8caa7a6e21bb04
北海道,清掃・施設管理,清掃・施設管理,菓子工房笑くぼ,,0111000634,突合済み,pref+city+name,菓子工房　笑くぼ,江別市,公表データ,北海道 工賃実績（主な作業内容）,https://www.pref.hokkaido.lg.jp/hf/shf/ko-chin.html,d2e43827e3862405
北海道,清掃・施設管理,清掃・施設管理,落葉樹色のジェラートverymotch,,0113602494,突合済み,pref+city+name,落葉樹色のジェラート　very motch,勇払郡厚真町,公表データ,北海道 工賃実績（主な作業内容）,https://www.pref.hokkaido.lg.jp/hf/shf/ko-chin.html,582e4db4a45aa319
北海道,清掃・施設管理,清掃・施設管理,釧路リカバリーセンター鳥取北,,,未突合,unmatched,,,公表データ,北海道 工賃実績（主な作業内容）,https://www.pref.hokkaido.lg.jp/hf/shf/ko-chin.html,
北海道,清掃・施設管理,清掃・施設管理,釧路創生会就労継続支援Ａ型事業所,,0114102072,突合済み,pref+city+name,釧路創生会就労継続支援A型事業所,釧路市,公表データ,北海道 工賃実績（主な作業内容）,https://www.pref.hokkaido.lg.jp/hf/shf/ko-chin.html,128a6b3b5dc001d0
北海道,清掃・施設管理,清掃・施設管理,錦町ワークサポート陽だまりの郷,,0111000535,突合済み,pref+city+name,錦町ワークサポート陽だまりの郷,江別市,公表データ,北海道 工賃実績（主な作業内容）,https://www.pref.hokkaido.lg.jp/hf/shf/ko-chin.html,cc9f3828aff388db
北海道,清掃・施設管理,清掃・施設管理,陽笑,,0113700991,突合済み,pref+city+name,陽笑,虻田郡洞爺湖町,公表データ,北海道 工賃実績（主な作業内容）,https://www.pref.hokkaido.lg.jp/hf/shf/ko-chin.html,4c35b10049aa3327
北海道,清掃・施設管理,清掃・施設管理,障がい福祉サービス事業所 きらり,,0114602006,突合済み,pref+city+name,障がい福祉サービス事業所　きらり,帯広市,公表データ,北海道 工賃実績（主な作業内容）,https://www.pref.hokkaido.lg.jp/hf/shf/ko-chin.html,21021b872141f019
北海道,清掃・施設管理,清掃・施設管理,障がい福祉サービス事業所 音彩,,,未突合,ambiguous,,,公表データ,北海道 工賃実績（主な作業内容）,https://www.pref.hokkaido.lg.jp/hf/shf/ko-chin.html,
北海道,清掃・施設管理,清掃・施設管理,障がい福祉サービス事業所あいねっと,,0113100432,突合済み,pref+city+name,障がい福祉サービス事業所　あいねっと,上川郡愛別町,公表データ,北海道 工賃実績（主な作業内容）,https://www.pref.hokkaido.lg.jp/hf/shf/ko-chin.html,fd7a0ab08c4c8d2e
北海道,清掃・施設管理,清掃・施設管理,障がい者多機能型事業所リンク,,0110101235,突合済み,pref+city+name,障がい者多機能型事業所　リンク,札幌市中央区,公表データ,北海道 工賃実績（主な作業内容）,https://www.pref.hokkaido.lg.jp/hf/shf/ko-chin.html,25b47221a1b0e684
北海道,清掃・施設管理,清掃・施設管理,障がい者就労サポートセンターフォリエ,,,未突合,ambiguous,,,公表データ,北海道 工賃実績（主な作業内容）,https://www.pref.hokkaido.lg.jp/hf/shf/ko-chin.html,
北海道,清掃・施設管理,清掃・施設管理,障がい者就労支援事業所いるば,,0110600301,突合済み,pref+city+name,障がい者就労支援事業所　いるば,札幌市南区,公表データ,北海道 工賃実績（主な作業内容）,https://www.pref.hokkaido.lg.jp/hf/shf/ko-chin.html,5741334cf79dc0fd
北海道,清掃・施設管理,清掃・施設管理,障がい者支援事業所 歩,,0117500462,突合済み,pref+city+name,障がい者支援事業所　歩,滝川市,公表データ,北海道 工賃実績（主な作業内容）,https://www.pref.hokkaido.lg.jp/hf/shf/ko-chin.html,98917a717ed479e2
北海道,清掃・施設管理,清掃・施設管理,障がい者自立支援事業所エスポワール,,0113500813,突合済み,pref+city+name,障がい者自立支援事業所　エスポワール,室蘭市,公表データ,北海道 工賃実績（主な作業内容）,https://www.pref.hokkaido.lg.jp/hf/shf/ko-chin.html,b8aa4d6ab4e99a16
北海道,清掃・施設管理,清掃・施設管理,障害福祉サービス多機能型事業所デイセンター芽ぐみ野,,0113000343,突合済み,pref+city+name,障害福祉サービス多機能型事業所　デイセンター芽ぐみ野,富良野市,公表データ,北海道 工賃実績（主な作業内容）,https://www.pref.hokkaido.lg.jp/hf/shf/ko-chin.html,a710cbd347f4d926
北海道,清掃・施設管理,清掃・施設管理,障害者支援施設 風連別学園,,0116400276,突合済み,pref+city+name,障害者支援施設　風連別学園,苫前郡初山別村,公表データ,北海道 工賃実績（主な作業内容）,https://www.pref.hokkaido.lg.jp/hf/shf/ko-chin.html,57341abd836c97ee
北海道,清掃・施設管理,清掃・施設管理,雪ん子セルフサポート,,0110505294,突合済み,pref+city+name,雪ん子セルフサポート,札幌市豊平区,公表データ,北海道 工賃実績（主な作業内容）,https://www.pref.hokkaido.lg.jp/hf/shf/ko-chin.html,f3661ca41caec590
北海道,清掃・施設管理,清掃・施設管理,青空,,0113800429,突合済み,pref+city+name,青空,浦河郡浦河町,公表データ,北海道 工賃実績（主な作業内容）,https://www.pref.hokkaido.lg.jp/hf/shf/ko-chin.html,fd9072cd522c3368
北海道,清掃・施設管理,清掃・施設管理,青葉,,0112000336,突合済み,pref+city+name,青葉,小樽市,公表データ,北海道 工賃実績（主な作業内容）,https://www.pref.hokkaido.lg.jp/hf/shf/ko-chin.html,5b0a5616fafacf4f
北海道,清掃・施設管理,清掃・施設管理,音色,,0110901329,突合済み,pref+city+name,音色,札幌市手稲区,公表データ,北海道 工賃実績（主な作業内容）,https://www.pref.hokkaido.lg.jp/hf/shf/ko-chin.html,9d5e840987fb4cc8
北海道,清掃・施設管理,清掃・施設管理,麻生事業所,,,未突合,unmatched,,,公表データ,北海道 工賃実績（主な作業内容）,https://www.pref.hokkaido.lg.jp/hf/shf/ko-chin.html,
北海道,清掃・施設管理,清掃・施設管理,ＩＴ訓練システム「なつ」,,0115001778,突合済み,pref+city+name,ＩＴ訓練システム｢なつ｣,北見市,公表データ,北海道 工賃実績（主な作業内容）,https://www.pref.hokkaido.lg.jp/hf/shf/ko-chin.html,27853a3603e15042
北海道,清掃・施設管理,清掃・施設管理,Ｍ＆H北海道,,0110800760,突合済み,pref+city+name,Ｍ＆Ｈ北海道,札幌市厚別区,公表データ,北海道 工賃実績（主な作業内容）,https://www.pref.hokkaido.lg.jp/hf/shf/ko-chin.html,1850079b7ba0496c
北海道,清掃・施設管理,清掃・施設管理,ＴＩＡＭ,,0110800596,突合済み,pref+city+name,TIAM,札幌市白石区,公表データ,北海道 工賃実績（主な作業内容）,https://www.pref.hokkaido.lg.jp/hf/shf/ko-chin.html,7566bcc9594d8fdc
北海道,製菓・パン,パン,CARE CENTER アルドール,,0113601033,突合済み,pref+city+name,ＣＡＲＥ　ＣＥＮＴＥＲ　アルドール,苫小牧市,公表データ,北海道 工賃実績（主な作業内容）,https://www.pref.hokkaido.lg.jp/hf/shf/ko-chin.html,6cb762d344addf76
北海道,製菓・パン,パン,MutualSupportCenter ラベンダーの郷,,0113000012,突合済み,pref+city+name,Mutual　Support　Center　ラベンダーの郷,富良野市,公表データ,北海道 工賃実績（主な作業内容）,https://www.pref.hokkaido.lg.jp/hf/shf/ko-chin.html,6cf11525ef24c606
北海道,製菓・パン,パン,patisserie空香,,0115700908,突合済み,pref+city+name,patisserie空香,岩見沢市,公表データ,北海道 工賃実績（主な作業内容）,https://www.pref.hokkaido.lg.jp/hf/shf/ko-chin.html,5ff838548b64ab63
北海道,製菓・パン,パン,poco a poco,,0115000721,突合済み,pref+city+name,ｐｏｃｏ　ａ　ｐｏｃｏ,北見市,公表データ,北海道 工賃実績（主な作業内容）,https://www.pref.hokkaido.lg.jp/hf/shf/ko-chin.html,76422534ad3f69b2
北海道,製菓・パン,パン,あかしあ労働福祉センター第３作業所,,0112907233,突合済み,pref+city+name,あかしあ労働福祉センター第３作業所,旭川市,公表データ,北海道 工賃実績（主な作業内容）,https://www.pref.hokkaido.lg.jp/hf/shf/ko-chin.html,281acc05a96682a1
北海道,製菓・パン,パン,あかしあ障害者総合相談支援センター,,0112901335,突合済み,pref+city+name,あかしあ障害者総合相談支援センター,旭川市,公表データ,北海道 工賃実績（主な作業内容）,https://www.pref.hokkaido.lg.jp/hf/shf/ko-chin.html,afbc3d2bd17493f1
北海道,製菓・パン,パン,あすなろFDセンター,,0111600441,突合済み,pref+city+name,あすなろＦＤセンター,爾志郡乙部町,公表データ,北海道 工賃実績（主な作業内容）,https://www.pref.hokkaido.lg.jp/hf/shf/ko-chin.html,213ad3a3883f5be1
北海道,製菓・パン,パン,あすなろパン,,,未突合,city_mismatch,,,公表データ,北海道 工賃実績（主な作業内容）,https://www.pref.hokkaido.lg.jp/hf/shf/ko-chin.html,
北海道,製菓・パン,パン,あすなろ日明センター,,0111600359,突合済み,pref+city+name,あすなろ日明センター,檜山郡江差町,公表データ,北海道 工賃実績（主な作業内容）,https://www.pref.hokkaido.lg.jp/hf/shf/ko-chin.html,f5127bc92ce9eb06
北海道,製菓・パン,パン,いずみワークセンター,,0111100012,突合済み,pref+city+name,いずみワークセンター,千歳市,公表データ,北海道 工賃実績（主な作業内容）,https://www.pref.hokkaido.lg.jp/hf/shf/ko-chin.html,f3da4a32c1c4428c
北海道,製菓・パン,パン,いちょうの会,,0110203239,突合済み,pref+city+name,いちょうの会,札幌市北区,公表データ,北海道 工賃実績（主な作業内容）,https://www.pref.hokkaido.lg.jp/hf/shf/ko-chin.html,718186dfae353b91
北海道,製菓・パン,パン,かいせい東川,,0111401279,突合済み,pref+city+name,かいせい東川,函館市,公表データ,北海道 工賃実績（主な作業内容）,https://www.pref.hokkaido.lg.jp/hf/shf/ko-chin.html,5a5c7840c43c90ee
北海道,製菓・パン,パン,きぼうの森,,0110700119,突合済み,pref+city+name,きぼうの森,札幌市西区,公表データ,北海道 工賃実績（主な作業内容）,https://www.pref.hokkaido.lg.jp/hf/shf/ko-chin.html,2a4f0d6d0dd5ab97
北海道,製菓・パン,パン,くるみ,,0117100214,突合済み,pref+city+name,くるみ,砂川市,公表データ,北海道 工賃実績（主な作業内容）,https://www.pref.hokkaido.lg.jp/hf/shf/ko-chin.html,7e267236e6b411eb
北海道,製菓・パン,パン,じょぶぷれいす桜,,,未突合,unmatched,,,公表データ,北海道 工賃実績（主な作業内容）,https://www.pref.hokkaido.lg.jp/hf/shf/ko-chin.html,
北海道,製菓・パン,パン,たのしいどう,,0115700569,突合済み,pref+city+name,たのしいどう,岩見沢市,公表データ,北海道 工賃実績（主な作業内容）,https://www.pref.hokkaido.lg.jp/hf/shf/ko-chin.html,8f3d894b327566ce
北海道,製菓・パン,パン,つむぎ,,0115200297,突合済み,pref+city+name,つむぎ,網走郡津別町,公表データ,北海道 工賃実績（主な作業内容）,https://www.pref.hokkaido.lg.jp/hf/shf/ko-chin.html,ae8972c241060a93
北海道,製菓・パン,パン,ていね・さくら館,,0110400934,突合済み,pref+city+name,ていね・さくら館,札幌市手稲区,公表データ,北海道 工賃実績（主な作業内容）,https://www.pref.hokkaido.lg.jp/hf/shf/ko-chin.html,4df50140c7405945
北海道,製菓・パン,パン,ひかり工房,,0110201399,突合済み,pref+city+name,ひかり工房,札幌市東区,公表データ,北海道 工賃実績（主な作業内容）,https://www.pref.hokkaido.lg.jp/hf/shf/ko-chin.html,41cf88e2818327ff
北海道,製菓・パン,パン,ひかり工房,,0110201399,突合済み,pref+city+name,ひかり工房,札幌市東区,公表データ,北海道 工賃実績（主な作業内容）,https://www.pref.hokkaido.lg.jp/hf/shf/ko-chin.html,41cf88e2818327ff
北海道,製菓・パン,パン,ふみだす,,0113700520,突合済み,pref+city+name,ふみだす,伊達市,公表データ,北海道 工賃実績（主な作業内容）,https://www.pref.hokkaido.lg.jp/hf/shf/ko-chin.html,66881fbe4969da09
北海道,製菓・パン,パン,ふれあいセンターA・yell,,0110203148,突合済み,pref+city+name,ふれあいセンター　Ａ・ｙｅｌｌ,札幌市北区,公表データ,北海道 工賃実績（主な作業内容）,https://www.pref.hokkaido.lg.jp/hf/shf/ko-chin.html,f7f91c2c467c904c
北海道,製菓・パン,パン,みらい（Mirai),,0112901392,突合済み,pref+city+name,みらい（Ｍｉｒａｉ）,旭川市,公表データ,北海道 工賃実績（主な作業内容）,https://www.pref.hokkaido.lg.jp/hf/shf/ko-chin.html,d50b5559508173b2
北海道,製菓・パン,パン,むかわ夢風船,,0113601785,突合済み,pref+city+name,むかわ夢風船,勇払郡むかわ町,公表データ,北海道 工賃実績（主な作業内容）,https://www.pref.hokkaido.lg.jp/hf/shf/ko-chin.html,c2f16d6cc4ef9ef7
北海道,製菓・パン,パン,むろらんワークセンター岬,,0113500045,突合済み,pref+city+name,むろらんワークセンター　岬,室蘭市,公表データ,北海道 工賃実績（主な作業内容）,https://www.pref.hokkaido.lg.jp/hf/shf/ko-chin.html,ce973e5c246eb683
北海道,製菓・パン,パン,もいわサポートセンター,,0110600509,突合済み,pref+city+name,もいわサポートセンター,札幌市南区,公表データ,北海道 工賃実績（主な作業内容）,https://www.pref.hokkaido.lg.jp/hf/shf/ko-chin.html,46c1774a73726bf3
北海道,製菓・パン,パン,ゆっくりん,,0114300627,突合済み,pref+city+name,ゆっくりん,川上郡弟子屈町,公表データ,北海道 工賃実績（主な作業内容）,https://www.pref.hokkaido.lg.jp/hf/shf/ko-chin.html,7b28ff906760bb7e
北海道,製菓・パン,パン,らしくワーク,,,未突合,unmatched,,,公表データ,北海道 工賃実績（主な作業内容）,https://www.pref.hokkaido.lg.jp/hf/shf/ko-chin.html,
北海道,製菓・パン,パン,わく・WORK ランタナ,,0113500482,突合済み,pref+city+name,わく・ＷＯＲＫ　ランタナ,室蘭市,公表データ,北海道 工賃実績（主な作業内容）,https://www.pref.hokkaido.lg.jp/hf/shf/ko-chin.html,dd3f7cda51bf837c
北海道,製菓・パン,パン,キラリとよひらワークス,,0110507100,突合済み,pref+city+name,キラリとよひらワークス,札幌市豊平区,公表データ,北海道 工賃実績（主な作業内容）,https://www.pref.hokkaido.lg.jp/hf/shf/ko-chin.html,d9dfa2d23cabc379
北海道,製菓・パン,パン,ギャラリーかたるべプラス,,0113100259,突合済み,pref+city+name,ギャラリーかたるべプラス,上川郡当麻町,公表データ,北海道 工賃実績（主な作業内容）,https://www.pref.hokkaido.lg.jp/hf/shf/ko-chin.html,b86d4a963aaa43df
北海道,製菓・パン,パン,ギャラリーヴィン,,0117600189,突合済み,pref+city+name,ギャラリーヴィン,石狩市,公表データ,北海道 工賃実績（主な作業内容）,https://www.pref.hokkaido.lg.jp/hf/shf/ko-chin.html,38b862093207339e
北海道,製菓・パン,パン,クッキーハウス,,0111500484,突合済み,pref+city+name,クッキーハウス,北斗市,公表データ,北海道 工賃実績（主な作業内容）,https://www.pref.hokkaido.lg.jp/hf/shf/ko-chin.html,e1d2bd7401588a14
北海道,製菓・パン,パン,クローバー共同作業所,,0114701774,突合済み,pref+city+name,クローバー共同作業所,中川郡池田町,公表データ,北海道 工賃実績（主な作業内容）,https://www.pref.hokkaido.lg.jp/hf/shf/ko-chin.html,1adf1590f2ca095e
北海道,製菓・パン,パン,グランクルール,,,未突合,unmatched,,,公表データ,北海道 工賃実績（主な作業内容）,https://www.pref.hokkaido.lg.jp/hf/shf/ko-chin.html,
北海道,製菓・パン,パン,サポートセンターあそしえ,,0113601173,突合済み,pref+name,サポートセンターあそしえ,苫小牧市,公表データ,北海道 工賃実績（主な作業内容）,https://www.pref.hokkaido.lg.jp/hf/shf/ko-chin.html,91015a204d1461cb
北海道,製菓・パン,パン,サロベツマイハート,,0116700220,突合済み,pref+name,サロベツマイハート,天塩郡豊富町,公表データ,北海道 工賃実績（主な作業内容）,https://www.pref.hokkaido.lg.jp/hf/shf/ko-chin.html,09f381b3cad8e40f
北海道,製菓・パン,パン,シェアリング和光,,0112000344,突合済み,pref+name,シェアリング和光,小樽市,公表データ,北海道 工賃実績（主な作業内容）,https://www.pref.hokkaido.lg.jp/hf/shf/ko-chin.html,da229327df0dac21
北海道,製菓・パン,パン,ジョブサポートひびき,,0111401295,突合済み,pref+city+name,ジョブサポートひびき,函館市,公表データ,北海道 工賃実績（主な作業内容）,https://www.pref.hokkaido.lg.jp/hf/shf/ko-chin.html,c4c618e411372500
北海道,製菓・パン,パン,ジョブサポート陽風堂,,0115800328,突合済み,pref+city+name,ジョブサポート　陽風堂,夕張郡長沼町,公表データ,北海道 工賃実績（主な作業内容）,https://www.pref.hokkaido.lg.jp/hf/shf/ko-chin.html,86dff34a8fc61d42
北海道,製菓・パン,パン,ジョブタス旭川大雪事業所,,,未突合,unmatched,,,公表データ,北海道 工賃実績（主な作業内容）,https://www.pref.hokkaido.lg.jp/hf/shf/ko-chin.html,
北海道,製菓・パン,パン,スペース＝希望,,0110800166,突合済み,pref+city+name,スペース＝希望,札幌市厚別区,公表データ,北海道 工賃実績（主な作業内容）,https://www.pref.hokkaido.lg.jp/hf/shf/ko-chin.html,0a2fc5e766bf1425
北海道,製菓・パン,パン,スワン工房,,0114200082,突合済み,pref+city+name,スワン工房,野付郡別海町,公表データ,北海道 工賃実績（主な作業内容）,https://www.pref.hokkaido.lg.jp/hf/shf/ko-chin.html,aadfa075ee1ed760
北海道,製菓・パン,パン,デイセンターあすなろ,,0113700603,突合済み,pref+city+name,デイセンター　あすなろ,虻田郡洞爺湖町,公表データ,北海道 工賃実績（主な作業内容）,https://www.pref.hokkaido.lg.jp/hf/shf/ko-chin.html,fc2fae06b95cbe55
北海道,製菓・パン,パン,パン工房あんびしゃす,,0110204476,突合済み,pref+city+name,パン工房　あんびしゃす,札幌市北区,公表データ,北海道 工賃実績（主な作業内容）,https://www.pref.hokkaido.lg.jp/hf/shf/ko-chin.html,43d68e6bad7d6790
北海道,製菓・パン,パン,ミルト,,0113800486,突合済み,pref+city+name,ミルト,新冠郡新冠町,公表データ,北海道 工賃実績（主な作業内容）,https://www.pref.hokkaido.lg.jp/hf/shf/ko-chin.html,7c1f44086ada79c1
北海道,製菓・パン,パン,ラビットファーム,,0111401253,突合済み,pref+city+name,ラビットファーム,函館市,公表データ,北海道 工賃実績（主な作業内容）,https://www.pref.hokkaido.lg.jp/hf/shf/ko-chin.html,3f596ee8b7ee2995
北海道,製菓・パン,パン,ワークサポートフレンズ,,0113100408,突合済み,pref+city+name,ワークサポート　フレンズ,上川郡比布町,公表データ,北海道 工賃実績（主な作業内容）,https://www.pref.hokkaido.lg.jp/hf/shf/ko-chin.html,58776cadd8978db9
北海道,製菓・パン,パン,ワークサロン虹,,0114600455,突合済み,pref+city+name,ワークサロン虹,帯広市,公表データ,北海道 工賃実績（主な作業内容）,https://www.pref.hokkaido.lg.jp/hf/shf/ko-chin.html,17b0d717203d7854
北海道,製菓・パン,パン,ワークショップサンワ,,0110402153,突合済み,pref+city+name,ワークショップサンワ,札幌市西区,公表データ,北海道 工賃実績（主な作業内容）,https://www.pref.hokkaido.lg.jp/hf/shf/ko-chin.html,04161ff75837ea00
北海道,製菓・パン,パン,ワークセンターポロレ,,0117600148,突合済み,pref+city+name,ワークセンターポロレ,石狩市,公表データ,北海道 工賃実績（主な作業内容）,https://www.pref.hokkaido.lg.jp/hf/shf/ko-chin.html,dd006988336ffca3
北海道,製菓・パン,パン,ワークセンター・やまびこ,,0112001086,突合済み,pref+city+name,ワークセンター・やまびこ,小樽市,公表データ,北海道 工賃実績（主な作業内容）,https://www.pref.hokkaido.lg.jp/hf/shf/ko-chin.html,a22c388834308faa
北海道,製菓・パン,パン,ワークセンター栗の木,,0115800286,突合済み,pref+city+name,ワークセンター栗の木,夕張郡栗山町,公表データ,北海道 工賃実績（主な作業内容）,https://www.pref.hokkaido.lg.jp/hf/shf/ko-chin.html,1b165dd3eaccf6e7
北海道,製菓・パン,パン,ワークトピアあすか中央,,0110403904,突合済み,pref+city+name,ワークトピアあすか中央,札幌市中央区,公表データ,北海道 工賃実績（主な作業内容）,https://www.pref.hokkaido.lg.jp/hf/shf/ko-chin.html,10afa43e74266d9f
北海道,製菓・パン,パン,ワークランドのぞみ,,0113601488,突合済み,pref+city+name,ワークランドのぞみ,苫小牧市,公表データ,北海道 工賃実績（主な作業内容）,https://www.pref.hokkaido.lg.jp/hf/shf/ko-chin.html,0b6bee81ab1adaff
北海道,製菓・パン,パン,作業所きたの,,0110501962,突合済み,pref+city+name,作業所きたの,札幌市清田区,公表データ,北海道 工賃実績（主な作業内容）,https://www.pref.hokkaido.lg.jp/hf/shf/ko-chin.html,72884f35780a83ff
北海道,製菓・パン,パン,共生サロン八雲シンフォニー,,,未突合,unmatched,,,公表データ,北海道 工賃実績（主な作業内容）,https://www.pref.hokkaido.lg.jp/hf/shf/ko-chin.html,
北海道,製菓・パン,パン,南富良野町障がい福祉サービス事業所なんぷ～香房,,,未突合,unmatched,,,公表データ,北海道 工賃実績（主な作業内容）,https://www.pref.hokkaido.lg.jp/hf/shf/ko-chin.html,
北海道,製菓・パン,パン,地域支援センターライフネットゆうばり,,,未突合,ambiguous,,,公表データ,北海道 工賃実績（主な作業内容）,https://www.pref.hokkaido.lg.jp/hf/shf/ko-chin.html,
北海道,製菓・パン,パン,地域自立活動支援センター,,,未突合,unmatched,,,公表データ,北海道 工賃実績（主な作業内容）,https://www.pref.hokkaido.lg.jp/hf/shf/ko-chin.html,
北海道,製菓・パン,パン,多機能型事業所 ワークス一条,,0111400743,突合済み,pref+city+name,多機能型事業所　ワークス一条,函館市,公表データ,北海道 工賃実績（主な作業内容）,https://www.pref.hokkaido.lg.jp/hf/shf/ko-chin.html,938375103082a35f
北海道,製菓・パン,パン,多機能型事業所 大きな木,,0114100860,突合済み,pref+city+name,多機能型事業所　大きな木,釧路市,公表データ,北海道 工賃実績（主な作業内容）,https://www.pref.hokkaido.lg.jp/hf/shf/ko-chin.html,e7472401a02640d2
北海道,製菓・パン,パン,多機能型事業所ひかり自立支援センター,,0114100787,突合済み,pref+city+name,多機能型事業所　ひかり自立支援センター,釧路市,公表データ,北海道 工賃実績（主な作業内容）,https://www.pref.hokkaido.lg.jp/hf/shf/ko-chin.html,20763ed368cc07e4
北海道,製菓・パン,パン,多機能型事業所ゆうゆう舎,,0114701352,突合済み,pref+city+name,多機能型事業所　ゆうゆう舎,広尾郡広尾町,公表データ,北海道 工賃実績（主な作業内容）,https://www.pref.hokkaido.lg.jp/hf/shf/ko-chin.html,aa17d4f60cfd9a66
北海道,製菓・パン,パン,多機能型事業所ポプリ,,,未突合,unmatched,,,公表データ,北海道 工賃実績（主な作業内容）,https://www.pref.hokkaido.lg.jp/hf/shf/ko-chin.html,
北海道,製菓・パン,パン,多機能型事業所ワークショップいまかね,,0111700258,突合済み,pref+city+name,多機能型事業所　ワークショップいまかね,瀬棚郡今金町,公表データ,北海道 工賃実績（主な作業内容）,https://www.pref.hokkaido.lg.jp/hf/shf/ko-chin.html,e09d092080327cf9
北海道,製菓・パン,パン,就労センタージョブ,,0111300315,突合済み,pref+city+name,就労センタージョブ,北広島市,公表データ,北海道 工賃実績（主な作業内容）,https://www.pref.hokkaido.lg.jp/hf/shf/ko-chin.html,0770ae4a994248d8
北海道,製菓・パン,パン,就労支援センターピアチェーレ,,0113500375,突合済み,pref+city+name,就労支援センター　ピアチェーレ,登別市,公表データ,北海道 工賃実績（主な作業内容）,https://www.pref.hokkaido.lg.jp/hf/shf/ko-chin.html,158264d39e478e47
北海道,製菓・パン,パン,就労支援センターワークスオーク,,,未突合,unmatched,,,公表データ,北海道 工賃実績（主な作業内容）,https://www.pref.hokkaido.lg.jp/hf/shf/ko-chin.html,
北海道,製菓・パン,パン,就労支援事業所 帯広はちす園,,0114600984,突合済み,pref+city+name,就労支援事業所　帯広はちす園,帯広市,公表データ,北海道 工賃実績（主な作業内容）,https://www.pref.hokkaido.lg.jp/hf/shf/ko-chin.html,5fc820f3c3bb0e73
北海道,製菓・パン,パン,就労支援事業所 恵庭,,0111200259,突合済み,pref+city+name,就労支援事業所恵庭,恵庭市,公表データ,北海道 工賃実績（主な作業内容）,https://www.pref.hokkaido.lg.jp/hf/shf/ko-chin.html,0da3b0cc4701c2c3
北海道,製菓・パン,パン,就労支援事業所「すてっぷ」,,0115000622,突合済み,pref+city+name,就労支援事業所「すてっぷ」,北見市,公表データ,北海道 工賃実績（主な作業内容）,https://www.pref.hokkaido.lg.jp/hf/shf/ko-chin.html,0a36f29c241437c1
北海道,製菓・パン,パン,就労支援多機能型事業所 みっくすベジタ,,,未突合,unmatched,,,公表データ,北海道 工賃実績（主な作業内容）,https://www.pref.hokkaido.lg.jp/hf/shf/ko-chin.html,
北海道,製菓・パン,パン,就労継続支援A型事業所 ﾊｰﾓﾆｰ,,,未突合,unmatched,,,公表データ,北海道 工賃実績（主な作業内容）,https://www.pref.hokkaido.lg.jp/hf/shf/ko-chin.html,
北海道,製菓・パン,パン,就労継続支援B型事業所 みなやんワークス,,,未突合,unmatched,,,公表データ,北海道 工賃実績（主な作業内容）,https://www.pref.hokkaido.lg.jp/hf/shf/ko-chin.html,
北海道,製菓・パン,パン,就労継続支援B型事業所 創房みな・みな,,,未突合,unmatched,,,公表データ,北海道 工賃実績（主な作業内容）,https://www.pref.hokkaido.lg.jp/hf/shf/ko-chin.html,
北海道,製菓・パン,パン,就労継続支援B型事業所みんなのて,,0115001836,突合済み,pref+city+name,就労継続支援B型事業所みんなのて,北見市,公表データ,北海道 工賃実績（主な作業内容）,https://www.pref.hokkaido.lg.jp/hf/shf/ko-chin.html,f282c018a28de3c0
北海道,製菓・パン,パン,就労継続支援B型事業所ファブリカ,,0112906185,突合済み,pref+city+name,就労継続支援Ｂ型事業所ファブリカ,旭川市,公表データ,北海道 工賃実績（主な作業内容）,https://www.pref.hokkaido.lg.jp/hf/shf/ko-chin.html,41dc323d24e9a781
北海道,製菓・パン,パン,就労継続支援B型事業所ワークセンター音別,,0114100852,突合済み,pref+city+name,就労継続支援Ｂ型事業所　ワークセンター音別,釧路市,公表データ,北海道 工賃実績（主な作業内容）,https://www.pref.hokkaido.lg.jp/hf/shf/ko-chin.html,544e2ce887a5b89c
北海道,製菓・パン,パン,就労継続支援事業所エコ・ファクトリー,,0111100236,突合済み,pref+city+name,就労継続支援事業所　エコ・ファクトリー,千歳市,公表データ,北海道 工賃実績（主な作業内容）,https://www.pref.hokkaido.lg.jp/hf/shf/ko-chin.html,7ce84ac09634b0a7
北海道,製菓・パン,パン,就労継続支援事業所ハートフル・みらい,,0113200349,突合済み,pref+city+name,就労継続支援事業所ハートフル・みらい,名寄市,公表データ,北海道 工賃実績（主な作業内容）,https://www.pref.hokkaido.lg.jp/hf/shf/ko-chin.html,5b3614e0470cbf7c
北海道,製菓・パン,パン,就労継続支援施設わくらば,,0113100820,突合済み,pref+city+name,就労継続支援施設　わくらば,上川郡東川町,公表データ,北海道 工賃実績（主な作業内容）,https://www.pref.hokkaido.lg.jp/hf/shf/ko-chin.html,a3208ef37d45859b
北海道,製菓・パン,パン,就労継続支援施設わくらば,,0113100820,突合済み,pref+city+name,就労継続支援施設　わくらば,上川郡東川町,公表データ,北海道 工賃実績（主な作業内容）,https://www.pref.hokkaido.lg.jp/hf/shf/ko-chin.html,a3208ef37d45859b
北海道,製菓・パン,パン,就労継続支援Ｂ型事業所 くしろぱんや,,,未突合,unmatched,,,公表データ,北海道 工賃実績（主な作業内容）,https://www.pref.hokkaido.lg.jp/hf/shf/ko-chin.html,
北海道,製菓・パン,パン,就労継続支援Ｂ型事業所 小麦王国,,0112909569,突合済み,pref+city+name,就労継続支援Ｂ型事業所　小麦王国,旭川市,公表データ,北海道 工賃実績（主な作業内容）,https://www.pref.hokkaido.lg.jp/hf/shf/ko-chin.html,3b3dbabd29250456
北海道,製菓・パン,パン,就労継続支援Ｂ型事業所 愛らんど,,,未突合,unmatched,,,公表データ,北海道 工賃実績（主な作業内容）,https://www.pref.hokkaido.lg.jp/hf/shf/ko-chin.html,
北海道,製菓・パン,パン,就労継続支援Ｂ型事業所ワークランドかっこう,,,未突合,unmatched,,,公表データ,北海道 工賃実績（主な作業内容）,https://www.pref.hokkaido.lg.jp/hf/shf/ko-chin.html,
北海道,製菓・パン,パン,工房るうぷ,,0114300346,突合済み,pref+city+name,工房るうぷ,厚岸郡厚岸町,公表データ,北海道 工賃実績（主な作業内容）,https://www.pref.hokkaido.lg.jp/hf/shf/ko-chin.html,30ca9932a8c5f74d
北海道,製菓・パン,パン,新ひだか町就労サポートセンターちあふる,,,未突合,unmatched,,,公表データ,北海道 工賃実績（主な作業内容）,https://www.pref.hokkaido.lg.jp/hf/shf/ko-chin.html,
北海道,製菓・パン,パン,株式会社とかちサポーターズ,,0114602600,突合済み,pref+city+name,株式会社とかちサポーターズ,帯広市,公表データ,北海道 工賃実績（主な作業内容）,https://www.pref.hokkaido.lg.jp/hf/shf/ko-chin.html,51256ad37a635702
北海道,製菓・パン,パン,活動支援施設あけぼの,,0113500763,突合済み,pref+city+name,活動支援施設　あけぼの,室蘭市,公表データ,北海道 工賃実績（主な作業内容）,https://www.pref.hokkaido.lg.jp/hf/shf/ko-chin.html,5a5927a6bb40eaf5
北海道,製菓・パン,パン,滝川新生園,,0117500322,突合済み,pref+city+name,滝川新生園,滝川市,公表データ,北海道 工賃実績（主な作業内容）,https://www.pref.hokkaido.lg.jp/hf/shf/ko-chin.html,1e53b11dd64220a0
北海道,製菓・パン,パン,特定非営利活動法人 せたな共同作業所 ふれんど,,0111700233,突合済み,pref+city+name,特定非営利活動法人　せたな共同作業所ふれんど,久遠郡せたな町,公表データ,北海道 工賃実績（主な作業内容）,https://www.pref.hokkaido.lg.jp/hf/shf/ko-chin.html,eb4740615ff4db1b
北海道,製菓・パン,パン,福の木,,,未突合,unmatched,,,公表データ,北海道 工賃実績（主な作業内容）,https://www.pref.hokkaido.lg.jp/hf/shf/ko-chin.html,
北海道,製菓・パン,パン,福祉サービス事業所 笑心。,,0114701519,突合済み,pref+city+name,福祉サービス事業所　笑心。,中川郡幕別町,公表データ,北海道 工賃実績（主な作業内容）,https://www.pref.hokkaido.lg.jp/hf/shf/ko-chin.html,7a1aefc636c32707
北海道,製菓・パン,パン,美しの森,,0110501210,突合済み,pref+city+name,美しの森,札幌市清田区,公表データ,北海道 工賃実績（主な作業内容）,https://www.pref.hokkaido.lg.jp/hf/shf/ko-chin.html,a09b0d0bdbd15e45
北海道,製菓・パン,パン,聴覚障害者支援センターほほえみ作業所,,0110503554,突合済み,pref+city+name,聴覚障害者支援センターほほえみ作業所,札幌市白石区,公表データ,北海道 工賃実績（主な作業内容）,https://www.pref.hokkaido.lg.jp/hf/shf/ko-chin.html,0b415e9b4d56f5a3
北海道,製菓・パン,パン,障がい福祉サービス事業所 オークル,,,未突合,unmatched,,,公表データ,北海道 工賃実績（主な作業内容）,https://www.pref.hokkaido.lg.jp/hf/shf/ko-chin.html,
北海道,製菓・パン,パン,障がい福祉サービス事業所あいねっと,,0113100432,突合済み,pref+city+name,障がい福祉サービス事業所　あいねっと,上川郡愛別町,公表データ,北海道 工賃実績（主な作業内容）,https://www.pref.hokkaido.lg.jp/hf/shf/ko-chin.html,fd7a0ab08c4c8d2e
北海道,製菓・パン,パン,障がい者支援施設あっぷ,,0110200870,突合済み,pref+city+name,障がい者支援施設　あっぷ,札幌市西区,公表データ,北海道 工賃実績（主な作業内容）,https://www.pref.hokkaido.lg.jp/hf/shf/ko-chin.html,10488b5bb56499c0
北海道,製菓・パン,パン,障害福祉サービス事業所i・box,,0113700561,突合済み,pref+city+name,障害福祉サービス事業所　ⅰ・ｂｏｘ,伊達市,公表データ,北海道 工賃実績（主な作業内容）,https://www.pref.hokkaido.lg.jp/hf/shf/ko-chin.html,2652e4e6e05b3754
北海道,農業,農業,ChipS Life,,0114602477,突合済み,pref+city+name,ChipS Life,帯広市,公表データ,北海道 工賃実績（主な作業内容）,https://www.pref.hokkaido.lg.jp/hf/shf/ko-chin.html,d3dfb0bd2a89d2a7
北海道,農業,農業,Farm Agricola,,0111001269,突合済み,pref+city+name,Ｆａｒｍ　Ａｇｒｉｃｏｌａ,石狩郡当別町,公表データ,北海道 工賃実績（主な作業内容）,https://www.pref.hokkaido.lg.jp/hf/shf/ko-chin.html,fc22ca23d9aaff2a
北海道,農業,農業,MKプロデュース,,,未突合,ambiguous,,,公表データ,北海道 工賃実績（主な作業内容）,https://www.pref.hokkaido.lg.jp/hf/shf/ko-chin.html,
北海道,農業,農業,NOVAS,,0111200457,突合済み,pref+city+name,NOVAS,恵庭市,公表データ,北海道 工賃実績（主な作業内容）,https://www.pref.hokkaido.lg.jp/hf/shf/ko-chin.html,324c897da4d9bfdc
北海道,農業,農業,TomoWork,,0110600558,突合済み,pref+city+name,Ｔｏｍｏ　Ｗｏｒｋ,札幌市南区,公表データ,北海道 工賃実績（主な作業内容）,https://www.pref.hokkaido.lg.jp/hf/shf/ko-chin.html,8c14b4309abd308c
北海道,農業,農業,あいのさとワークセンター,,0110203791,突合済み,pref+city+name,あいのさとワークセンター,札幌市北区,公表データ,北海道 工賃実績（主な作業内容）,https://www.pref.hokkaido.lg.jp/hf/shf/ko-chin.html,ec6fe2b9889f46ca
北海道,農業,農業,おしま菌床きのこセンター,,0111500492,突合済み,pref+city+name,おしま菌床きのこセンター,北斗市,公表データ,北海道 工賃実績（主な作業内容）,https://www.pref.hokkaido.lg.jp/hf/shf/ko-chin.html,8e8664ba702d7572
北海道,農業,農業,ぎるどアース,,0112909601,突合済み,pref+city+name,ぎるどアース,旭川市,公表データ,北海道 工賃実績（主な作業内容）,https://www.pref.hokkaido.lg.jp/hf/shf/ko-chin.html,802a6a6b31d73e5f
北海道,農業,農業,ぐろーあっぷベースやまびこ,,,未突合,unmatched,,,公表データ,北海道 工賃実績（主な作業内容）,https://www.pref.hokkaido.lg.jp/hf/shf/ko-chin.html,
北海道,農業,農業,こうずみ,,0112500392,突合済み,pref+city+name,こうずみ,余市郡余市町,公表データ,北海道 工賃実績（主な作業内容）,https://www.pref.hokkaido.lg.jp/hf/shf/ko-chin.html,1b7afe892f06a3a2
北海道,農業,農業,こぶし作業所,,0114100894,突合済み,pref+city+name,こぶし作業所,釧路市,公表データ,北海道 工賃実績（主な作業内容）,https://www.pref.hokkaido.lg.jp/hf/shf/ko-chin.html,8e122eb547f12e7e
北海道,農業,農業,しいたけファクトリー,,0110202926,突合済み,pref+city+name,しいたけファクトリー,札幌市北区,公表データ,北海道 工賃実績（主な作業内容）,https://www.pref.hokkaido.lg.jp/hf/shf/ko-chin.html,3548b741834b699b
北海道,農業,農業,すてっぷ,,0110204039,突合済み,pref+city+name,すてっぷ,札幌市北区,公表データ,北海道 工賃実績（主な作業内容）,https://www.pref.hokkaido.lg.jp/hf/shf/ko-chin.html,647ad3c48007ee1e
北海道,農業,農業,たつかーむ,,0113700629,突合済み,pref+city+name,たつかーむ,有珠郡壮瞥町,公表データ,北海道 工賃実績（主な作業内容）,https://www.pref.hokkaido.lg.jp/hf/shf/ko-chin.html,fa19f654e97f8030
北海道,農業,農業,とれたってマルシェ,,0117600395,突合済み,pref+city+name,とれたってマルシェ,石狩市,公表データ,北海道 工賃実績（主な作業内容）,https://www.pref.hokkaido.lg.jp/hf/shf/ko-chin.html,b0f6cc11695ad0a2
北海道,農業,農業,とれたってマルシェ,,0117600395,突合済み,pref+city+name,とれたってマルシェ,石狩市,公表データ,北海道 工賃実績（主な作業内容）,https://www.pref.hokkaido.lg.jp/hf/shf/ko-chin.html,b0f6cc11695ad0a2
北海道,農業,農業,とわ北斗,,0113100531,突合済み,pref+city+name,とわ北斗,上川郡鷹栖町,公表データ,北海道 工賃実績（主な作業内容）,https://www.pref.hokkaido.lg.jp/hf/shf/ko-chin.html,d514dcc364416a5d
北海道,農業,農業,なないろファクトリー,,0111501524,突合済み,pref+city+name,なないろファクトリー,亀田郡七飯町,公表データ,北海道 工賃実績（主な作業内容）,https://www.pref.hokkaido.lg.jp/hf/shf/ko-chin.html,7c91f07ad3130806
北海道,農業,農業,のんき工房,,0114300320,突合済み,pref+city+name,のんき工房,阿寒郡鶴居村,公表データ,北海道 工賃実績（主な作業内容）,https://www.pref.hokkaido.lg.jp/hf/shf/ko-chin.html,417e6fcfdc5cc08c
北海道,農業,農業,のんき村,,0114300072,突合済み,pref+city+name,のんき村,厚岸郡厚岸町,公表データ,北海道 工賃実績（主な作業内容）,https://www.pref.hokkaido.lg.jp/hf/shf/ko-chin.html,af1e54c23c970a2f
北海道,農業,農業,はーべすと,,0112909502,突合済み,pref+city+name,はーべすと,旭川市,公表データ,北海道 工賃実績（主な作業内容）,https://www.pref.hokkaido.lg.jp/hf/shf/ko-chin.html,d83578a7ea062e8b
北海道,農業,農業,ひらき,,,未突合,unmatched,,,公表データ,北海道 工賃実績（主な作業内容）,https://www.pref.hokkaido.lg.jp/hf/shf/ko-chin.html,
北海道,農業,農業,ふくろう,,0111501482,突合済み,pref+city+name,ふくろう,北斗市,公表データ,北海道 工賃実績（主な作業内容）,https://www.pref.hokkaido.lg.jp/hf/shf/ko-chin.html,2f4729e09ad455a1
北海道,農業,農業,ふれあいきのこ村,,0117600130,突合済み,pref+city+name,ふれあいきのこ村,石狩市,公表データ,北海道 工賃実績（主な作業内容）,https://www.pref.hokkaido.lg.jp/hf/shf/ko-chin.html,7f58c84dc5972ea2
北海道,農業,農業,ふれあい共同作業所,,0114702293,突合済み,pref+city+name,ふれあい共同作業所,足寄郡陸別町,公表データ,北海道 工賃実績（主な作業内容）,https://www.pref.hokkaido.lg.jp/hf/shf/ko-chin.html,2b7d6d145646f0cc
北海道,農業,農業,みなみな,,,未突合,unmatched,,,公表データ,北海道 工賃実績（主な作業内容）,https://www.pref.hokkaido.lg.jp/hf/shf/ko-chin.html,
北海道,農業,農業,みのりの苑,,0111000436,突合済み,pref+city+name,みのりの苑,石狩郡新篠津村,公表データ,北海道 工賃実績（主な作業内容）,https://www.pref.hokkaido.lg.jp/hf/shf/ko-chin.html,69bc6c850feea587
北海道,農業,農業,むろらんワークセンター岬,,0113500045,突合済み,pref+city+name,むろらんワークセンター　岬,室蘭市,公表データ,北海道 工賃実績（主な作業内容）,https://www.pref.hokkaido.lg.jp/hf/shf/ko-chin.html,ce973e5c246eb683
北海道,農業,農業,もいわサポートセンター,,0110600509,突合済み,pref+city+name,もいわサポートセンター,札幌市南区,公表データ,北海道 工賃実績（主な作業内容）,https://www.pref.hokkaido.lg.jp/hf/shf/ko-chin.html,46c1774a73726bf3
北海道,農業,農業,ゆい・ゆい本舗,,,未突合,city_mismatch,,,公表データ,北海道 工賃実績（主な作業内容）,https://www.pref.hokkaido.lg.jp/hf/shf/ko-chin.html,
北海道,農業,農業,わっずファーム,,,未突合,ambiguous,,,公表データ,北海道 工賃実績（主な作業内容）,https://www.pref.hokkaido.lg.jp/hf/shf/ko-chin.html,
北海道,農業,農業,わーく・ひまわり,,0110502036,突合済み,pref+city+name,わーく・ひまわり,札幌市豊平区,公表データ,北海道 工賃実績（主な作業内容）,https://www.pref.hokkaido.lg.jp/hf/shf/ko-chin.html,8520dc27e5a382ef
北海道,農業,農業,アグリーン妹背牛,,0117400473,突合済み,pref+city+name,アグリーン妹背牛,雨竜郡妹背牛町,公表データ,北海道 工賃実績（主な作業内容）,https://www.pref.hokkaido.lg.jp/hf/shf/ko-chin.html,31a111a78ab795cb
北海道,農業,農業,アップル,,0111200630,突合済み,pref+city+name,アップル,恵庭市,公表データ,北海道 工賃実績（主な作業内容）,https://www.pref.hokkaido.lg.jp/hf/shf/ko-chin.html,c552f5377fda1552
北海道,農業,農業,アルバ小樽,,0112001284,突合済み,pref+city+name,アルバ小樽,小樽市,公表データ,北海道 工賃実績（主な作業内容）,https://www.pref.hokkaido.lg.jp/hf/shf/ko-chin.html,5f016a9d626e569c
北海道,農業,農業,オホーツクきのこの里,,0115300105,突合済み,pref+city+name,オホーツクきのこの里,網走市,公表データ,北海道 工賃実績（主な作業内容）,https://www.pref.hokkaido.lg.jp/hf/shf/ko-chin.html,d2ce43ed4e95eaab
北海道,農業,農業,ココスマイル,,,未突合,unmatched,,,公表データ,北海道 工賃実績（主な作業内容）,https://www.pref.hokkaido.lg.jp/hf/shf/ko-chin.html,
北海道,農業,農業,コムズファーム,,0117600403,突合済み,pref+city+name,コムズファーム,石狩市,公表データ,北海道 工賃実績（主な作業内容）,https://www.pref.hokkaido.lg.jp/hf/shf/ko-chin.html,83b9db225deb0d2e
北海道,農業,農業,サポートセンターユリーカ,,0111100657,突合済み,pref+city+name,サポートセンターユリーカ,千歳市,公表データ,北海道 工賃実績（主な作業内容）,https://www.pref.hokkaido.lg.jp/hf/shf/ko-chin.html,ba23ec36aab41bdd
北海道,農業,農業,シッポファーレ！,,0114101215,突合済み,pref+city+name,シッポファーレ！,釧路市,公表データ,北海道 工賃実績（主な作業内容）,https://www.pref.hokkaido.lg.jp/hf/shf/ko-chin.html,d7299f6b56e2729c
北海道,農業,農業,ジェニアル空知,,0116100504,突合済み,pref+city+name,ジェニアル空知,美唄市,公表データ,北海道 工賃実績（主な作業内容）,https://www.pref.hokkaido.lg.jp/hf/shf/ko-chin.html,2c1c8394582bffaf
北海道,農業,農業,ジョブタス旭川大雪事業所,,,未突合,unmatched,,,公表データ,北海道 工賃実績（主な作業内容）,https://www.pref.hokkaido.lg.jp/hf/shf/ko-chin.html,
北海道,農業,農業,ジョブタス砂川事業所,,0117100735,突合済み,pref+city+name,ジョブタス砂川事業所,砂川市,公表データ,北海道 工賃実績（主な作業内容）,https://www.pref.hokkaido.lg.jp/hf/shf/ko-chin.html,96d6fbe3658c2014
北海道,農業,農業,ジョブハウス勇気,,0111401766,突合済み,pref+city+name,ジョブハウス勇気,函館市,公表データ,北海道 工賃実績（主な作業内容）,https://www.pref.hokkaido.lg.jp/hf/shf/ko-chin.html,7f74df3805c54a78
北海道,農業,農業,ジョブロジック新さっぽろ,,0110800117,突合済み,pref+city+name,ジョブロジック新さっぽろ,札幌市厚別区,公表データ,北海道 工賃実績（主な作業内容）,https://www.pref.hokkaido.lg.jp/hf/shf/ko-chin.html,692ef3d1b82a1aa9
北海道,農業,農業,スリーエフ,,0112908843,突合済み,pref+city+name,スリーエフ,旭川市,公表データ,北海道 工賃実績（主な作業内容）,https://www.pref.hokkaido.lg.jp/hf/shf/ko-chin.html,48210d0eb9d1197f
北海道,農業,農業,セルプ フロイデ,,0112907159,突合済み,pref+city+name,セルプ　フロイデ,旭川市,公表データ,北海道 工賃実績（主な作業内容）,https://www.pref.hokkaido.lg.jp/hf/shf/ko-chin.html,6b1ca5895d612392
北海道,農業,農業,セルプ 豊里,,0112906268,突合済み,pref+city+name,セルプ　豊里,旭川市,公表データ,北海道 工賃実績（主な作業内容）,https://www.pref.hokkaido.lg.jp/hf/shf/ko-chin.html,98f5caf1b82e0fff
北海道,農業,農業,トラヴァイユ・それいゆ,,0110300407,突合済み,pref+city+name,トラヴァイユ・それいゆ,札幌市東区,公表データ,北海道 工賃実績（主な作業内容）,https://www.pref.hokkaido.lg.jp/hf/shf/ko-chin.html,dfa180b11abd9542
北海道,農業,農業,ノウフクベース当別,,,未突合,unmatched,,,公表データ,北海道 工賃実績（主な作業内容）,https://www.pref.hokkaido.lg.jp/hf/shf/ko-chin.html,
北海道,農業,農業,ノウフクベース当別,,,未突合,unmatched,,,公表データ,北海道 工賃実績（主な作業内容）,https://www.pref.hokkaido.lg.jp/hf/shf/ko-chin.html,
北海道,農業,農業,ハートステーション網走,,0115300709,突合済み,pref+city+name,ハートステーション網走,網走市,公表データ,北海道 工賃実績（主な作業内容）,https://www.pref.hokkaido.lg.jp/hf/shf/ko-chin.html,a7a3355c91dbcb67
北海道,農業,農業,ビーアライブ,,,未突合,unmatched,,,公表データ,北海道 工賃実績（主な作業内容）,https://www.pref.hokkaido.lg.jp/hf/shf/ko-chin.html,
北海道,農業,農業,フロンティア登別,,0113500623,突合済み,pref+city+name,フロンティア登別,登別市,公表データ,北海道 工賃実績（主な作業内容）,https://www.pref.hokkaido.lg.jp/hf/shf/ko-chin.html,c985c7e96f6c54fd
北海道,農業,農業,マルハチ急行(株)福祉事業部サークルエイト,,,未突合,unmatched,,,公表データ,北海道 工賃実績（主な作業内容）,https://www.pref.hokkaido.lg.jp/hf/shf/ko-chin.html,
北海道,農業,農業,ラインズ手稲,,0110901212,突合済み,pref+city+name,ラインズ手稲,札幌市手稲区,公表データ,北海道 工賃実績（主な作業内容）,https://www.pref.hokkaido.lg.jp/hf/shf/ko-chin.html,94549d8ca1724a89
北海道,農業,農業,ラインズ白石,,0110404423,突合済み,pref+city+name,ラインズ白石,札幌市白石区,公表データ,北海道 工賃実績（主な作業内容）,https://www.pref.hokkaido.lg.jp/hf/shf/ko-chin.html,bf92dbc16e7e96e0
北海道,農業,農業,ラインズ麻生,,0110204351,突合済み,pref+city+name,ラインズ麻生,札幌市北区,公表データ,北海道 工賃実績（主な作業内容）,https://www.pref.hokkaido.lg.jp/hf/shf/ko-chin.html,7d94b331e1f38018
北海道,農業,農業,レガリス大通,,0110104528,突合済み,pref+city+name,レガリス大通,札幌市中央区,公表データ,北海道 工賃実績（主な作業内容）,https://www.pref.hokkaido.lg.jp/hf/shf/ko-chin.html,925ba3b4a4055f99
北海道,農業,農業,ワンダホープ,,0110404134,突合済み,pref+city+name,ワンダホープ,札幌市白石区,公表データ,北海道 工賃実績（主な作業内容）,https://www.pref.hokkaido.lg.jp/hf/shf/ko-chin.html,7064d1068f975f50
北海道,農業,農業,ワークサポートフレンズ,,0113100408,突合済み,pref+city+name,ワークサポート　フレンズ,上川郡比布町,公表データ,北海道 工賃実績（主な作業内容）,https://www.pref.hokkaido.lg.jp/hf/shf/ko-chin.html,58776cadd8978db9
北海道,農業,農業,ワークショップどり～夢,,,未突合,unmatched,,,公表データ,北海道 工賃実績（主な作業内容）,https://www.pref.hokkaido.lg.jp/hf/shf/ko-chin.html,
北海道,農業,農業,ワークステーション「わくわく」,,0114701949,突合済み,pref+city+name,ワークステーション　「わくわく」,中川郡本別町,公表データ,北海道 工賃実績（主な作業内容）,https://www.pref.hokkaido.lg.jp/hf/shf/ko-chin.html,731836aa5ebf4c3a
北海道,農業,農業,ワークセンターぴぽろ,,0115200214,突合済み,pref+city+name,ワークセンターぴぽろ,網走郡美幌町,公表データ,北海道 工賃実績（主な作業内容）,https://www.pref.hokkaido.lg.jp/hf/shf/ko-chin.html,19e41ed52dfc429f
北海道,農業,農業,ワークセンター株式会社,,0110500063,突合済み,pref+city+name,ワークセンター　株式会社,札幌市南区,公表データ,北海道 工賃実績（主な作業内容）,https://www.pref.hokkaido.lg.jp/hf/shf/ko-chin.html,9f780523c9245c1e
北海道,農業,農業,ワークハウスひまわり,,,未突合,unmatched,,,公表データ,北海道 工賃実績（主な作業内容）,https://www.pref.hokkaido.lg.jp/hf/shf/ko-chin.html,
北海道,農業,農業,ワークランド歌棄,,0112100136,突合済み,pref+city+name,ワークランド歌棄,寿都郡寿都町,公表データ,北海道 工賃実績（主な作業内容）,https://www.pref.hokkaido.lg.jp/hf/shf/ko-chin.html,243061920a0b7038
北海道,農業,農業,上川更生ハイム 末広デイセンター,,0112908454,突合済み,pref+city+name,上川更生ハイム末広デイセンター,旭川市,公表データ,北海道 工賃実績（主な作業内容）,https://www.pref.hokkaido.lg.jp/hf/shf/ko-chin.html,383e4d6f44c04967
北海道,農業,農業,六事化事業所,,0115200354,突合済み,pref+city+name,六事化事業所,網走郡美幌町,公表データ,北海道 工賃実績（主な作業内容）,https://www.pref.hokkaido.lg.jp/hf/shf/ko-chin.html,67cfa2f9c9b1956e
北海道,農業,農業,合同会社 自然農業社,,0113700843,突合済み,pref+city+name,合同会社　自然農業社,有珠郡壮瞥町,公表データ,北海道 工賃実績（主な作業内容）,https://www.pref.hokkaido.lg.jp/hf/shf/ko-chin.html,ecc716dcf6443f20
北海道,農業,農業,地域支援センターライフネットゆうばり,,,未突合,ambiguous,,,公表データ,北海道 工賃実績（主な作業内容）,https://www.pref.hokkaido.lg.jp/hf/shf/ko-chin.html,
北海道,農業,農業,地域自立生活応援センター共生舎,,0110300662,突合済み,pref+city+name,地域自立生活応援センター　共生舎,札幌市東区,公表データ,北海道 工賃実績（主な作業内容）,https://www.pref.hokkaido.lg.jp/hf/shf/ko-chin.html,98f8dd56b735aac6
北海道,農業,農業,多機能型事業所 旭山農志塾,,0114701345,突合済み,pref+city+name,多機能型事業所　旭山農志塾,上川郡清水町,公表データ,北海道 工賃実績（主な作業内容）,https://www.pref.hokkaido.lg.jp/hf/shf/ko-chin.html,9f81597ee14676dc
北海道,農業,農業,多機能型事業所DO,,0116700550,突合済み,pref+city+name,多機能型事業所ＤＯ,枝幸郡中頓別町,公表データ,北海道 工賃実績（主な作業内容）,https://www.pref.hokkaido.lg.jp/hf/shf/ko-chin.html,0c91e5347169aff4
北海道,農業,農業,多機能型事業所Seed,,0110700580,突合済み,pref+city+name,多機能型事業所　Ｓｅｅｄ,札幌市西区,公表データ,北海道 工賃実績（主な作業内容）,https://www.pref.hokkaido.lg.jp/hf/shf/ko-chin.html,a7f09141410563a3
北海道,農業,農業,多機能型事業所Seed,,0110700580,突合済み,pref+city+name,多機能型事業所　Ｓｅｅｄ,札幌市西区,公表データ,北海道 工賃実績（主な作業内容）,https://www.pref.hokkaido.lg.jp/hf/shf/ko-chin.html,a7f09141410563a3
北海道,農業,農業,多機能型事業所リベラ,,,未突合,unmatched,,,公表データ,北海道 工賃実績（主な作業内容）,https://www.pref.hokkaido.lg.jp/hf/shf/ko-chin.html,
北海道,農業,農業,多機能型事業所ワークショップいまかね,,0111700258,突合済み,pref+city+name,多機能型事業所　ワークショップいまかね,瀬棚郡今金町,公表データ,北海道 工賃実績（主な作業内容）,https://www.pref.hokkaido.lg.jp/hf/shf/ko-chin.html,e09d092080327cf9
北海道,農業,農業,多機能型事業所東開町2丁目,,0113602536,突合済み,pref+city+name,多機能型事業所東開町2丁目,苫小牧市,公表データ,北海道 工賃実績（主な作業内容）,https://www.pref.hokkaido.lg.jp/hf/shf/ko-chin.html,b30c1710b87eaeee
北海道,農業,農業,大地のトビラ,,,未突合,unmatched,,,公表データ,北海道 工賃実績（主な作業内容）,https://www.pref.hokkaido.lg.jp/hf/shf/ko-chin.html,
北海道,農業,農業,宝島,,0110205481,突合済み,pref+city+name,宝島,札幌市北区,公表データ,北海道 工賃実績（主な作業内容）,https://www.pref.hokkaido.lg.jp/hf/shf/ko-chin.html,b9ce4a77bae91348
北海道,農業,農業,小春日工房,,0111300471,突合済み,pref+city+name,小春日工房,北広島市,公表データ,北海道 工賃実績（主な作業内容）,https://www.pref.hokkaido.lg.jp/hf/shf/ko-chin.html,594705ff467faad0
北海道,農業,農業,就労支援B型事業所 ikoi,,0114601362,突合済み,pref+city+name,就労支援B型事業所　ikoi,帯広市,公表データ,北海道 工賃実績（主な作業内容）,https://www.pref.hokkaido.lg.jp/hf/shf/ko-chin.html,beda73e22fd81f81
北海道,農業,農業,就労支援センターこんぱす,,0114701063,突合済み,pref+city+name,就労支援センターこんぱす,中川郡池田町,公表データ,北海道 工賃実績（主な作業内容）,https://www.pref.hokkaido.lg.jp/hf/shf/ko-chin.html,a0968ce309be48ce
北海道,農業,農業,就労支援センターすまっしゅ,,0117100420,突合済み,pref+city+name,就労支援センター　すまっしゅ,空知郡奈井江町,公表データ,北海道 工賃実績（主な作業内容）,https://www.pref.hokkaido.lg.jp/hf/shf/ko-chin.html,88be7a0b9fca0fb2
北海道,農業,農業,就労支援センターべべるい,,0111300711,突合済み,pref+city+name,就労支援センターべべるい,北広島市,公表データ,北海道 工賃実績（主な作業内容）,https://www.pref.hokkaido.lg.jp/hf/shf/ko-chin.html,605eb1c0d1a57f9b
北海道,農業,農業,就労支援センターみどりの園,,0114702400,突合済み,pref+city+name,就労支援センターみどりの園,足寄郡陸別町,公表データ,北海道 工賃実績（主な作業内容）,https://www.pref.hokkaido.lg.jp/hf/shf/ko-chin.html,70830c4578eaec61
北海道,農業,農業,就労支援センター天都の杜,,0115300659,突合済み,pref+city+name,就労支援センター天都の杜,網走市,公表データ,北海道 工賃実績（主な作業内容）,https://www.pref.hokkaido.lg.jp/hf/shf/ko-chin.html,77f64144dfe799dd
北海道,農業,農業,就労支援センター手と手,,0110506177,突合済み,pref+city+name,就労支援センター　手と手,札幌市豊平区,公表データ,北海道 工賃実績（主な作業内容）,https://www.pref.hokkaido.lg.jp/hf/shf/ko-chin.html,98aa751a6301a4dd
北海道,農業,農業,就労支援センター青空,,0117400382,突合済み,pref+city+name,就労支援センター青空,深川市,公表データ,北海道 工賃実績（主な作業内容）,https://www.pref.hokkaido.lg.jp/hf/shf/ko-chin.html,5ab8410382d829ea
北海道,農業,農業,就労支援事業所 カナエル,,,未突合,unmatched,,,公表データ,北海道 工賃実績（主な作業内容）,https://www.pref.hokkaido.lg.jp/hf/shf/ko-chin.html,
北海道,農業,農業,就労支援事業所 カナエル,,,未突合,unmatched,,,公表データ,北海道 工賃実績（主な作業内容）,https://www.pref.hokkaido.lg.jp/hf/shf/ko-chin.html,
北海道,農業,農業,就労支援事業所 シオル,,0110506821,突合済み,pref+city+name,就労支援事業所　シオル,札幌市南区,公表データ,北海道 工賃実績（主な作業内容）,https://www.pref.hokkaido.lg.jp/hf/shf/ko-chin.html,8df1c8ea49816781
北海道,農業,農業,就労支援事業所 光り園,,0114601420,突合済み,pref+city+name,就労支援事業所　光り園,帯広市,公表データ,北海道 工賃実績（主な作業内容）,https://www.pref.hokkaido.lg.jp/hf/shf/ko-chin.html,d4cc1a8f583ee27e
北海道,農業,農業,就労支援事業所 実の里,,0117400275,突合済み,pref+city+name,就労支援事業所　実の里,雨竜郡雨竜町,公表データ,北海道 工賃実績（主な作業内容）,https://www.pref.hokkaido.lg.jp/hf/shf/ko-chin.html,f2ceaff37a924bd8
北海道,農業,農業,就労支援事業所 帯広はちす園,,0114600984,突合済み,pref+city+name,就労支援事業所　帯広はちす園,帯広市,公表データ,北海道 工賃実績（主な作業内容）,https://www.pref.hokkaido.lg.jp/hf/shf/ko-chin.html,5fc820f3c3bb0e73
北海道,農業,農業,就労支援事業所「ワーク・ステージ」,,,未突合,unmatched,,,公表データ,北海道 工賃実績（主な作業内容）,https://www.pref.hokkaido.lg.jp/hf/shf/ko-chin.html,
北海道,農業,農業,就労支援事業所うしお,,0111501573,突合済み,pref+city+name,就労支援事業所うしお,二海郡八雲町,公表データ,北海道 工賃実績（主な作業内容）,https://www.pref.hokkaido.lg.jp/hf/shf/ko-chin.html,9863a67da30ff6df
北海道,農業,農業,就労支援事業所きずなファーム,,0111501128,突合済み,pref+city+name,就労支援事業所きずなファーム,二海郡八雲町,公表データ,北海道 工賃実績（主な作業内容）,https://www.pref.hokkaido.lg.jp/hf/shf/ko-chin.html,de2354b5987cbc74
北海道,農業,農業,就労支援事業所ぐろーあっぷ西町,,0110701596,突合済み,pref+city+name,就労支援事業所ぐろーあっぷ西町,札幌市西区,公表データ,北海道 工賃実績（主な作業内容）,https://www.pref.hokkaido.lg.jp/hf/shf/ko-chin.html,5ecd2ae39263a817
北海道,農業,農業,就労支援事業所ねくすと,,0113800734,突合済み,pref+city+name,就労支援事業所　ねくすと,沙流郡日高町,公表データ,北海道 工賃実績（主な作業内容）,https://www.pref.hokkaido.lg.jp/hf/shf/ko-chin.html,6cfebcf99a17f21d
北海道,農業,農業,就労支援事業所ゆうゆう,,0110504610,突合済み,pref+city+name,就労支援事業所　ゆうゆう,札幌市白石区,公表データ,北海道 工賃実績（主な作業内容）,https://www.pref.hokkaido.lg.jp/hf/shf/ko-chin.html,c3aa60768c39df76
北海道,農業,農業,就労支援事業所エール,,0111001277,突合済み,pref+city+name,就労支援事業所　エール,江別市,公表データ,北海道 工賃実績（主な作業内容）,https://www.pref.hokkaido.lg.jp/hf/shf/ko-chin.html,94418314dfd8dbbd
北海道,農業,農業,就労支援事業所ノースリーフ,,0113200984,突合済み,pref+city+name,就労支援事業所ノースリーフ,士別市,公表データ,北海道 工賃実績（主な作業内容）,https://www.pref.hokkaido.lg.jp/hf/shf/ko-chin.html,8ceb26a3a8e47aed
北海道,農業,農業,就労支援事業所フィオーレ帯広,,0114602204,突合済み,pref+city+name,就労支援事業所フィオーレ帯広,中川郡幕別町,公表データ,北海道 工賃実績（主な作業内容）,https://www.pref.hokkaido.lg.jp/hf/shf/ko-chin.html,a5a7d007c0efbed7
北海道,農業,農業,就労支援事業所フィオーレ釧路,,,未突合,ambiguous,,,公表データ,北海道 工賃実績（主な作業内容）,https://www.pref.hokkaido.lg.jp/hf/shf/ko-chin.html,
北海道,農業,農業,就労支援継続A型事業所 九神ファームめむろ,,,未突合,unmatched,,,公表データ,北海道 工賃実績（主な作業内容）,https://www.pref.hokkaido.lg.jp/hf/shf/ko-chin.html,
北海道,農業,農業,就労継続B 型事業所 ワーク望,,,未突合,unmatched,,,公表データ,北海道 工賃実績（主な作業内容）,https://www.pref.hokkaido.lg.jp/hf/shf/ko-chin.html,
北海道,農業,農業,就労継続支援A型事業所One’ｓLife,,0117100644,突合済み,pref+city+name,就労継続支援Ａ型事業所　Ｏｎｅ’ｓ　Ｌｉｆｅ,砂川市,公表データ,北海道 工賃実績（主な作業内容）,https://www.pref.hokkaido.lg.jp/hf/shf/ko-chin.html,11d99cd37d28d748
北海道,農業,農業,就労継続支援B フロンティア,,,未突合,unmatched,,,公表データ,北海道 工賃実績（主な作業内容）,https://www.pref.hokkaido.lg.jp/hf/shf/ko-chin.html,
北海道,農業,農業,就労継続支援B型 あらうど,,,未突合,unmatched,,,公表データ,北海道 工賃実績（主な作業内容）,https://www.pref.hokkaido.lg.jp/hf/shf/ko-chin.html,
北海道,農業,農業,就労継続支援B型 さーくるわーく,,,未突合,unmatched,,,公表データ,北海道 工賃実績（主な作業内容）,https://www.pref.hokkaido.lg.jp/hf/shf/ko-chin.html,
北海道,農業,農業,就労継続支援B型 はなび,,0110205366,突合済み,pref+city+name,就労継続支援Ｂ型　はなび,札幌市北区,公表データ,北海道 工賃実績（主な作業内容）,https://www.pref.hokkaido.lg.jp/hf/shf/ko-chin.html,c7ef64126b15083f
北海道,農業,農業,就労継続支援B型プレマハウス,,0110506045,突合済み,pref+city+name,就労継続支援Ｂ型　プレマハウス,札幌市清田区,公表データ,北海道 工賃実績（主な作業内容）,https://www.pref.hokkaido.lg.jp/hf/shf/ko-chin.html,b27d4500e391d1b8
北海道,農業,農業,就労継続支援B型事業所 陽だまり,,,未突合,unmatched,,,公表データ,北海道 工賃実績（主な作業内容）,https://www.pref.hokkaido.lg.jp/hf/shf/ko-chin.html,
北海道,農業,農業,就労継続支援B型事業所CANOW,,0116000068,突合済み,pref+city+name,就労継続支援B型事業所CANOW,三笠市,公表データ,北海道 工賃実績（主な作業内容）,https://www.pref.hokkaido.lg.jp/hf/shf/ko-chin.html,9ed48119709ef601
北海道,農業,農業,就労継続支援B型事業所ONEPIECE,,0111402699,突合済み,pref+city+name,就労継続支援Ｂ型事業所 ONE PIECE,函館市,公表データ,北海道 工賃実績（主な作業内容）,https://www.pref.hokkaido.lg.jp/hf/shf/ko-chin.html,18db4c75568ea219
北海道,農業,農業,就労継続支援B型事業所nanmo.,,0114702434,突合済み,pref+city+name,就労継続支援B型事業所nanmo.,河東郡鹿追町,公表データ,北海道 工賃実績（主な作業内容）,https://www.pref.hokkaido.lg.jp/hf/shf/ko-chin.html,0348a2c533f407b0
北海道,農業,農業,就労継続支援B型事業所すたーりす,,0111001426,突合済み,pref+city+name,就労継続支援B型事業所　すたーりす,江別市,公表データ,北海道 工賃実績（主な作業内容）,https://www.pref.hokkaido.lg.jp/hf/shf/ko-chin.html,7165cc70582d9fe2
北海道,農業,農業,就労継続支援B型事業所そだてらす,,,未突合,unmatched,,,公表データ,北海道 工賃実績（主な作業内容）,https://www.pref.hokkaido.lg.jp/hf/shf/ko-chin.html,
北海道,農業,農業,就労継続支援B型事業所わかば,,,未突合,unmatched,,,公表データ,北海道 工賃実績（主な作業内容）,https://www.pref.hokkaido.lg.jp/hf/shf/ko-chin.html,
北海道,農業,農業,就労継続支援B型事業所イコロン村,,,未突合,unmatched,,,公表データ,北海道 工賃実績（主な作業内容）,https://www.pref.hokkaido.lg.jp/hf/shf/ko-chin.html,
北海道,農業,農業,就労継続支援B型事業所クープア,,,未突合,unmatched,,,公表データ,北海道 工賃実績（主な作業内容）,https://www.pref.hokkaido.lg.jp/hf/shf/ko-chin.html,
北海道,農業,農業,就労継続支援B型事業所シェリー,,0110800869,突合済み,pref+city+name,就労継続支援B型事業所　シェリー,札幌市厚別区,公表データ,北海道 工賃実績（主な作業内容）,https://www.pref.hokkaido.lg.jp/hf/shf/ko-chin.html,31476c35bfd7c7c5
北海道,農業,農業,就労継続支援B型事業所ジョブハウス未来,,0111402491,突合済み,pref+city+name,就労継続支援Ｂ型事業所　ジョブハウス未来,函館市,公表データ,北海道 工賃実績（主な作業内容）,https://www.pref.hokkaido.lg.jp/hf/shf/ko-chin.html,7c636dae1b88198e
北海道,農業,農業,就労継続支援B型事業所ホワイトファルコン,,0110800638,突合済み,pref+city+name,就労継続支援Ｂ型事業所　ホワイトファルコン,札幌市厚別区,公表データ,北海道 工賃実績（主な作業内容）,https://www.pref.hokkaido.lg.jp/hf/shf/ko-chin.html,4a2af90a0b497405
北海道,農業,農業,就労継続支援B型事業所ワークセンター音別,,0114100852,突合済み,pref+city+name,就労継続支援Ｂ型事業所　ワークセンター音別,釧路市,公表データ,北海道 工賃実績（主な作業内容）,https://www.pref.hokkaido.lg.jp/hf/shf/ko-chin.html,544e2ce887a5b89c
北海道,農業,農業,就労継続支援B型事業所型事業所 クルハウス,,,未突合,unmatched,,,公表データ,北海道 工賃実績（主な作業内容）,https://www.pref.hokkaido.lg.jp/hf/shf/ko-chin.html,
北海道,農業,農業,就労継続支援B型事業所稚内市北光園,,0116700618,突合済み,pref+city+name,就労継続支援Ｂ型事業所稚内市北光園,稚内市,公表データ,北海道 工賃実績（主な作業内容）,https://www.pref.hokkaido.lg.jp/hf/shf/ko-chin.html,6c6bc061a252d6b1
北海道,農業,農業,就労継続支援多機能型事業所Seed,,0111001541,突合済み,pref+city+name,就労継続支援多機能型事業所Seed,石狩郡当別町,公表データ,北海道 工賃実績（主な作業内容）,https://www.pref.hokkaido.lg.jp/hf/shf/ko-chin.html,711698991064212a
北海道,農業,農業,就労継続支援多機能型事業所Seed,,0111001541,突合済み,pref+city+name,就労継続支援多機能型事業所Seed,石狩郡当別町,公表データ,北海道 工賃実績（主な作業内容）,https://www.pref.hokkaido.lg.jp/hf/shf/ko-chin.html,711698991064212a
北海道,農業,農業,就労継続支援施設月とらいおん,,0113500284,突合済み,pref+city+name,就労継続支援施設月とらいおん,登別市,公表データ,北海道 工賃実績（主な作業内容）,https://www.pref.hokkaido.lg.jp/hf/shf/ko-chin.html,3b0b7c143f93ba98
北海道,農業,農業,就労継続支援Ｂ型事業所 卵らん,,,未突合,unmatched,,,公表データ,北海道 工賃実績（主な作業内容）,https://www.pref.hokkaido.lg.jp/hf/shf/ko-chin.html,
北海道,農業,農業,就労継続支援Ｂ型事業所 安心生産農園,,,未突合,unmatched,,,公表データ,北海道 工賃実績（主な作業内容）,https://www.pref.hokkaido.lg.jp/hf/shf/ko-chin.html,
北海道,農業,農業,就労継続支援Ｂ型事業所 御影農志塾,,0114701600,突合済み,pref+city+name,就労継続支援Ｂ型事業所　御影農志塾,上川郡清水町,公表データ,北海道 工賃実績（主な作業内容）,https://www.pref.hokkaido.lg.jp/hf/shf/ko-chin.html,fd467eae8a4d6f7a
北海道,農業,農業,就労継続支援Ｂ型事業所それいゆ,,0117100651,突合済み,pref+city+name,就労継続支援Ｂ型事業所　それいゆ,空知郡上砂川町,公表データ,北海道 工賃実績（主な作業内容）,https://www.pref.hokkaido.lg.jp/hf/shf/ko-chin.html,674c246cd924b229
北海道,農業,農業,就労継続支援Ｂ型事業所ワークランドかっこう,,,未突合,unmatched,,,公表データ,北海道 工賃実績（主な作業内容）,https://www.pref.hokkaido.lg.jp/hf/shf/ko-chin.html,
北海道,農業,農業,工房むぎ,,0110901600,突合済み,pref+city+name,工房むぎ,札幌市清田区,公表データ,北海道 工賃実績（主な作業内容）,https://www.pref.hokkaido.lg.jp/hf/shf/ko-chin.html,0c7072ebefd29e80
北海道,農業,農業,帯広ケア・センター,,,未突合,unmatched,,,公表データ,北海道 工賃実績（主な作業内容）,https://www.pref.hokkaido.lg.jp/hf/shf/ko-chin.html,
北海道,農業,農業,幕別あすなろ会,,0114701022,突合済み,pref+city+name,幕別あすなろ会,中川郡幕別町,公表データ,北海道 工賃実績（主な作業内容）,https://www.pref.hokkaido.lg.jp/hf/shf/ko-chin.html,e12719d6ccd465c9
北海道,農業,農業,当別町共生型コミュニティ農園ぺこぺこのはたけ,,,未突合,unmatched,,,公表データ,北海道 工賃実績（主な作業内容）,https://www.pref.hokkaido.lg.jp/hf/shf/ko-chin.html,
北海道,農業,農業生産,指定障害福祉サービス事業所サムリブ高岡,,,未突合,unmatched,,,公表データ,北海道 工賃実績（主な作業内容）,https://www.pref.hokkaido.lg.jp/hf/shf/ko-chin.html,
北海道,農業,地域協働作業（農作業他）,指定障害福祉サービス事業所サムリブ高岡,,,未突合,unmatched,,,公表データ,北海道 工賃実績（主な作業内容）,https://www.pref.hokkaido.lg.jp/hf/shf/ko-chin.html,
北海道,農業,農業,新ひだか町コミュニティハウスしずない,,,未突合,unmatched,,,公表データ,北海道 工賃実績（主な作業内容）,https://www.pref.hokkaido.lg.jp/hf/shf/ko-chin.html,
北海道,農業,農業,新十津川町就労継続支援B型事業所ぴあねっと,,,未突合,unmatched,,,公表データ,北海道 工賃実績（主な作業内容）,https://www.pref.hokkaido.lg.jp/hf/shf/ko-chin.html,
北海道,農業,農業,旭川福祉園,,0112907175,突合済み,pref+city+name,旭川福祉園,旭川市,公表データ,北海道 工賃実績（主な作業内容）,https://www.pref.hokkaido.lg.jp/hf/shf/ko-chin.html,8c2263d43efae41d
北海道,農業,農業,有限会社くさなぎ農園,,0114601941,突合済み,pref+city+name,有限会社くさなぎ農園,帯広市,公表データ,北海道 工賃実績（主な作業内容）,https://www.pref.hokkaido.lg.jp/hf/shf/ko-chin.html,1b5d2a4027bcede5
北海道,農業,農業,東米里しいたけ村,,0110500410,突合済み,pref+city+name,東米里しいたけ村,札幌市白石区,公表データ,北海道 工賃実績（主な作業内容）,https://www.pref.hokkaido.lg.jp/hf/shf/ko-chin.html,eee740561cece400
北海道,農業,農業,東米里菌床センター,,0110504628,突合済み,pref+city+name,東米里菌床センター,札幌市白石区,公表データ,北海道 工賃実績（主な作業内容）,https://www.pref.hokkaido.lg.jp/hf/shf/ko-chin.html,37efafb9e0ddb423
北海道,農業,農業,株式会社タスカル,,0110203163,突合済み,pref+city+name,株式会社　タスカル,札幌市北区,公表データ,北海道 工賃実績（主な作業内容）,https://www.pref.hokkaido.lg.jp/hf/shf/ko-chin.html,c59e8fa2d7013866
北海道,農業,農業,湘南しいたけ,,,未突合,unmatched,,,公表データ,北海道 工賃実績（主な作業内容）,https://www.pref.hokkaido.lg.jp/hf/shf/ko-chin.html,
北海道,農業,農業,特定非営利活動法人 さらら壮瞥,,0113700686,突合済み,pref+city+name,特定非営利活動法人さらら壮瞥,有珠郡壮瞥町,公表データ,北海道 工賃実績（主な作業内容）,https://www.pref.hokkaido.lg.jp/hf/shf/ko-chin.html,8bbcf2791bb63f6d
北海道,農業,農業,特定非営利活動法人余市はまなす,,0112500368,突合済み,pref+city+name,特定非営利活動法人　余市はまなす,余市郡余市町,公表データ,北海道 工賃実績（主な作業内容）,https://www.pref.hokkaido.lg.jp/hf/shf/ko-chin.html,04d13ef6d75be695
北海道,農業,農業,留萌ふれあいの家,,,未突合,unmatched,,,公表データ,北海道 工賃実績（主な作業内容）,https://www.pref.hokkaido.lg.jp/hf/shf/ko-chin.html,
北海道,農業,農業,百年の森 函館駅前,,0111402301,突合済み,pref+city+name,百年の森 函館駅前,函館市,公表データ,北海道 工賃実績（主な作業内容）,https://www.pref.hokkaido.lg.jp/hf/shf/ko-chin.html,9852b2b0f55447b0
北海道,農業,農業,砂川市つむぎの家,,0117100412,突合済み,pref+city+name,砂川市つむぎの家,砂川市,公表データ,北海道 工賃実績（主な作業内容）,https://www.pref.hokkaido.lg.jp/hf/shf/ko-chin.html,e518c936e979c581
北海道,農業,農業,花ファクトリーあけぼの,,0113500771,突合済み,pref+city+name,花ファクトリーあけぼの,室蘭市,公表データ,北海道 工賃実績（主な作業内容）,https://www.pref.hokkaido.lg.jp/hf/shf/ko-chin.html,262b13c72045e589
北海道,農業,農業,菓子工房笑くぼ,,0111000634,突合済み,pref+city+name,菓子工房　笑くぼ,江別市,公表データ,北海道 工賃実績（主な作業内容）,https://www.pref.hokkaido.lg.jp/hf/shf/ko-chin.html,d2e43827e3862405
北海道,農業,農業,陽だまり,,0113200893,突合済み,pref+city+name,陽だまり,名寄市,公表データ,北海道 工賃実績（主な作業内容）,https://www.pref.hokkaido.lg.jp/hf/shf/ko-chin.html,089f660a789b7b02
北海道,農業,農業,障がい福祉サービス事業所 北愛館,,,未突合,unmatched,,,公表データ,北海道 工賃実績（主な作業内容）,https://www.pref.hokkaido.lg.jp/hf/shf/ko-chin.html,
北海道,農業,農業,障がい福祉サービス事業所 美々川デイセンター,,0113600126,突合済み,pref+city+name,障がい福祉サービス事業所美々川デイセンター,苫小牧市,公表データ,北海道 工賃実績（主な作業内容）,https://www.pref.hokkaido.lg.jp/hf/shf/ko-chin.html,8d9155d8d0c2e3c0
北海道,農業,農業,障がい者自立支援事業所エスポワール,,0113500813,突合済み,pref+city+name,障がい者自立支援事業所　エスポワール,室蘭市,公表データ,北海道 工賃実績（主な作業内容）,https://www.pref.hokkaido.lg.jp/hf/shf/ko-chin.html,b8aa4d6ab4e99a16
北海道,農業,農業,障害福祉サービスほっぷ,,0111402384,突合済み,pref+city+name,障害福祉サービス　ほっぷ,函館市,公表データ,北海道 工賃実績（主な作業内容）,https://www.pref.hokkaido.lg.jp/hf/shf/ko-chin.html,49a99bbfc96ecc67
北海道,農業,農業,障害福祉サービス多機能型事業所デイセンター芽ぐみ野,,0113000343,突合済み,pref+city+name,障害福祉サービス多機能型事業所　デイセンター芽ぐみ野,富良野市,公表データ,北海道 工賃実績（主な作業内容）,https://www.pref.hokkaido.lg.jp/hf/shf/ko-chin.html,a710cbd347f4d926
北海道,農業,農業,障害者支援施設 根室すずらん学園,,0114200132,突合済み,pref+city+name,障害者支援施設　根室すずらん学園,根室市,公表データ,北海道 工賃実績（主な作業内容）,https://www.pref.hokkaido.lg.jp/hf/shf/ko-chin.html,e94776ae900bd714
北海道,農業,農業,障害者支援施設パシオ,,,未突合,unmatched,,,公表データ,北海道 工賃実績（主な作業内容）,https://www.pref.hokkaido.lg.jp/hf/shf/ko-chin.html,
北海道,農業,農業,青空,,0113800429,突合済み,pref+city+name,青空,浦河郡浦河町,公表データ,北海道 工賃実績（主な作業内容）,https://www.pref.hokkaido.lg.jp/hf/shf/ko-chin.html,fd9072cd522c3368
北海道,農業,農業,青葉,,0112000336,突合済み,pref+city+name,青葉,小樽市,公表データ,北海道 工賃実績（主な作業内容）,https://www.pref.hokkaido.lg.jp/hf/shf/ko-chin.html,5b0a5616fafacf4f
北海道,農業,農業,音羽協働センター,,0114101777,突合済み,pref+city+name,音羽協働センター,釧路市,公表データ,北海道 工賃実績（主な作業内容）,https://www.pref.hokkaido.lg.jp/hf/shf/ko-chin.html,7cb748e47a4a07fa
北海道,農業,農業,風楽里,,0115000309,突合済み,pref+name,風楽里,北見市,公表データ,北海道 工賃実績（主な作業内容）,https://www.pref.hokkaido.lg.jp/hf/shf/ko-chin.html,7edd4d3220d0b98a
北海道,農業,農業,ＩＴ訓練システム「なつ」,,0115001778,突合済み,pref+city+name,ＩＴ訓練システム｢なつ｣,北見市,公表データ,北海道 工賃実績（主な作業内容）,https://www.pref.hokkaido.lg.jp/hf/shf/ko-chin.html,27853a3603e15042
北海道,食品・飲料,食料品・飲料,B型事業所りあん,,0110503844,突合済み,pref+city+name,B型事業所りあん,札幌市白石区,公表データ,北海道 工賃実績（主な作業内容）,https://www.pref.hokkaido.lg.jp/hf/shf/ko-chin.html,dd49df49c593aac2
北海道,食品・飲料,食料品・飲料,MIRAI札幌駅前,,0110103207,突合済み,pref+city+name,ＭＩＲＡＩ　札幌駅前,札幌市中央区,公表データ,北海道 工賃実績（主な作業内容）,https://www.pref.hokkaido.lg.jp/hf/shf/ko-chin.html,16c446dda8d318ef
北海道,食品・飲料,食料品・飲料,MKプロデュース,,,未突合,ambiguous,,,公表データ,北海道 工賃実績（主な作業内容）,https://www.pref.hokkaido.lg.jp/hf/shf/ko-chin.html,
北海道,食品・飲料,食料品・飲料,NOW,,0111001301,突合済み,pref+city+name,ＮＯＷ,江別市,公表データ,北海道 工賃実績（主な作業内容）,https://www.pref.hokkaido.lg.jp/hf/shf/ko-chin.html,36bb3fd9ee721263
北海道,食品・飲料,食料品・飲料,white cube,,0110300555,突合済み,pref+city+name,Ｗｈｉｔｅ　Ｃｕｂｅ,札幌市東区,公表データ,北海道 工賃実績（主な作業内容）,https://www.pref.hokkaido.lg.jp/hf/shf/ko-chin.html,3c036aab16f928ce
北海道,食品・飲料,食料品・飲料,white cube DEEP FRYERS,,0110301561,突合済み,pref+city+name,white cube DEEP FRYERS,札幌市東区,公表データ,北海道 工賃実績（主な作業内容）,https://www.pref.hokkaido.lg.jp/hf/shf/ko-chin.html,5bd699040ef31a26
北海道,食品・飲料,食料品・飲料,あおぞら,,0112500624,突合済み,pref+city+name,あおぞら,余市郡余市町,公表データ,北海道 工賃実績（主な作業内容）,https://www.pref.hokkaido.lg.jp/hf/shf/ko-chin.html,bf885ca618b12948
北海道,食品・飲料,食料品・飲料,あさひ☆みらい,,,未突合,ambiguous,,,公表データ,北海道 工賃実績（主な作業内容）,https://www.pref.hokkaido.lg.jp/hf/shf/ko-chin.html,
北海道,食品・飲料,食料品・飲料,あすなろアクティビティセンター,,0111600193,突合済み,pref+city+name,あすなろアクティビティセンター,檜山郡江差町,公表データ,北海道 工賃実績（主な作業内容）,https://www.pref.hokkaido.lg.jp/hf/shf/ko-chin.html,c1fcc0a27ea9cc77
北海道,食品・飲料,食料品・飲料,あすなろケータリングセンター,,0111600219,突合済み,pref+city+name,あすなろケータリングセンター,檜山郡江差町,公表データ,北海道 工賃実績（主な作業内容）,https://www.pref.hokkaido.lg.jp/hf/shf/ko-chin.html,b37d2880cab755bb
北海道,食品・飲料,食料品・飲料,おにぎり屋ぱぐ,,0114102064,突合済み,pref+city+name,おにぎり屋　ぱぐ,釧路市,公表データ,北海道 工賃実績（主な作業内容）,https://www.pref.hokkaido.lg.jp/hf/shf/ko-chin.html,421e74688457df8f
北海道,食品・飲料,食料品・飲料,かいせい東川,,0111401279,突合済み,pref+city+name,かいせい東川,函館市,公表データ,北海道 工賃実績（主な作業内容）,https://www.pref.hokkaido.lg.jp/hf/shf/ko-chin.html,5a5c7840c43c90ee
北海道,食品・飲料,食料品・飲料,きっちんどう,,0115700577,突合済み,pref+city+name,きっちんどう,岩見沢市,公表データ,北海道 工賃実績（主な作業内容）,https://www.pref.hokkaido.lg.jp/hf/shf/ko-chin.html,2a84508de6eb5b47
北海道,食品・飲料,食料品・飲料,きょうどう,,0112500152,突合済み,pref+city+name,きょうどう,古平郡古平町,公表データ,北海道 工賃実績（主な作業内容）,https://www.pref.hokkaido.lg.jp/hf/shf/ko-chin.html,c529667e776c24b3
北海道,食品・飲料,食料品・飲料,くおーる,,0110901238,突合済み,pref+city+name,くおーる,札幌市清田区,公表データ,北海道 工賃実績（主な作業内容）,https://www.pref.hokkaido.lg.jp/hf/shf/ko-chin.html,3164b1733e24e53c
北海道,食品・飲料,食料品・飲料,くるみ,,0114702053,突合済み,pref+city+name,くるみ,河東郡上士幌町,公表データ,北海道 工賃実績（主な作業内容）,https://www.pref.hokkaido.lg.jp/hf/shf/ko-chin.html,80f3eacf763b95a7
北海道,食品・飲料,食料品・飲料,こぶし作業所,,0114100894,突合済み,pref+city+name,こぶし作業所,釧路市,公表データ,北海道 工賃実績（主な作業内容）,https://www.pref.hokkaido.lg.jp/hf/shf/ko-chin.html,8e122eb547f12e7e
北海道,食品・飲料,食料品・飲料,さぽーとカラフル,,0113100796,突合済み,pref+city+name,さぽーとカラフル,上川郡当麻町,公表データ,北海道 工賃実績（主な作業内容）,https://www.pref.hokkaido.lg.jp/hf/shf/ko-chin.html,24f1e4eb19ea8466
北海道,食品・飲料,食料品・飲料,さぽーとセンターこねくと,,0111001624,突合済み,pref+city+name,さぽーとセンターこねくと,江別市,公表データ,北海道 工賃実績（主な作業内容）,https://www.pref.hokkaido.lg.jp/hf/shf/ko-chin.html,d223643aa94d586c
北海道,食品・飲料,食料品・飲料,しろくじら,,0110800703,突合済み,pref+city+name,しろくじら,札幌市厚別区,公表データ,北海道 工賃実績（主な作業内容）,https://www.pref.hokkaido.lg.jp/hf/shf/ko-chin.html,7044fa2cf813aa63
北海道,食品・飲料,食料品・飲料,すてきさん,,0114702475,突合済み,pref+city+name,すてきさん,河西郡更別村,公表データ,北海道 工賃実績（主な作業内容）,https://www.pref.hokkaido.lg.jp/hf/shf/ko-chin.html,b36ceb870b14f576
北海道,食品・飲料,食料品・飲料,すてっぷ,,,未突合,ambiguous,,,公表データ,北海道 工賃実績（主な作業内容）,https://www.pref.hokkaido.lg.jp/hf/shf/ko-chin.html,
北海道,食品・飲料,食料品・飲料,すてっぷ,,,未突合,ambiguous,,,公表データ,北海道 工賃実績（主な作業内容）,https://www.pref.hokkaido.lg.jp/hf/shf/ko-chin.html,
北海道,食品・飲料,食料品・飲料,すまいる946,,0114101587,突合済み,pref+city+name,すまいる９４６,釧路市,公表データ,北海道 工賃実績（主な作業内容）,https://www.pref.hokkaido.lg.jp/hf/shf/ko-chin.html,76bd45caa2bf7f99
北海道,食品・飲料,食料品・飲料,たいよう園,,0115001752,突合済み,pref+city+name,たいよう園,北見市,公表データ,北海道 工賃実績（主な作業内容）,https://www.pref.hokkaido.lg.jp/hf/shf/ko-chin.html,f3518abfdb626d13
北海道,食品・飲料,食料品・飲料,だて地域生活支援センター,,0113700652,突合済み,pref+city+name,だて地域生活支援センター,伊達市,公表データ,北海道 工賃実績（主な作業内容）,https://www.pref.hokkaido.lg.jp/hf/shf/ko-chin.html,f78ef7da3f99f45e
北海道,食品・飲料,食料品・飲料,つなぐプラス,,0113602601,突合済み,pref+city+name,つなぐプラス,白老郡白老町,公表データ,北海道 工賃実績（主な作業内容）,https://www.pref.hokkaido.lg.jp/hf/shf/ko-chin.html,b1f2352ed4497808
北海道,食品・飲料,食料品・飲料,つむぎ,,0115200297,突合済み,pref+city+name,つむぎ,網走郡津別町,公表データ,北海道 工賃実績（主な作業内容）,https://www.pref.hokkaido.lg.jp/hf/shf/ko-chin.html,ae8972c241060a93
北海道,食品・飲料,食料品・飲料,ていね・さくら館,,0110400934,突合済み,pref+city+name,ていね・さくら館,札幌市手稲区,公表データ,北海道 工賃実績（主な作業内容）,https://www.pref.hokkaido.lg.jp/hf/shf/ko-chin.html,4df50140c7405945
北海道,食品・飲料,食料品・飲料,てくてく工房,,0110101110,突合済み,pref+city+name,てくてく工房,札幌市中央区,公表データ,北海道 工賃実績（主な作業内容）,https://www.pref.hokkaido.lg.jp/hf/shf/ko-chin.html,0a1746d9b82e8f04
北海道,食品・飲料,食料品・飲料,とかちアークキッチン,,0114702418,突合済み,pref+city+name,とかちアークキッチン,帯広市,公表データ,北海道 工賃実績（主な作業内容）,https://www.pref.hokkaido.lg.jp/hf/shf/ko-chin.html,e53ae750a584a786
北海道,食品・飲料,食料品・飲料,と・わーくベーカリー,,0115700718,突合済み,pref+name,と・わーくベーカリー,岩見沢市,公表データ,北海道 工賃実績（主な作業内容）,https://www.pref.hokkaido.lg.jp/hf/shf/ko-chin.html,adc6676111f35111
北海道,食品・飲料,食料品・飲料,なないろファクトリー,,0111501524,突合済み,pref+city+name,なないろファクトリー,亀田郡七飯町,公表データ,北海道 工賃実績（主な作業内容）,https://www.pref.hokkaido.lg.jp/hf/shf/ko-chin.html,7c91f07ad3130806
北海道,食品・飲料,食料品・飲料,のぞみ,,0113200521,突合済み,pref+city+name,のぞみ,中川郡美深町,公表データ,北海道 工賃実績（主な作業内容）,https://www.pref.hokkaido.lg.jp/hf/shf/ko-chin.html,1d52b16b8b0321c5
北海道,食品・飲料,食料品・飲料,のんき工房,,0114300320,突合済み,pref+city+name,のんき工房,阿寒郡鶴居村,公表データ,北海道 工賃実績（主な作業内容）,https://www.pref.hokkaido.lg.jp/hf/shf/ko-chin.html,417e6fcfdc5cc08c
北海道,食品・飲料,食料品・飲料,のんき村,,0114300072,突合済み,pref+city+name,のんき村,厚岸郡厚岸町,公表データ,北海道 工賃実績（主な作業内容）,https://www.pref.hokkaido.lg.jp/hf/shf/ko-chin.html,af1e54c23c970a2f
北海道,食品・飲料,食料品・飲料,はしどいライフラボぶるうむ,,0114100878,突合済み,pref+city+name,はしどいライフラボ　ぶるうむ,釧路市,公表データ,北海道 工賃実績（主な作業内容）,https://www.pref.hokkaido.lg.jp/hf/shf/ko-chin.html,a6d3a2d31a7ef7eb
北海道,食品・飲料,食料品・飲料,はたらきもん,,0110103108,突合済み,pref+city+name,はたらきもん,札幌市中央区,公表データ,北海道 工賃実績（主な作業内容）,https://www.pref.hokkaido.lg.jp/hf/shf/ko-chin.html,7608b45737802f07
北海道,食品・飲料,食料品・飲料,はーべすと,,0112909502,突合済み,pref+city+name,はーべすと,旭川市,公表データ,北海道 工賃実績（主な作業内容）,https://www.pref.hokkaido.lg.jp/hf/shf/ko-chin.html,d83578a7ea062e8b
北海道,食品・飲料,食料品・飲料,ひかりぷらす,,,未突合,ambiguous,,,公表データ,北海道 工賃実績（主な作業内容）,https://www.pref.hokkaido.lg.jp/hf/shf/ko-chin.html,
北海道,食品・飲料,食料品・飲料,ひだまり,,0112001441,突合済み,pref+city+name,ひだまり,小樽市,公表データ,北海道 工賃実績（主な作業内容）,https://www.pref.hokkaido.lg.jp/hf/shf/ko-chin.html,310259fdc5b27ed1
北海道,食品・飲料,食料品・飲料,びふか陽だまり,,,未突合,unmatched,,,公表データ,北海道 工賃実績（主な作業内容）,https://www.pref.hokkaido.lg.jp/hf/shf/ko-chin.html,
北海道,食品・飲料,食料品・飲料,ふみだす,,0113700520,突合済み,pref+city+name,ふみだす,伊達市,公表データ,北海道 工賃実績（主な作業内容）,https://www.pref.hokkaido.lg.jp/hf/shf/ko-chin.html,66881fbe4969da09
北海道,食品・飲料,食料品・飲料,ふれあいセンターA・yell,,0110203148,突合済み,pref+city+name,ふれあいセンター　Ａ・ｙｅｌｌ,札幌市北区,公表データ,北海道 工賃実績（主な作業内容）,https://www.pref.hokkaido.lg.jp/hf/shf/ko-chin.html,f7f91c2c467c904c
北海道,食品・飲料,食料品・飲料,ふれあい共同作業所,,0114702293,突合済み,pref+city+name,ふれあい共同作業所,足寄郡陸別町,公表データ,北海道 工賃実績（主な作業内容）,https://www.pref.hokkaido.lg.jp/hf/shf/ko-chin.html,2b7d6d145646f0cc
北海道,食品・飲料,食料品・飲料,ぷらすハート28,,0110102431,突合済み,pref+city+name,ぷらすハート２８,札幌市中央区,公表データ,北海道 工賃実績（主な作業内容）,https://www.pref.hokkaido.lg.jp/hf/shf/ko-chin.html,a0c1b92400bec0dc
北海道,食品・飲料,食料品・飲料,べてる就労サポートセンターベテスダ,,0113800395,突合済み,pref+city+name,べテル就労サポートセンター　ベテスダ,浦河郡浦河町,公表データ,北海道 工賃実績（主な作業内容）,https://www.pref.hokkaido.lg.jp/hf/shf/ko-chin.html,c736db149d2e80b5
北海道,食品・飲料,食料品・飲料,みらい（Mirai),,0112901392,突合済み,pref+city+name,みらい（Ｍｉｒａｉ）,旭川市,公表データ,北海道 工賃実績（主な作業内容）,https://www.pref.hokkaido.lg.jp/hf/shf/ko-chin.html,d50b5559508173b2
北海道,食品・飲料,食料品・飲料,みらころ,,0114102338,突合済み,pref+city+name,みらころ,釧路市,公表データ,北海道 工賃実績（主な作業内容）,https://www.pref.hokkaido.lg.jp/hf/shf/ko-chin.html,c2da42a540e8e2d3
北海道,食品・飲料,食料品・飲料,ゆい・ゆい本舗,,,未突合,city_mismatch,,,公表データ,北海道 工賃実績（主な作業内容）,https://www.pref.hokkaido.lg.jp/hf/shf/ko-chin.html,
北海道,食品・飲料,食料品・飲料,よつばの会,,,未突合,unmatched,,,公表データ,北海道 工賃実績（主な作業内容）,https://www.pref.hokkaido.lg.jp/hf/shf/ko-chin.html,
北海道,食品・飲料,食料品・飲料,らいらっく,,0112907019,突合済み,pref+city+name,らいらっく,旭川市,公表データ,北海道 工賃実績（主な作業内容）,https://www.pref.hokkaido.lg.jp/hf/shf/ko-chin.html,f0fa5cc853f3b476
北海道,食品・飲料,食料品・飲料,らむ北郷,,0110503182,突合済み,pref+city+name,らむ北郷,札幌市白石区,公表データ,北海道 工賃実績（主な作業内容）,https://www.pref.hokkaido.lg.jp/hf/shf/ko-chin.html,75857f270af83d19
北海道,食品・飲料,食料品・飲料,りんくす,,0110700531,突合済み,pref+city+name,りんくす,札幌市西区,公表データ,北海道 工賃実績（主な作業内容）,https://www.pref.hokkaido.lg.jp/hf/shf/ko-chin.html,eb2fb97af1fbb85a
北海道,食品・飲料,食料品・飲料,るくら,,0114601255,突合済み,pref+city+name,るくら,帯広市,公表データ,北海道 工賃実績（主な作業内容）,https://www.pref.hokkaido.lg.jp/hf/shf/ko-chin.html,2786cf72db51694d
北海道,食品・飲料,食料品・飲料,るるワークス,,0111402319,突合済み,pref+city+name,るるワークス,函館市,公表データ,北海道 工賃実績（主な作業内容）,https://www.pref.hokkaido.lg.jp/hf/shf/ko-chin.html,0ce59e9b0fa0e81c
北海道,食品・飲料,食料品・飲料,るんべる,,0113200539,突合済み,pref+city+name,るんべる,士別市,公表データ,北海道 工賃実績（主な作業内容）,https://www.pref.hokkaido.lg.jp/hf/shf/ko-chin.html,ffffa9275d7b1cf2
北海道,食品・飲料,食料品・飲料,ろまんすキッチン,,,未突合,unmatched,,,公表データ,北海道 工賃実績（主な作業内容）,https://www.pref.hokkaido.lg.jp/hf/shf/ko-chin.html,
北海道,食品・飲料,食料品・飲料,わかふじワークセンター,,0114700693,突合済み,pref+city+name,わかふじワークセンター,上川郡新得町,公表データ,北海道 工賃実績（主な作業内容）,https://www.pref.hokkaido.lg.jp/hf/shf/ko-chin.html,3fe9af3b51fd402b
北海道,食品・飲料,食料品・飲料,わかふじ寮,,0114700669,突合済み,pref+city+name,わかふじ寮,上川郡新得町,公表データ,北海道 工賃実績（主な作業内容）,https://www.pref.hokkaido.lg.jp/hf/shf/ko-chin.html,311eecaaf96b2a65
北海道,食品・飲料,食料品・飲料,わくわくワーク函館,,0111402327,突合済み,pref+city+name,わくわくワーク函館,函館市,公表データ,北海道 工賃実績（主な作業内容）,https://www.pref.hokkaido.lg.jp/hf/shf/ko-chin.html,4560c00d87de5813
北海道,食品・飲料,食料品・飲料,わんこっと新道東,,0110300852,突合済み,pref+city+name,わんこっと新道東,札幌市東区,公表データ,北海道 工賃実績（主な作業内容）,https://www.pref.hokkaido.lg.jp/hf/shf/ko-chin.html,caa160f96a06b014
北海道,食品・飲料,食料品・飲料,アップル,,0111200630,突合済み,pref+city+name,アップル,恵庭市,公表データ,北海道 工賃実績（主な作業内容）,https://www.pref.hokkaido.lg.jp/hf/shf/ko-chin.html,c552f5377fda1552
北海道,食品・飲料,食料品・飲料,アルバ小樽,,0112001284,突合済み,pref+city+name,アルバ小樽,小樽市,公表データ,北海道 工賃実績（主な作業内容）,https://www.pref.hokkaido.lg.jp/hf/shf/ko-chin.html,5f016a9d626e569c
北海道,食品・飲料,食料品・飲料,アート工房きらく,,0114100837,突合済み,pref+city+name,アート工房　きらく,釧路市,公表データ,北海道 工賃実績（主な作業内容）,https://www.pref.hokkaido.lg.jp/hf/shf/ko-chin.html,31cfb9177239b0b6
北海道,食品・飲料,食料品・飲料,エリオスSAPPORO,,0110102621,突合済み,pref+city+name,エリオス　ＳＡＰＰＯＲＯ,札幌市中央区,公表データ,北海道 工賃実績（主な作業内容）,https://www.pref.hokkaido.lg.jp/hf/shf/ko-chin.html,5cdc255ff5780eed
北海道,食品・飲料,食料品・飲料,エール生活支援ステーション COCO'K,,,未突合,unmatched,,,公表データ,北海道 工賃実績（主な作業内容）,https://www.pref.hokkaido.lg.jp/hf/shf/ko-chin.html,
北海道,食品・飲料,食料品・飲料,オープンドア,,0110600863,突合済み,pref+city+name,オープンドア,札幌市南区,公表データ,北海道 工賃実績（主な作業内容）,https://www.pref.hokkaido.lg.jp/hf/shf/ko-chin.html,d04b270bc689b441
北海道,食品・飲料,食料品・飲料,クッキーハウス,,0111500484,突合済み,pref+city+name,クッキーハウス,北斗市,公表データ,北海道 工賃実績（主な作業内容）,https://www.pref.hokkaido.lg.jp/hf/shf/ko-chin.html,e1d2bd7401588a14
北海道,食品・飲料,食料品・飲料,クラブハウスコロポックル,,0110502358,突合済み,pref+city+name,クラブハウスコロポックル,札幌市豊平区,公表データ,北海道 工賃実績（主な作業内容）,https://www.pref.hokkaido.lg.jp/hf/shf/ko-chin.html,2d434f3c388964a1
北海道,食品・飲料,食料品・飲料,クレドホテル函館,,0111402004,突合済み,pref+city+name,クレドホテル函館,函館市,公表データ,北海道 工賃実績（主な作業内容）,https://www.pref.hokkaido.lg.jp/hf/shf/ko-chin.html,071a086aa8cbb0a3
北海道,食品・飲料,食料品・飲料,クローバー,,0114601370,突合済み,pref+city+name,クローバー,帯広市,公表データ,北海道 工賃実績（主な作業内容）,https://www.pref.hokkaido.lg.jp/hf/shf/ko-chin.html,2b4bced324919ef5
北海道,食品・飲料,食料品・飲料,クローバーモア,,0114702178,突合済み,pref+city+name,クローバーモア,河西郡更別村,公表データ,北海道 工賃実績（主な作業内容）,https://www.pref.hokkaido.lg.jp/hf/shf/ko-chin.html,75d51ea2ac6ce948
北海道,食品・飲料,食料品・飲料,グラン・ジュテ,,0114102254,突合済み,pref+city+name,グラン・ジュテ,釧路市,公表データ,北海道 工賃実績（主な作業内容）,https://www.pref.hokkaido.lg.jp/hf/shf/ko-chin.html,17abea3feb818df6
北海道,食品・飲料,食料品・飲料,ケアサービス悠心の里 てのひら工房,,,未突合,unmatched,,,公表データ,北海道 工賃実績（主な作業内容）,https://www.pref.hokkaido.lg.jp/hf/shf/ko-chin.html,
北海道,食品・飲料,食料品・飲料,ココロコ十勝,,0114702046,突合済み,pref+city+name,ココロコ十勝,上川郡新得町,公表データ,北海道 工賃実績（主な作業内容）,https://www.pref.hokkaido.lg.jp/hf/shf/ko-chin.html,16c1951ad6536ccb
北海道,食品・飲料,食料品・飲料,コミュニティおとべ,,,未突合,unmatched,,,公表データ,北海道 工賃実績（主な作業内容）,https://www.pref.hokkaido.lg.jp/hf/shf/ko-chin.html,
北海道,食品・飲料,食料品・飲料,コロポックルはこだて,,0111401147,突合済み,pref+city+name,コロポックルはこだて,函館市,公表データ,北海道 工賃実績（主な作業内容）,https://www.pref.hokkaido.lg.jp/hf/shf/ko-chin.html,e9ef72332719d506
北海道,食品・飲料,食料品・飲料,サッポロ珈琲館 珈福セカンド,,,未突合,ambiguous,,,公表データ,北海道 工賃実績（主な作業内容）,https://www.pref.hokkaido.lg.jp/hf/shf/ko-chin.html,
北海道,食品・飲料,食料品・飲料,サポートぱすてる,,0114200512,突合済み,pref+city+name,サポートぱすてる,標津郡中標津町,公表データ,北海道 工賃実績（主な作業内容）,https://www.pref.hokkaido.lg.jp/hf/shf/ko-chin.html,06d5bacfc413717d
北海道,食品・飲料,食料品・飲料,サポートステーションすきっぷ,,0113000293,突合済み,pref+city+name,サポートステーションすきっぷ,富良野市,公表データ,北海道 工賃実績（主な作業内容）,https://www.pref.hokkaido.lg.jp/hf/shf/ko-chin.html,67a97936070f9cdd
北海道,食品・飲料,食料品・飲料,サポートセンターたね,,0112500350,突合済み,pref+city+name,サポートセンターたね,余市郡余市町,公表データ,北海道 工賃実績（主な作業内容）,https://www.pref.hokkaido.lg.jp/hf/shf/ko-chin.html,417a3c1279992b26
北海道,食品・飲料,食料品・飲料,サンアップ函館事業所,,0111402681,突合済み,pref+city+name,サンアップ函館事業所,函館市,公表データ,北海道 工賃実績（主な作業内容）,https://www.pref.hokkaido.lg.jp/hf/shf/ko-chin.html,d67f0e9a25f8a2fc
北海道,食品・飲料,食料品・飲料,サンスマイル,,0110901964,突合済み,pref+city+name,サンスマイル,札幌市清田区,公表データ,北海道 工賃実績（主な作業内容）,https://www.pref.hokkaido.lg.jp/hf/shf/ko-chin.html,8990b67b4bcaced8
北海道,食品・飲料,食料品・飲料,サン・フラワー,,0114100100,突合済み,pref+city+name,サン・フラワー,釧路市,公表データ,北海道 工賃実績（主な作業内容）,https://www.pref.hokkaido.lg.jp/hf/shf/ko-chin.html,4dddb57e24e269a5
北海道,食品・飲料,食料品・飲料,シェアリング和光,,0112000344,突合済み,pref+name,シェアリング和光,小樽市,公表データ,北海道 工賃実績（主な作業内容）,https://www.pref.hokkaido.lg.jp/hf/shf/ko-chin.html,da229327df0dac21
北海道,食品・飲料,食料品・飲料,シゴトベース,,0111401493,突合済み,pref+city+name,シゴトベース,函館市,公表データ,北海道 工賃実績（主な作業内容）,https://www.pref.hokkaido.lg.jp/hf/shf/ko-chin.html,7f8aab062aeb9fbe
北海道,食品・飲料,食料品・飲料,シフォン亭ほやほや,,0110100518,突合済み,pref+city+name,シフォン亭ほやほや,札幌市豊平区,公表データ,北海道 工賃実績（主な作業内容）,https://www.pref.hokkaido.lg.jp/hf/shf/ko-chin.html,a78f97a0dee08455
北海道,食品・飲料,食料品・飲料,ジョブサポートひびき,,0111401295,突合済み,pref+city+name,ジョブサポートひびき,函館市,公表データ,北海道 工賃実績（主な作業内容）,https://www.pref.hokkaido.lg.jp/hf/shf/ko-chin.html,c4c618e411372500
北海道,食品・飲料,食料品・飲料,ジョブタス千歳勇舞事業所,,0111100905,突合済み,pref+city+name,ジョブタス千歳勇舞事業所,千歳市,公表データ,北海道 工賃実績（主な作業内容）,https://www.pref.hokkaido.lg.jp/hf/shf/ko-chin.html,f28b80b443d9cc6d
北海道,食品・飲料,食料品・飲料,ジョブタス南１４条事業所,,0110104700,突合済み,pref+city+name,ジョブタス南１４条事業所,札幌市中央区,公表データ,北海道 工賃実績（主な作業内容）,https://www.pref.hokkaido.lg.jp/hf/shf/ko-chin.html,0bd540d02b70e9b2
北海道,食品・飲料,食料品・飲料,ジョブハウス勇気,,0111401766,突合済み,pref+city+name,ジョブハウス勇気,函館市,公表データ,北海道 工賃実績（主な作業内容）,https://www.pref.hokkaido.lg.jp/hf/shf/ko-chin.html,7f74df3805c54a78
北海道,食品・飲料,食料品・飲料,ジョブハウス心愛,,0110301801,突合済み,pref+city+name,ジョブハウス　心愛,札幌市東区,公表データ,北海道 工賃実績（主な作業内容）,https://www.pref.hokkaido.lg.jp/hf/shf/ko-chin.html,1238886b3d26ddb9
北海道,食品・飲料,食料品・飲料,スタイルとかち,,0114601743,突合済み,pref+name,スタイルとかち,帯広市,公表データ,北海道 工賃実績（主な作業内容）,https://www.pref.hokkaido.lg.jp/hf/shf/ko-chin.html,21fd05e3a9f7881d
北海道,食品・飲料,食料品・飲料,スマイル,,,未突合,ambiguous,,,公表データ,北海道 工賃実績（主な作業内容）,https://www.pref.hokkaido.lg.jp/hf/shf/ko-chin.html,
北海道,食品・飲料,食料品・飲料,セルプ ノイエ,,0112907167,突合済み,pref+city+name,セルプ　ノイエ,旭川市,公表データ,北海道 工賃実績（主な作業内容）,https://www.pref.hokkaido.lg.jp/hf/shf/ko-chin.html,acb0843801a661dd
北海道,食品・飲料,食料品・飲料,ソエル,,0110101912,突合済み,pref+city+name,ソエル,札幌市中央区,公表データ,北海道 工賃実績（主な作業内容）,https://www.pref.hokkaido.lg.jp/hf/shf/ko-chin.html,5543a4010b462de2
北海道,食品・飲料,食料品・飲料,デイセンターばんせい,,0114700727,突合済み,pref+city+name,デイセンター　ばんせい,河東郡音更町,公表データ,北海道 工賃実績（主な作業内容）,https://www.pref.hokkaido.lg.jp/hf/shf/ko-chin.html,eba7732778f9124a
北海道,食品・飲料,食料品・飲料,ノース工房,,0116700592,突合済み,pref+city+name,ノース工房,稚内市,公表データ,北海道 工賃実績（主な作業内容）,https://www.pref.hokkaido.lg.jp/hf/shf/ko-chin.html,deeec932b3c9f119
北海道,食品・飲料,食料品・飲料,ハローENJOY,,0115800419,突合済み,pref+city+name,ハローＥＮＪＯＹ,夕張郡栗山町,公表データ,北海道 工賃実績（主な作業内容）,https://www.pref.hokkaido.lg.jp/hf/shf/ko-chin.html,05e30ee39295ac2a
北海道,食品・飲料,食料品・飲料,ハローENJOYつぎたて５,,0115800377,突合済み,pref+city+name,ハローＥＮＪＯＹつぎたて５,夕張郡栗山町,公表データ,北海道 工賃実績（主な作業内容）,https://www.pref.hokkaido.lg.jp/hf/shf/ko-chin.html,95db5e37011848e2
北海道,食品・飲料,食料品・飲料,ハートシップ南郷,,0110404662,突合済み,pref+city+name,ハートシップ南郷,札幌市白石区,公表データ,北海道 工賃実績（主な作業内容）,https://www.pref.hokkaido.lg.jp/hf/shf/ko-chin.html,7f6901e18e546f2c
北海道,食品・飲料,食料品・飲料,ビーアライブ,,,未突合,unmatched,,,公表データ,北海道 工賃実績（主な作業内容）,https://www.pref.hokkaido.lg.jp/hf/shf/ko-chin.html,
北海道,食品・飲料,食料品・飲料,ビーイング,,0110503901,突合済み,pref+city+name,ビーイング,札幌市豊平区,公表データ,北海道 工賃実績（主な作業内容）,https://www.pref.hokkaido.lg.jp/hf/shf/ko-chin.html,464c8938b0ad9865
北海道,食品・飲料,食料品・飲料,ピア・こすもす,,0112901343,突合済み,pref+city+name,ピア・こすもす,旭川市,公表データ,北海道 工賃実績（主な作業内容）,https://www.pref.hokkaido.lg.jp/hf/shf/ko-chin.html,926a1ce512b7afbe
北海道,食品・飲料,食料品・飲料,フロンティア登別,,0113500623,突合済み,pref+city+name,フロンティア登別,登別市,公表データ,北海道 工賃実績（主な作業内容）,https://www.pref.hokkaido.lg.jp/hf/shf/ko-chin.html,c985c7e96f6c54fd
北海道,食品・飲料,食料品・飲料,ホクノーサポート,,,未突合,unmatched,,,公表データ,北海道 工賃実績（主な作業内容）,https://www.pref.hokkaido.lg.jp/hf/shf/ko-chin.html,
北海道,食品・飲料,食料品・飲料,ホープ,,0110401882,突合済み,pref+city+name,ホープ,札幌市西区,公表データ,北海道 工賃実績（主な作業内容）,https://www.pref.hokkaido.lg.jp/hf/shf/ko-chin.html,958eb4d9658290c6
北海道,食品・飲料,食料品・飲料,マルハチ急行(株)福祉事業部サークルエイト,,,未突合,unmatched,,,公表データ,北海道 工賃実績（主な作業内容）,https://www.pref.hokkaido.lg.jp/hf/shf/ko-chin.html,
北海道,食品・飲料,食料品・飲料,ユメトキボウ,,0110402260,突合済み,pref+city+name,ユメトキボウ,札幌市手稲区,公表データ,北海道 工賃実績（主な作業内容）,https://www.pref.hokkaido.lg.jp/hf/shf/ko-chin.html,c8cfe1c66bbd2cc8
北海道,食品・飲料,食料品・飲料,ユートス,,0112001276,突合済み,pref+city+name,ユートス,小樽市,公表データ,北海道 工賃実績（主な作業内容）,https://www.pref.hokkaido.lg.jp/hf/shf/ko-chin.html,ec298aa38690b4ec
北海道,食品・飲料,食料品・飲料,ライフテンダークオーレ,,0110401635,突合済み,pref+city+name,ライフテンダー　クオーレ,札幌市西区,公表データ,北海道 工賃実績（主な作業内容）,https://www.pref.hokkaido.lg.jp/hf/shf/ko-chin.html,6097d5a0f04994d0
北海道,食品・飲料,食料品・飲料,ラビットファーム,,0111401253,突合済み,pref+city+name,ラビットファーム,函館市,公表データ,北海道 工賃実績（主な作業内容）,https://www.pref.hokkaido.lg.jp/hf/shf/ko-chin.html,3f596ee8b7ee2995
北海道,食品・飲料,食料品・飲料,ラポール,,0110700697,突合済み,pref+name,ラポール,札幌市西区,公表データ,北海道 工賃実績（主な作業内容）,https://www.pref.hokkaido.lg.jp/hf/shf/ko-chin.html,8d0134f7fe407582
北海道,食品・飲料,食料品・飲料,リッジウッド,,0114102635,突合済み,pref+city+name,リッジウッド,釧路市,公表データ,北海道 工賃実績（主な作業内容）,https://www.pref.hokkaido.lg.jp/hf/shf/ko-chin.html,3005112d32f79966
北海道,食品・飲料,食料品・飲料,リンツガーデン,,0114102502,突合済み,pref+city+name,リンツガーデン,釧路市,公表データ,北海道 工賃実績（主な作業内容）,https://www.pref.hokkaido.lg.jp/hf/shf/ko-chin.html,90acc6a39452fbdd
北海道,食品・飲料,食料品・飲料,リンネル,,0110204849,突合済み,pref+city+name,リンネル,札幌市北区,公表データ,北海道 工賃実績（主な作業内容）,https://www.pref.hokkaido.lg.jp/hf/shf/ko-chin.html,b84011f8b536ee26
北海道,食品・飲料,食料品・飲料,ワークサロン虹,,0114600455,突合済み,pref+city+name,ワークサロン虹,帯広市,公表データ,北海道 工賃実績（主な作業内容）,https://www.pref.hokkaido.lg.jp/hf/shf/ko-chin.html,17b0d717203d7854
北海道,食品・飲料,食料品・飲料,ワークショップサンワ,,0110402153,突合済み,pref+city+name,ワークショップサンワ,札幌市西区,公表データ,北海道 工賃実績（主な作業内容）,https://www.pref.hokkaido.lg.jp/hf/shf/ko-chin.html,04161ff75837ea00
北海道,食品・飲料,食料品・飲料,ワークショップ・エンジェル,,0110101052,突合済み,pref+city+name,ワークショップ・エンジェル,札幌市東区,公表データ,北海道 工賃実績（主な作業内容）,https://www.pref.hokkaido.lg.jp/hf/shf/ko-chin.html,1463c0569efd5720
北海道,食品・飲料,食料品・飲料,ワークショップ上野幌,,0110501012,突合済み,pref+city+name,ワークショップ上野幌,札幌市厚別区,公表データ,北海道 工賃実績（主な作業内容）,https://www.pref.hokkaido.lg.jp/hf/shf/ko-chin.html,bab311696b38cd84
北海道,食品・飲料,食料品・飲料,ワークショップ風,,0113200786,突合済み,pref+city+name,ワークショップ風,上川郡剣淵町,公表データ,北海道 工賃実績（主な作業内容）,https://www.pref.hokkaido.lg.jp/hf/shf/ko-chin.html,ee7d425a570a07f6
北海道,食品・飲料,食料品・飲料,ワークステーション「わくわく」,,0114701949,突合済み,pref+city+name,ワークステーション　「わくわく」,中川郡本別町,公表データ,北海道 工賃実績（主な作業内容）,https://www.pref.hokkaido.lg.jp/hf/shf/ko-chin.html,731836aa5ebf4c3a
北海道,食品・飲料,食料品・飲料,ワークスペースファイン,,0111401873,突合済み,pref+city+name,ワークスペースファイン,函館市,公表データ,北海道 工賃実績（主な作業内容）,https://www.pref.hokkaido.lg.jp/hf/shf/ko-chin.html,902aa7729e575060
北海道,食品・飲料,食料品・飲料,ワークセンターえるむ,,0113700199,突合済み,pref+city+name,ワークセンターえるむ,伊達市,公表データ,北海道 工賃実績（主な作業内容）,https://www.pref.hokkaido.lg.jp/hf/shf/ko-chin.html,8e5cdc1e99af92ad
北海道,食品・飲料,食料品・飲料,ワークセンターるーぷ『ひので』,,0113600373,突合済み,pref+city+name,ワークセンターるーぷ『ひので』,苫小牧市,公表データ,北海道 工賃実績（主な作業内容）,https://www.pref.hokkaido.lg.jp/hf/shf/ko-chin.html,2fff782345d7465c
北海道,食品・飲料,食料品・飲料,ワークセンター・ひかり,,0112000260,突合済み,pref+city+name,ワークセンター・ひかり,小樽市,公表データ,北海道 工賃実績（主な作業内容）,https://www.pref.hokkaido.lg.jp/hf/shf/ko-chin.html,7dcd3b6b0d4f0b08
北海道,食品・飲料,食料品・飲料,ワークセンター・やまびこ,,0112001086,突合済み,pref+city+name,ワークセンター・やまびこ,小樽市,公表データ,北海道 工賃実績（主な作業内容）,https://www.pref.hokkaido.lg.jp/hf/shf/ko-chin.html,a22c388834308faa
北海道,食品・飲料,食料品・飲料,ワークセンター南宗谷ひだまり,,0116700451,突合済み,pref+city+name,ワークセンター　南宗谷ひだまり,枝幸郡枝幸町,公表データ,北海道 工賃実績（主な作業内容）,https://www.pref.hokkaido.lg.jp/hf/shf/ko-chin.html,5781382bf37f318a
北海道,食品・飲料,食料品・飲料,ワークセンター栗の木,,0115800286,突合済み,pref+city+name,ワークセンター栗の木,夕張郡栗山町,公表データ,北海道 工賃実績（主な作業内容）,https://www.pref.hokkaido.lg.jp/hf/shf/ko-chin.html,1b165dd3eaccf6e7
北海道,食品・飲料,食料品・飲料,一般社団法人Since'I,,,未突合,unmatched,,,公表データ,北海道 工賃実績（主な作業内容）,https://www.pref.hokkaido.lg.jp/hf/shf/ko-chin.html,
北海道,食品・飲料,食料品・飲料,一般社団法人伊達の風 北風,,,未突合,unmatched,,,公表データ,北海道 工賃実績（主な作業内容）,https://www.pref.hokkaido.lg.jp/hf/shf/ko-chin.html,
北海道,食品・飲料,食品製造業、管理業,一般社団法人伊達の風 北風,,,未突合,unmatched,,,公表データ,北海道 工賃実績（主な作業内容）,https://www.pref.hokkaido.lg.jp/hf/shf/ko-chin.html,
北海道,食品・飲料,食料品・飲料,七飯町就労継続支援施設ぽぽろ館,,0111500880,突合済み,pref+city+name,七飯町就労継続支援施設ぽぽろ館,亀田郡七飯町,公表データ,北海道 工賃実績（主な作業内容）,https://www.pref.hokkaido.lg.jp/hf/shf/ko-chin.html,2e8dd00f1336ca35
北海道,食品・飲料,食料品・飲料,上富良野町デイサポートかみふらの,,,未突合,unmatched,,,公表データ,北海道 工賃実績（主な作業内容）,https://www.pref.hokkaido.lg.jp/hf/shf/ko-chin.html,
北海道,食品・飲料,食料品・飲料,中ノ川センター,,0111501540,突合済み,pref+name,中ノ川センター,上磯郡知内町,公表データ,北海道 工賃実績（主な作業内容）,https://www.pref.hokkaido.lg.jp/hf/shf/ko-chin.html,aebfed18902e20a6
北海道,食品・飲料,食料品・飲料,久遠チョコレート札幌,,,未突合,unmatched,,,公表データ,北海道 工賃実績（主な作業内容）,https://www.pref.hokkaido.lg.jp/hf/shf/ko-chin.html,
北海道,食品・飲料,食料品・飲料,余市作業所,,0112500525,突合済み,pref+city+name,余市作業所,余市郡余市町,公表データ,北海道 工賃実績（主な作業内容）,https://www.pref.hokkaido.lg.jp/hf/shf/ko-chin.html,81ff9cb84925bb1c
北海道,食品・飲料,食料品・飲料,元町ベース,,0110302718,突合済み,pref+city+name,元町ベース,札幌市東区,公表データ,北海道 工賃実績（主な作業内容）,https://www.pref.hokkaido.lg.jp/hf/shf/ko-chin.html,7ab41d605a373fcc
北海道,食品・飲料,食料品・飲料,共同ワークショップ「にんじん」,,0115700395,突合済み,pref+city+name,共同ワークショップ「にんじん」,岩見沢市,公表データ,北海道 工賃実績（主な作業内容）,https://www.pref.hokkaido.lg.jp/hf/shf/ko-chin.html,740ccabbddf57420
北海道,食品・飲料,食料品・飲料,北広島セルプ,,0111300349,突合済み,pref+city+name,北広島セルプ,北広島市,公表データ,北海道 工賃実績（主な作業内容）,https://www.pref.hokkaido.lg.jp/hf/shf/ko-chin.html,f125de526e4ac77b
北海道,食品・飲料,食料品・飲料,北海道きのこファーム,,0113601637,突合済み,pref+city+name,北海道きのこファーム,白老郡白老町,公表データ,北海道 工賃実績（主な作業内容）,https://www.pref.hokkaido.lg.jp/hf/shf/ko-chin.html,061c850da10d078f
北海道,食品・飲料,食料品・飲料,千蛍社,,0111401824,突合済み,pref+city+name,千蛍社,函館市,公表データ,北海道 工賃実績（主な作業内容）,https://www.pref.hokkaido.lg.jp/hf/shf/ko-chin.html,bb729ff3f9fef218
北海道,食品・飲料,食料品・飲料,南富良野町障がい福祉サービス事業所なんぷ～香房,,,未突合,unmatched,,,公表データ,北海道 工賃実績（主な作業内容）,https://www.pref.hokkaido.lg.jp/hf/shf/ko-chin.html,
北海道,食品・飲料,食料品・飲料,地域サポートセンターえがお,,0114702095,突合済み,pref+city+name,地域サポートセンターえがお,河東郡音更町,公表データ,北海道 工賃実績（主な作業内容）,https://www.pref.hokkaido.lg.jp/hf/shf/ko-chin.html,b6b25b1a9ee37f5e
北海道,食品・飲料,食料品・飲料,地域生活支援施設山麓郷,,0110901147,突合済み,pref+city+name,地域生活支援施設　山麓郷,札幌市手稲区,公表データ,北海道 工賃実績（主な作業内容）,https://www.pref.hokkaido.lg.jp/hf/shf/ko-chin.html,ec65d861582ddb6c
北海道,食品・飲料,食料品・飲料,地域自立活動支援センター,,,未突合,unmatched,,,公表データ,北海道 工賃実績（主な作業内容）,https://www.pref.hokkaido.lg.jp/hf/shf/ko-chin.html,
北海道,食品・飲料,食料品・飲料,多機能型ワークセンター青葉,,0115300360,突合済み,pref+city+name,多機能型ワークセンター青葉,斜里郡斜里町,公表データ,北海道 工賃実績（主な作業内容）,https://www.pref.hokkaido.lg.jp/hf/shf/ko-chin.html,911d337c1974313b
北海道,食品・飲料,食料品・飲料,多機能型事業所 ワークステーションシーウィンド,,,未突合,unmatched,,,公表データ,北海道 工賃実績（主な作業内容）,https://www.pref.hokkaido.lg.jp/hf/shf/ko-chin.html,
北海道,食品・飲料,食料品・飲料,多機能型事業所asurara〈あすらら〉,,0111401881,突合済み,pref+city+name,多機能型事業所asurara〈あすらら〉,函館市,公表データ,北海道 工賃実績（主な作業内容）,https://www.pref.hokkaido.lg.jp/hf/shf/ko-chin.html,f549c7f913c8d2df
北海道,食品・飲料,食料品・飲料,多機能型事業所home,,0110503190,突合済み,pref+city+name,多機能型事業所home,札幌市白石区,公表データ,北海道 工賃実績（主な作業内容）,https://www.pref.hokkaido.lg.jp/hf/shf/ko-chin.html,cd45f5118eee31a0
北海道,食品・飲料,食料品・飲料,多機能型事業所ひなた,,0117500371,突合済み,pref+city+name,多機能型事業所ひなた,滝川市,公表データ,北海道 工賃実績（主な作業内容）,https://www.pref.hokkaido.lg.jp/hf/shf/ko-chin.html,7c1b9e72af204357
北海道,食品・飲料,食料品・飲料,多機能型事業所ぴーぷる,,0114100803,突合済み,pref+city+name,多機能型事業所 ぴーぷる,釧路市,公表データ,北海道 工賃実績（主な作業内容）,https://www.pref.hokkaido.lg.jp/hf/shf/ko-chin.html,9c5ff9a7d8007c82
北海道,食品・飲料,食料品・飲料,多機能型事業所リベラ,,,未突合,unmatched,,,公表データ,北海道 工賃実績（主な作業内容）,https://www.pref.hokkaido.lg.jp/hf/shf/ko-chin.html,
北海道,食品・飲料,食料品・飲料,多機能型就労支援施設ユニ・ノーマ,,0110300951,突合済み,pref+city+name,多機能型就労支援施設　ユニ・ノーマ,札幌市東区,公表データ,北海道 工賃実績（主な作業内容）,https://www.pref.hokkaido.lg.jp/hf/shf/ko-chin.html,5bfb2252299372c7
北海道,食品・飲料,食料品・飲料,多機能型就労継続支援事業所エクサート,,0110300787,突合済み,pref+city+name,多機能型就労継続支援事業所　エクサート,札幌市東区,公表データ,北海道 工賃実績（主な作業内容）,https://www.pref.hokkaido.lg.jp/hf/shf/ko-chin.html,dc2ecb91aa559117
北海道,食品・飲料,食料品・飲料,多機能型障がい者福祉サービスふれあい,,0111400990,突合済み,pref+city+name,多機能型障がい者福祉サービスふれあい,函館市,公表データ,北海道 工賃実績（主な作業内容）,https://www.pref.hokkaido.lg.jp/hf/shf/ko-chin.html,7207460c43f53a04
北海道,食品・飲料,食料品・飲料,大空,,0110506110,突合済み,pref+city+name,大空,札幌市豊平区,公表データ,北海道 工賃実績（主な作業内容）,https://www.pref.hokkaido.lg.jp/hf/shf/ko-chin.html,e5b02067ae2442dc
北海道,食品・飲料,食料品・飲料,太夢共同作業所,,0110501970,突合済み,pref+city+name,太夢共同作業所,札幌市豊平区,公表データ,北海道 工賃実績（主な作業内容）,https://www.pref.hokkaido.lg.jp/hf/shf/ko-chin.html,7a3df386cbb5bd23
北海道,食品・飲料,食料品・飲料,学び舎,,0110403417,突合済み,pref+city+name,学び舎,札幌市白石区,公表データ,北海道 工賃実績（主な作業内容）,https://www.pref.hokkaido.lg.jp/hf/shf/ko-chin.html,808d778f05655d5f
北海道,食品・飲料,食料品・飲料,小春日工房,,0111300471,突合済み,pref+city+name,小春日工房,北広島市,公表データ,北海道 工賃実績（主な作業内容）,https://www.pref.hokkaido.lg.jp/hf/shf/ko-chin.html,594705ff467faad0
北海道,食品・飲料,食料品・飲料,就労Bちーむ南6条,,0110104957,突合済み,pref+city+name,就労B　ちーむ南６条,札幌市中央区,公表データ,北海道 工賃実績（主な作業内容）,https://www.pref.hokkaido.lg.jp/hf/shf/ko-chin.html,3866d6b83d107993
北海道,食品・飲料,食料品・飲料,就労センタージョブ,,0111300315,突合済み,pref+city+name,就労センタージョブ,北広島市,公表データ,北海道 工賃実績（主な作業内容）,https://www.pref.hokkaido.lg.jp/hf/shf/ko-chin.html,0770ae4a994248d8
北海道,食品・飲料,食料品・飲料,就労支援B型 元町,,0110301819,突合済み,pref+city+name,就労支援B型　元町,札幌市東区,公表データ,北海道 工賃実績（主な作業内容）,https://www.pref.hokkaido.lg.jp/hf/shf/ko-chin.html,d923ea8379139ca5
北海道,食品・飲料,食料品・飲料,就労支援センター ジョブテラス,,0113500854,突合済み,pref+city+name,就労支援センタージョブテラス,登別市,公表データ,北海道 工賃実績（主な作業内容）,https://www.pref.hokkaido.lg.jp/hf/shf/ko-chin.html,fbdc270de83ca3f9
北海道,食品・飲料,食料品・飲料,就労支援センターToMoハウス,,0111500591,突合済み,pref+city+name,就労支援センター　ＴｏＭｏハウス,亀田郡七飯町,公表データ,北海道 工賃実績（主な作業内容）,https://www.pref.hokkaido.lg.jp/hf/shf/ko-chin.html,234e074ee6a7f692
北海道,食品・飲料,食料品・飲料,就労支援センターあるく,,0110402625,突合済み,pref+city+name,就労支援センターあるく,札幌市白石区,公表データ,北海道 工賃実績（主な作業内容）,https://www.pref.hokkaido.lg.jp/hf/shf/ko-chin.html,509b52799f774394
北海道,食品・飲料,食料品・飲料,就労支援センターまろにえ,,0113601041,突合済み,pref+city+name,就労支援センターまろにえ,苫小牧市,公表データ,北海道 工賃実績（主な作業内容）,https://www.pref.hokkaido.lg.jp/hf/shf/ko-chin.html,f262cb97f686839b
北海道,食品・飲料,食料品・飲料,就労支援センターみどりの園,,0114702400,突合済み,pref+city+name,就労支援センターみどりの園,足寄郡陸別町,公表データ,北海道 工賃実績（主な作業内容）,https://www.pref.hokkaido.lg.jp/hf/shf/ko-chin.html,70830c4578eaec61
北海道,食品・飲料,食料品・飲料,就労支援センターオプス,,,未突合,unmatched,,,公表データ,北海道 工賃実績（主な作業内容）,https://www.pref.hokkaido.lg.jp/hf/shf/ko-chin.html,
北海道,食品・飲料,食料品・飲料,就労支援センター青空,,0117400382,突合済み,pref+city+name,就労支援センター青空,深川市,公表データ,北海道 工賃実績（主な作業内容）,https://www.pref.hokkaido.lg.jp/hf/shf/ko-chin.html,5ab8410382d829ea
北海道,食品・飲料,食料品・飲料,就労支援事業所 実の里,,0117400275,突合済み,pref+city+name,就労支援事業所　実の里,雨竜郡雨竜町,公表データ,北海道 工賃実績（主な作業内容）,https://www.pref.hokkaido.lg.jp/hf/shf/ko-chin.html,f2ceaff37a924bd8
北海道,食品・飲料,食料品・飲料,就労支援事業所 道北ワークセンター,,,未突合,unmatched,,,公表データ,北海道 工賃実績（主な作業内容）,https://www.pref.hokkaido.lg.jp/hf/shf/ko-chin.html,
北海道,食品・飲料,食料品・飲料,就労支援事業所「ワーク・ステージ」,,,未突合,unmatched,,,公表データ,北海道 工賃実績（主な作業内容）,https://www.pref.hokkaido.lg.jp/hf/shf/ko-chin.html,
北海道,食品・飲料,食料品・飲料,就労支援事業所ふきのとう,,0110101730,突合済み,pref+city+name,就労支援事業所ふきのとう,札幌市中央区,公表データ,北海道 工賃実績（主な作業内容）,https://www.pref.hokkaido.lg.jp/hf/shf/ko-chin.html,c6389ecee701e15c
北海道,食品・飲料,食料品・飲料,就労支援事業所ゆうゆう,,0110504610,突合済み,pref+city+name,就労支援事業所　ゆうゆう,札幌市白石区,公表データ,北海道 工賃実績（主な作業内容）,https://www.pref.hokkaido.lg.jp/hf/shf/ko-chin.html,c3aa60768c39df76
北海道,食品・飲料,食料品・飲料,就労支援事業所ノースリーフ,,0113200984,突合済み,pref+city+name,就労支援事業所ノースリーフ,士別市,公表データ,北海道 工賃実績（主な作業内容）,https://www.pref.hokkaido.lg.jp/hf/shf/ko-chin.html,8ceb26a3a8e47aed
北海道,食品・飲料,食料品・飲料,就労継続B型事業所ほっぷすてっぷ,,,未突合,unmatched,,,公表データ,北海道 工賃実績（主な作業内容）,https://www.pref.hokkaido.lg.jp/hf/shf/ko-chin.html,
北海道,食品・飲料,食料品・飲料,就労継続支援A&Bリピケア大谷地,,0110800778,突合済み,pref+city+name,就労継続支援Ａ＆Ｂ　リピケア大谷地,札幌市厚別区,公表データ,北海道 工賃実績（主な作業内容）,https://www.pref.hokkaido.lg.jp/hf/shf/ko-chin.html,c080610be7f5e01c
北海道,食品・飲料,食料品・飲料,就労継続支援A型 トランク,,0110206265,突合済み,pref+city+name,就労継続支援Ａ型　トランク,札幌市北区,公表データ,北海道 工賃実績（主な作業内容）,https://www.pref.hokkaido.lg.jp/hf/shf/ko-chin.html,9cf7e324b8bdd19a
北海道,食品・飲料,食料品・飲料,就労継続支援A型 楽楽物語,,,未突合,unmatched,,,公表データ,北海道 工賃実績（主な作業内容）,https://www.pref.hokkaido.lg.jp/hf/shf/ko-chin.html,
北海道,食品・飲料,食料品・飲料,就労継続支援A型事業所しんかーずランチ,,0114601339,突合済み,pref+city+name,就労継続支援Ａ型事業所　しんかーずランチ,帯広市,公表データ,北海道 工賃実績（主な作業内容）,https://www.pref.hokkaido.lg.jp/hf/shf/ko-chin.html,8c94b0d071301f99
北海道,食品・飲料,食料品・飲料,就労継続支援B型 あらうど,,,未突合,unmatched,,,公表データ,北海道 工賃実績（主な作業内容）,https://www.pref.hokkaido.lg.jp/hf/shf/ko-chin.html,
北海道,食品・飲料,食料品・飲料,就労継続支援B型 さーくるわーく,,,未突合,unmatched,,,公表データ,北海道 工賃実績（主な作業内容）,https://www.pref.hokkaido.lg.jp/hf/shf/ko-chin.html,
北海道,食品・飲料,食料品・飲料,就労継続支援B型 るみえる,,0111402533,突合済み,pref+city+name,就労継続支援Ｂ型　るみえる,函館市,公表データ,北海道 工賃実績（主な作業内容）,https://www.pref.hokkaido.lg.jp/hf/shf/ko-chin.html,053573941b042ded
北海道,食品・飲料,食料品・飲料,就労継続支援B型 来夢,,0113500409,突合済み,pref+city+name,就労継続支援Ｂ型　来夢,室蘭市,公表データ,北海道 工賃実績（主な作業内容）,https://www.pref.hokkaido.lg.jp/hf/shf/ko-chin.html,325f981d3c2c5196
北海道,食品・飲料,食料品・飲料,就労継続支援B型しろくま,,,未突合,ambiguous,,,公表データ,北海道 工賃実績（主な作業内容）,https://www.pref.hokkaido.lg.jp/hf/shf/ko-chin.html,
北海道,食品・飲料,食料品・飲料,就労継続支援B型ひどり窓共同作業所,,,未突合,unmatched,,,公表データ,北海道 工賃実績（主な作業内容）,https://www.pref.hokkaido.lg.jp/hf/shf/ko-chin.html,
北海道,食品・飲料,食料品・飲料,就労継続支援B型ら・ぱれっと,,,未突合,unmatched,,,公表データ,北海道 工賃実績（主な作業内容）,https://www.pref.hokkaido.lg.jp/hf/shf/ko-chin.html,
北海道,食品・飲料,食料品・飲料,就労継続支援B型グロリアス,,0111402103,突合済み,pref+city+name,就労継続支援Ｂ型　グロリアス,函館市,公表データ,北海道 工賃実績（主な作業内容）,https://www.pref.hokkaido.lg.jp/hf/shf/ko-chin.html,3ca60ac0556898b0
北海道,食品・飲料,食料品・飲料,就労継続支援B型事業所 FUJILAND,,0110701430,突合済み,pref+city+name,就労継続支援Ｂ型事業所　ＦＵＪＩＬＡＮＤ,札幌市西区,公表データ,北海道 工賃実績（主な作業内容）,https://www.pref.hokkaido.lg.jp/hf/shf/ko-chin.html,808f568ad0438fe9
北海道,食品・飲料,食料品・飲料,就労継続支援B型事業所 いずみの里,,,未突合,unmatched,,,公表データ,北海道 工賃実績（主な作業内容）,https://www.pref.hokkaido.lg.jp/hf/shf/ko-chin.html,
北海道,食品・飲料,食料品・飲料,就労継続支援B型事業所 きずな2,,0112906953,突合済み,pref+city+name,就労継続支援Ｂ型事業所　きずな2,旭川市,公表データ,北海道 工賃実績（主な作業内容）,https://www.pref.hokkaido.lg.jp/hf/shf/ko-chin.html,ebe16bb31b894d69
北海道,食品・飲料,食料品・飲料,就労継続支援B型事業所 たんた,,0114102429,突合済み,pref+city+name,就労継続支援B型事業所　たんた,釧路市,公表データ,北海道 工賃実績（主な作業内容）,https://www.pref.hokkaido.lg.jp/hf/shf/ko-chin.html,1d4014f3e86e8c9b
北海道,食品・飲料,食料品・飲料,就労継続支援B型事業所 みなやんワークス,,,未突合,unmatched,,,公表データ,北海道 工賃実績（主な作業内容）,https://www.pref.hokkaido.lg.jp/hf/shf/ko-chin.html,
北海道,食品・飲料,食料品・飲料,就労継続支援B型事業所 マオイの丘,,0110403474,突合済み,pref+city+name,就労継続支援Ｂ型事業所　マオイの丘,札幌市白石区,公表データ,北海道 工賃実績（主な作業内容）,https://www.pref.hokkaido.lg.jp/hf/shf/ko-chin.html,1f10d71b516a60d8
北海道,食品・飲料,食料品・飲料,就労継続支援B型事業所 ユメイク,,,未突合,unmatched,,,公表データ,北海道 工賃実績（主な作業内容）,https://www.pref.hokkaido.lg.jp/hf/shf/ko-chin.html,
北海道,食品・飲料,食料品・飲料,就労継続支援B型事業所 珈福,,0110701661,突合済み,pref+city+name,就労継続支援Ｂ型事業所　珈福,札幌市西区,公表データ,北海道 工賃実績（主な作業内容）,https://www.pref.hokkaido.lg.jp/hf/shf/ko-chin.html,161df02d994a5126
北海道,食品・飲料,食料品・飲料,就労継続支援B型事業所BEBOP,,,未突合,unmatched,,,公表データ,北海道 工賃実績（主な作業内容）,https://www.pref.hokkaido.lg.jp/hf/shf/ko-chin.html,
北海道,食品・飲料,食料品・飲料,就労継続支援B型事業所GROW,,0111402806,突合済み,pref+city+name,就労継続支援Ｂ型事業所ＧＲＯＷ,函館市,公表データ,北海道 工賃実績（主な作業内容）,https://www.pref.hokkaido.lg.jp/hf/shf/ko-chin.html,eda852098e4aa441
北海道,食品・飲料,食料品・飲料,就労継続支援B型事業所e-project,,0111402277,突合済み,pref+city+name,就労継続支援Ｂ型事業所e-project,函館市,公表データ,北海道 工賃実績（主な作業内容）,https://www.pref.hokkaido.lg.jp/hf/shf/ko-chin.html,9aa0a05203291f3f
北海道,食品・飲料,食料品・飲料,就労継続支援B型事業所えーる,,0114601784,突合済み,pref+city+name,就労継続支援B型事業所　えーる,帯広市,公表データ,北海道 工賃実績（主な作業内容）,https://www.pref.hokkaido.lg.jp/hf/shf/ko-chin.html,3ff68aa3072fd58e
北海道,食品・飲料,食料品・飲料,就労継続支援B型事業所わーぷる,,0114601339,突合済み,pref+city+name,就労継続支援B型事業所　わーぷる,帯広市,公表データ,北海道 工賃実績（主な作業内容）,https://www.pref.hokkaido.lg.jp/hf/shf/ko-chin.html,f70125572b14d1c9
北海道,食品・飲料,食料品・飲料,就労継続支援B型事業所ジョブハウス未来,,0111402491,突合済み,pref+city+name,就労継続支援Ｂ型事業所　ジョブハウス未来,函館市,公表データ,北海道 工賃実績（主な作業内容）,https://www.pref.hokkaido.lg.jp/hf/shf/ko-chin.html,7c636dae1b88198e
北海道,食品・飲料,食料品・飲料,就労継続支援B型事業所スマイルラボ,,0110204682,突合済み,pref+city+name,就労継続支援Ｂ型事業所　スマイルラボ,札幌市北区,公表データ,北海道 工賃実績（主な作業内容）,https://www.pref.hokkaido.lg.jp/hf/shf/ko-chin.html,82a19757b6f5dcd7
北海道,食品・飲料,食料品・飲料,就労継続支援B型事業所スリーピース,,0111100624,突合済み,pref+city+name,就労継続支援Ｂ型事業所スリーピース,千歳市,公表データ,北海道 工賃実績（主な作業内容）,https://www.pref.hokkaido.lg.jp/hf/shf/ko-chin.html,98545a9c11d7e7f7
北海道,食品・飲料,食料品・飲料,就労継続支援B型事業所パキラねる,,,未突合,unmatched,,,公表データ,北海道 工賃実績（主な作業内容）,https://www.pref.hokkaido.lg.jp/hf/shf/ko-chin.html,
北海道,食品・飲料,食料品・飲料,就労継続支援B型事業所ファブリカ,,0112906185,突合済み,pref+city+name,就労継続支援Ｂ型事業所ファブリカ,旭川市,公表データ,北海道 工賃実績（主な作業内容）,https://www.pref.hokkaido.lg.jp/hf/shf/ko-chin.html,41dc323d24e9a781
北海道,食品・飲料,食料品・飲料,就労継続支援B型事業所プラトー,,,未突合,unmatched,,,公表データ,北海道 工賃実績（主な作業内容）,https://www.pref.hokkaido.lg.jp/hf/shf/ko-chin.html,
北海道,食品・飲料,食料品・飲料,就労継続支援B型事業所ベジタブル,,,未突合,unmatched,,,公表データ,北海道 工賃実績（主な作業内容）,https://www.pref.hokkaido.lg.jp/hf/shf/ko-chin.html,
北海道,食品・飲料,食料品・飲料,就労継続支援B型事業所メロディーハウス,,0117600817,突合済み,pref+city+name,就労継続支援B型事業所メロディーハウス,石狩市,公表データ,北海道 工賃実績（主な作業内容）,https://www.pref.hokkaido.lg.jp/hf/shf/ko-chin.html,952559d7f32ff5fa
北海道,食品・飲料,食料品・飲料,就労継続支援B型事業所ワークセンター音別,,0114100852,突合済み,pref+city+name,就労継続支援Ｂ型事業所　ワークセンター音別,釧路市,公表データ,北海道 工賃実績（主な作業内容）,https://www.pref.hokkaido.lg.jp/hf/shf/ko-chin.html,544e2ce887a5b89c
北海道,食品・飲料,食料品・飲料,就労継続支援B型事業所型事業所 あるま縁屋,,,未突合,unmatched,,,公表データ,北海道 工賃実績（主な作業内容）,https://www.pref.hokkaido.lg.jp/hf/shf/ko-chin.html,
北海道,食品・飲料,食料品・飲料,就労継続支援B型事業所型事業所 おとわ,,,未突合,unmatched,,,公表データ,北海道 工賃実績（主な作業内容）,https://www.pref.hokkaido.lg.jp/hf/shf/ko-chin.html,
北海道,食品・飲料,食料品・飲料,就労継続支援B型事業所型事業所 のはな,,,未突合,unmatched,,,公表データ,北海道 工賃実績（主な作業内容）,https://www.pref.hokkaido.lg.jp/hf/shf/ko-chin.html,
北海道,食品・飲料,食料品・飲料,就労継続支援B型酒井珈琲,,,未突合,unmatched,,,公表データ,北海道 工賃実績（主な作業内容）,https://www.pref.hokkaido.lg.jp/hf/shf/ko-chin.html,
北海道,食品・飲料,食料品・飲料,就労継続支援れのあism,,0110302064,突合済み,pref+city+name,就労継続支援　れのあｉｓｍ,札幌市東区,公表データ,北海道 工賃実績（主な作業内容）,https://www.pref.hokkaido.lg.jp/hf/shf/ko-chin.html,68fb09c9163d11ee
北海道,食品・飲料,食料品・飲料,就労継続支援事業所 りんご広場,,0111001384,突合済み,pref+city+name,就労継続支援事業所　りんご広場,江別市,公表データ,北海道 工賃実績（主な作業内容）,https://www.pref.hokkaido.lg.jp/hf/shf/ko-chin.html,618a4fab017b42e2
北海道,食品・飲料,食料品・飲料,就労継続支援事業所エコ・ファクトリー,,0111100236,突合済み,pref+city+name,就労継続支援事業所　エコ・ファクトリー,千歳市,公表データ,北海道 工賃実績（主な作業内容）,https://www.pref.hokkaido.lg.jp/hf/shf/ko-chin.html,7ce84ac09634b0a7
北海道,食品・飲料,食料品・飲料,就労継続支援事業所マヤッカ,,0113200620,突合済み,pref+city+name,就労継続支援事業所マヤッカ,名寄市,公表データ,北海道 工賃実績（主な作業内容）,https://www.pref.hokkaido.lg.jp/hf/shf/ko-chin.html,95bf9d62f4251ca9
北海道,食品・飲料,食料品・飲料,就労継続支援事業所大作,,0114601768,突合済み,pref+city+name,就労継続支援事業所　大作,帯広市,公表データ,北海道 工賃実績（主な作業内容）,https://www.pref.hokkaido.lg.jp/hf/shf/ko-chin.html,c836326295c579fa
北海道,食品・飲料,食料品・飲料,就労継続支援施設クロップコーヒー,,0110103306,突合済み,pref+city+name,就労継続支援施設　クロップコーヒー,札幌市中央区,公表データ,北海道 工賃実績（主な作業内容）,https://www.pref.hokkaido.lg.jp/hf/shf/ko-chin.html,792f5209fb79e7b2
北海道,食品・飲料,食料品・飲料,就労継続支援Ａ型事業所さくら,,0114102544,突合済み,pref+city+name,就労継続支援Ａ型事業所さくら,釧路市,公表データ,北海道 工賃実績（主な作業内容）,https://www.pref.hokkaido.lg.jp/hf/shf/ko-chin.html,e9b9fb7067eed3a9
北海道,食品・飲料,食料品・飲料,就労継続支援Ｂ型ポラリスパス,,,未突合,unmatched,,,公表データ,北海道 工賃実績（主な作業内容）,https://www.pref.hokkaido.lg.jp/hf/shf/ko-chin.html,
北海道,食品・飲料,食料品・飲料,就労継続支援Ｂ型事業所 卵らん,,,未突合,unmatched,,,公表データ,北海道 工賃実績（主な作業内容）,https://www.pref.hokkaido.lg.jp/hf/shf/ko-chin.html,
北海道,食品・飲料,食料品・飲料,就労継続支援Ｂ型事業所 大地,,,未突合,unmatched,,,公表データ,北海道 工賃実績（主な作業内容）,https://www.pref.hokkaido.lg.jp/hf/shf/ko-chin.html,
北海道,食品・飲料,食料品・飲料,就労継続支援Ｂ型事業所ジョブクルー,,0111001475,突合済み,pref+city+name,就労継続支援Ｂ型事業所ジョブクルー,江別市,公表データ,北海道 工賃実績（主な作業内容）,https://www.pref.hokkaido.lg.jp/hf/shf/ko-chin.html,66249b3b9e06ff3a
北海道,食品・飲料,食料品・飲料,島時間,,0110405263,突合済み,pref+city+name,島時間,札幌市白石区,公表データ,北海道 工賃実績（主な作業内容）,https://www.pref.hokkaido.lg.jp/hf/shf/ko-chin.html,3a05266e10ea1551
北海道,食品・飲料,食料品・飲料,島時間中島公園店,,0110103710,突合済み,pref+city+name,島時間中島公園店,札幌市中央区,公表データ,北海道 工賃実績（主な作業内容）,https://www.pref.hokkaido.lg.jp/hf/shf/ko-chin.html,030f0d3ca56c804c
北海道,食品・飲料,食料品・飲料,工房かのん,,0114100993,突合済み,pref+city+name,工房　かのん,釧路市,公表データ,北海道 工賃実績（主な作業内容）,https://www.pref.hokkaido.lg.jp/hf/shf/ko-chin.html,07fe0ba69af49d0b
北海道,食品・飲料,食料品・飲料,工房るうぷ,,0114300346,突合済み,pref+city+name,工房るうぷ,厚岸郡厚岸町,公表データ,北海道 工賃実績（主な作業内容）,https://www.pref.hokkaido.lg.jp/hf/shf/ko-chin.html,30ca9932a8c5f74d
北海道,食品・飲料,食料品・飲料,工房・虹と夢,,0111400727,突合済み,pref+city+name,工房・虹と夢,函館市,公表データ,北海道 工賃実績（主な作業内容）,https://www.pref.hokkaido.lg.jp/hf/shf/ko-chin.html,5cf76215d5c827f2
北海道,食品・飲料,食料品・飲料,帯広ケア・センター,,,未突合,unmatched,,,公表データ,北海道 工賃実績（主な作業内容）,https://www.pref.hokkaido.lg.jp/hf/shf/ko-chin.html,
北海道,食品・飲料,食料品・飲料,幕別あすなろ会,,0114701022,突合済み,pref+city+name,幕別あすなろ会,中川郡幕別町,公表データ,北海道 工賃実績（主な作業内容）,https://www.pref.hokkaido.lg.jp/hf/shf/ko-chin.html,e12719d6ccd465c9
北海道,食品・飲料,食料品・飲料,弁当工房縁事業所,,0112907118,突合済み,pref+city+name,弁当工房　縁　事業所,旭川市,公表データ,北海道 工賃実績（主な作業内容）,https://www.pref.hokkaido.lg.jp/hf/shf/ko-chin.html,3b088e72c7210ee0
北海道,食品・飲料,食料品・飲料,弁当工房縁事業所,,0112907118,突合済み,pref+city+name,弁当工房　縁　事業所,旭川市,公表データ,北海道 工賃実績（主な作業内容）,https://www.pref.hokkaido.lg.jp/hf/shf/ko-chin.html,3b088e72c7210ee0
北海道,食品・飲料,食料品・飲料,手作り工房どーなつ,,,未突合,unmatched,,,公表データ,北海道 工賃実績（主な作業内容）,https://www.pref.hokkaido.lg.jp/hf/shf/ko-chin.html,
北海道,食品・飲料,食品の製造と販売,指定障害福祉サービス事業所サムリブ高岡,,,未突合,unmatched,,,公表データ,北海道 工賃実績（主な作業内容）,https://www.pref.hokkaido.lg.jp/hf/shf/ko-chin.html,
北海道,食品・飲料,食料品・飲料,新ひだか町ワークセンターみのり,,,未突合,unmatched,,,公表データ,北海道 工賃実績（主な作業内容）,https://www.pref.hokkaido.lg.jp/hf/shf/ko-chin.html,
北海道,食品・飲料,食料品・飲料,新ひだか町就労サポートセンターちあふる,,,未突合,unmatched,,,公表データ,北海道 工賃実績（主な作業内容）,https://www.pref.hokkaido.lg.jp/hf/shf/ko-chin.html,
北海道,食品・飲料,食料品・飲料,新ひだか町ＣｏＫｏＲｏ３５７,,,未突合,unmatched,,,公表データ,北海道 工賃実績（主な作業内容）,https://www.pref.hokkaido.lg.jp/hf/shf/ko-chin.html,
北海道,食品・飲料,食料品・飲料,新ひだか町ＣｏＫｏＲｏ３５７,,,未突合,unmatched,,,公表データ,北海道 工賃実績（主な作業内容）,https://www.pref.hokkaido.lg.jp/hf/shf/ko-chin.html,
北海道,食品・飲料,食料品・飲料,新十津川町ジョブサポートフレーバーカントリー,,,未突合,unmatched,,,公表データ,北海道 工賃実績（主な作業内容）,https://www.pref.hokkaido.lg.jp/hf/shf/ko-chin.html,
北海道,食品・飲料,食料品・飲料,新十津川町ジョブサポートフレーバーカントリー,,,未突合,unmatched,,,公表データ,北海道 工賃実績（主な作業内容）,https://www.pref.hokkaido.lg.jp/hf/shf/ko-chin.html,
北海道,食品・飲料,食料品・飲料,松陰プラザ,,0111401642,突合済み,pref+city+name,松陰プラザ,函館市,公表データ,北海道 工賃実績（主な作業内容）,https://www.pref.hokkaido.lg.jp/hf/shf/ko-chin.html,6320af6cff6227af
北海道,食品・飲料,食料品・飲料,株式会社タスカル,,0110203163,突合済み,pref+city+name,株式会社　タスカル,札幌市北区,公表データ,北海道 工賃実績（主な作業内容）,https://www.pref.hokkaido.lg.jp/hf/shf/ko-chin.html,c59e8fa2d7013866
北海道,食品・飲料,食料品・飲料,株式会社トリノ,,0114601438,突合済み,pref+city+name,株式会社トリノ,帯広市,公表データ,北海道 工賃実績（主な作業内容）,https://www.pref.hokkaido.lg.jp/hf/shf/ko-chin.html,8bc60c860ec62c35
北海道,食品・飲料,食料品・飲料,深川デイプレイスふれあいの家,,0117400176,突合済み,pref+city+name,深川デイプレイス　ふれあいの家,深川市,公表データ,北海道 工賃実績（主な作業内容）,https://www.pref.hokkaido.lg.jp/hf/shf/ko-chin.html,8f79d7bb7a9b87b6
北海道,食品・飲料,食料品・飲料,満天の丘輝星,,0113100754,突合済み,pref+city+name,満天の丘　輝星,上川郡美瑛町,公表データ,北海道 工賃実績（主な作業内容）,https://www.pref.hokkaido.lg.jp/hf/shf/ko-chin.html,4b620a75485772bc
北海道,食品・飲料,食料品・飲料,滝川ほほえみ工房,,0117500157,突合済み,pref+city+name,滝川ほほえみ工房,滝川市,公表データ,北海道 工賃実績（主な作業内容）,https://www.pref.hokkaido.lg.jp/hf/shf/ko-chin.html,6d024e2690df3a5e
北海道,食品・飲料,食料品・飲料,爽やかネットワーク,,,未突合,unmatched,,,公表データ,北海道 工賃実績（主な作業内容）,https://www.pref.hokkaido.lg.jp/hf/shf/ko-chin.html,
北海道,食品・飲料,食料品・飲料,特定非営利活動ハッピーワーク室蘭,,,未突合,unmatched,,,公表データ,北海道 工賃実績（主な作業内容）,https://www.pref.hokkaido.lg.jp/hf/shf/ko-chin.html,
北海道,食品・飲料,食料品・飲料,特定非営利活動法人 さらら壮瞥,,0113700686,突合済み,pref+city+name,特定非営利活動法人さらら壮瞥,有珠郡壮瞥町,公表データ,北海道 工賃実績（主な作業内容）,https://www.pref.hokkaido.lg.jp/hf/shf/ko-chin.html,8bbcf2791bb63f6d
北海道,食品・飲料,食料品・飲料,特定非営利活動法人グリップ,,,未突合,unmatched,,,公表データ,北海道 工賃実績（主な作業内容）,https://www.pref.hokkaido.lg.jp/hf/shf/ko-chin.html,
北海道,食品・飲料,食料品・飲料,特定非営利活動法人余市はまなす,,0112500368,突合済み,pref+city+name,特定非営利活動法人　余市はまなす,余市郡余市町,公表データ,北海道 工賃実績（主な作業内容）,https://www.pref.hokkaido.lg.jp/hf/shf/ko-chin.html,04d13ef6d75be695
北海道,食品・飲料,食料品・飲料,猫かふぇ準備室,,0110103058,突合済み,pref+city+name,猫かふぇ準備室,札幌市中央区,公表データ,北海道 工賃実績（主な作業内容）,https://www.pref.hokkaido.lg.jp/hf/shf/ko-chin.html,fa9591c4fa41ddc0
北海道,食品・飲料,食料品・飲料,生活介護。就労継続支援B型事業所 わらいち,,,未突合,unmatched,,,公表データ,北海道 工賃実績（主な作業内容）,https://www.pref.hokkaido.lg.jp/hf/shf/ko-chin.html,
北海道,食品・飲料,食料品・飲料,百年の森函館,,0111402632,突合済み,pref+city+name,百年の森　函館,函館市,公表データ,北海道 工賃実績（主な作業内容）,https://www.pref.hokkaido.lg.jp/hf/shf/ko-chin.html,054de5920e54354c
北海道,食品・飲料,食料品・飲料,知内FDセンター,,0111501441,突合済み,pref+name,知内ＦＤセンター,上磯郡知内町,公表データ,北海道 工賃実績（主な作業内容）,https://www.pref.hokkaido.lg.jp/hf/shf/ko-chin.html,bbb489b7b21d0318
北海道,食品・飲料,食料品・飲料,笑こころ,,0112000666,突合済み,pref+city+name,笑こころ,小樽市,公表データ,北海道 工賃実績（主な作業内容）,https://www.pref.hokkaido.lg.jp/hf/shf/ko-chin.html,077c10b21b41cae2
北海道,食品・飲料,食料品・飲料,笑飛巣,,0117100586,突合済み,pref+city+name,笑飛巣,砂川市,公表データ,北海道 工賃実績（主な作業内容）,https://www.pref.hokkaido.lg.jp/hf/shf/ko-chin.html,8dbbd4044cd225f6
北海道,食品・飲料,食料品・飲料,第２ひかり工房,,0110300837,突合済み,pref+city+name,第２ひかり工房,札幌市東区,公表データ,北海道 工賃実績（主な作業内容）,https://www.pref.hokkaido.lg.jp/hf/shf/ko-chin.html,4418d5502c695cb6
北海道,食品・飲料,食料品・飲料,羊蹄セルプ,,0112200118,突合済み,pref+city+name,羊蹄セルプ,虻田郡倶知安町,公表データ,北海道 工賃実績（主な作業内容）,https://www.pref.hokkaido.lg.jp/hf/shf/ko-chin.html,b15af85fac7a3da2
北海道,食品・飲料,食料品・飲料,美瑛デイセンターすずらん,,,未突合,unmatched,,,公表データ,北海道 工賃実績（主な作業内容）,https://www.pref.hokkaido.lg.jp/hf/shf/ko-chin.html,
北海道,食品・飲料,食料品・飲料,職業訓練システム「コスモス」,,0115001802,突合済み,pref+city+name,職業訓練システム「コスモス」,北見市,公表データ,北海道 工賃実績（主な作業内容）,https://www.pref.hokkaido.lg.jp/hf/shf/ko-chin.html,441ab8d87c5b2a12
北海道,食品・飲料,食料品・飲料,自立サポートセンター工房うぃんくる,,0114200256,突合済み,pref+name,自立サポートセンター　工房うぃんくる,標津郡中標津町,公表データ,北海道 工賃実績（主な作業内容）,https://www.pref.hokkaido.lg.jp/hf/shf/ko-chin.html,39ea0419fc903bcd
北海道,食品・飲料,食料品・飲料,自立支援センターほのぼの,,0114200264,突合済み,pref+city+name,自立支援センター　ほのぼの,根室市,公表データ,北海道 工賃実績（主な作業内容）,https://www.pref.hokkaido.lg.jp/hf/shf/ko-chin.html,8ea28558b9cad571
北海道,食品・飲料,食料品・飲料,菊水ワークセンター,,0110403136,突合済み,pref+city+name,菊水ワークセンター,札幌市白石区,公表データ,北海道 工賃実績（主な作業内容）,https://www.pref.hokkaido.lg.jp/hf/shf/ko-chin.html,cf4b5603cabe6659
北海道,食品・飲料,食料品・飲料,落葉樹色のジェラートverymotch,,0113602494,突合済み,pref+city+name,落葉樹色のジェラート　very motch,勇払郡厚真町,公表データ,北海道 工賃実績（主な作業内容）,https://www.pref.hokkaido.lg.jp/hf/shf/ko-chin.html,582e4db4a45aa319
北海道,食品・飲料,食料品・飲料,豆ちゃん,,0115000291,突合済み,pref+city+name,豆ちゃん,北見市,公表データ,北海道 工賃実績（主な作業内容）,https://www.pref.hokkaido.lg.jp/hf/shf/ko-chin.html,73a05d1749180ec4
北海道,食品・飲料,食料品・飲料,釧路リカバリーセンター鳥取北,,,未突合,unmatched,,,公表データ,北海道 工賃実績（主な作業内容）,https://www.pref.hokkaido.lg.jp/hf/shf/ko-chin.html,
北海道,食品・飲料,食料品・飲料,釧路創生会就労継続支援Ａ型事業所,,0114102072,突合済み,pref+city+name,釧路創生会就労継続支援A型事業所,釧路市,公表データ,北海道 工賃実績（主な作業内容）,https://www.pref.hokkaido.lg.jp/hf/shf/ko-chin.html,128a6b3b5dc001d0
北海道,食品・飲料,食料品・飲料,陽笑,,0113700991,突合済み,pref+city+name,陽笑,虻田郡洞爺湖町,公表データ,北海道 工賃実績（主な作業内容）,https://www.pref.hokkaido.lg.jp/hf/shf/ko-chin.html,4c35b10049aa3327
北海道,食品・飲料,食料品・飲料,障がい福祉サービス事業所 きらり,,0114602006,突合済み,pref+city+name,障がい福祉サービス事業所　きらり,帯広市,公表データ,北海道 工賃実績（主な作業内容）,https://www.pref.hokkaido.lg.jp/hf/shf/ko-chin.html,21021b872141f019
北海道,食品・飲料,食料品・飲料,障がい福祉サービス事業所 音彩,,,未突合,ambiguous,,,公表データ,北海道 工賃実績（主な作業内容）,https://www.pref.hokkaido.lg.jp/hf/shf/ko-chin.html,
北海道,食品・飲料,食料品・飲料,障がい者就労支援事業所いるば,,0110600301,突合済み,pref+city+name,障がい者就労支援事業所　いるば,札幌市南区,公表データ,北海道 工賃実績（主な作業内容）,https://www.pref.hokkaido.lg.jp/hf/shf/ko-chin.html,5741334cf79dc0fd
北海道,食品・飲料,食料品・飲料,障がい者支援施設 なんぽろ恵,,0115800393,突合済み,pref+city+name,障がい者支援施設なんぽろ恵,空知郡南幌町,公表データ,北海道 工賃実績（主な作業内容）,https://www.pref.hokkaido.lg.jp/hf/shf/ko-chin.html,c3850b4c27f62257
北海道,食品・飲料,食料品・飲料,障がい者支援施設あっぷ,,0110200870,突合済み,pref+city+name,障がい者支援施設　あっぷ,札幌市西区,公表データ,北海道 工賃実績（主な作業内容）,https://www.pref.hokkaido.lg.jp/hf/shf/ko-chin.html,10488b5bb56499c0
北海道,食品・飲料,食料品・飲料,障がい者支援施設ホップ,,0110400868,突合済み,pref+city+name,障がい者支援施設　ホップ,札幌市西区,公表データ,北海道 工賃実績（主な作業内容）,https://www.pref.hokkaido.lg.jp/hf/shf/ko-chin.html,0cf712a708421f94
北海道,食品・飲料,食料品・飲料,障害福祉サービスほっぷ,,0111402384,突合済み,pref+city+name,障害福祉サービス　ほっぷ,函館市,公表データ,北海道 工賃実績（主な作業内容）,https://www.pref.hokkaido.lg.jp/hf/shf/ko-chin.html,49a99bbfc96ecc67
北海道,食品・飲料,食料品・飲料,障害福祉サービス多機能型事業所デイセンター芽ぐみ野,,0113000343,突合済み,pref+city+name,障害福祉サービス多機能型事業所　デイセンター芽ぐみ野,富良野市,公表データ,北海道 工賃実績（主な作業内容）,https://www.pref.hokkaido.lg.jp/hf/shf/ko-chin.html,a710cbd347f4d926
北海道,食品・飲料,食料品・飲料,青葉の杜,,0111100590,突合済み,pref+city+name,青葉の杜,千歳市,公表データ,北海道 工賃実績（主な作業内容）,https://www.pref.hokkaido.lg.jp/hf/shf/ko-chin.html,37b568b16bfa5692
北海道,食品・飲料,食料品・飲料,音色元町,,0110302791,突合済み,pref+city+name,音色　元町,札幌市東区,公表データ,北海道 工賃実績（主な作業内容）,https://www.pref.hokkaido.lg.jp/hf/shf/ko-chin.html,eaba957eea9a8741
北海道,食品・飲料,食料品・飲料,風の子さん太,,0110504313,突合済み,pref+city+name,風の子さん太,札幌市南区,公表データ,北海道 工賃実績（主な作業内容）,https://www.pref.hokkaido.lg.jp/hf/shf/ko-chin.html,5dd9bea2141e9a2b
北海道,食品・飲料,食料品・飲料,ＧＥＮＫＩＹＡ,,0112901319,突合済み,pref+city+name,ＧＥＮＫＩＹＡ,旭川市,公表データ,北海道 工賃実績（主な作業内容）,https://www.pref.hokkaido.lg.jp/hf/shf/ko-chin.html,428883040d57939a
北海道,食品・飲料,食料品・飲料,Ｒｅ～らぶ,,,未突合,unmatched,,,公表データ,北海道 工賃実績（主な作業内容）,https://www.pref.hokkaido.lg.jp/hf/shf/ko-chin.html,
北海道,食品・飲料,食料品・飲料,ＶIＶIＡNA,,0114101942,突合済み,pref+name,VIVIANA,釧路市,公表データ,北海道 工賃実績（主な作業内容）,https://www.pref.hokkaido.lg.jp/hf/shf/ko-chin.html,423fb1ba9a432f2e
北海道,飲食店運営,飲食店等の運営,151枝,,0114602071,突合済み,pref+city+name,１５１枝,帯広市,公表データ,北海道 工賃実績（主な作業内容）,https://www.pref.hokkaido.lg.jp/hf/shf/ko-chin.html,04f04836e623325f
北海道,飲食店運営,飲食店等の運営,CAFÉ DE MADEL,,,未突合,unmatched,,,公表データ,北海道 工賃実績（主な作業内容）,https://www.pref.hokkaido.lg.jp/hf/shf/ko-chin.html,
北海道,飲食店運営,飲食店等の運営,Lifeサポートピアハーブ,,0111100541,突合済み,pref+city+name,Lifeサポートピアハーブ,千歳市,公表データ,北海道 工賃実績（主な作業内容）,https://www.pref.hokkaido.lg.jp/hf/shf/ko-chin.html,f8dcb160d2b467b4
北海道,飲食店運営,飲食店等の運営,U-Garden,,,未突合,unmatched,,,公表データ,北海道 工賃実績（主な作業内容）,https://www.pref.hokkaido.lg.jp/hf/shf/ko-chin.html,
北海道,飲食店運営,飲食店等の運営,patisserie空香,,0115700908,突合済み,pref+city+name,patisserie空香,岩見沢市,公表データ,北海道 工賃実績（主な作業内容）,https://www.pref.hokkaido.lg.jp/hf/shf/ko-chin.html,5ff838548b64ab63
北海道,飲食店運営,飲食店等の運営,あいのさとワークセンター,,0110203791,突合済み,pref+city+name,あいのさとワークセンター,札幌市北区,公表データ,北海道 工賃実績（主な作業内容）,https://www.pref.hokkaido.lg.jp/hf/shf/ko-chin.html,ec6fe2b9889f46ca
北海道,飲食店運営,飲食店等の運営,あしょろ地域共同作業所ふれあいホーム,,0114700974,突合済み,pref+city+name,あしょろ地域共同作業所ふれあいホーム,足寄郡足寄町,公表データ,北海道 工賃実績（主な作業内容）,https://www.pref.hokkaido.lg.jp/hf/shf/ko-chin.html,4ec27e58f4cca23a
北海道,飲食店運営,飲食店等の運営,あすなろアクティビティセンター,,0111600193,突合済み,pref+city+name,あすなろアクティビティセンター,檜山郡江差町,公表データ,北海道 工賃実績（主な作業内容）,https://www.pref.hokkaido.lg.jp/hf/shf/ko-chin.html,c1fcc0a27ea9cc77
北海道,飲食店運営,飲食店等の運営,あすなろケータリングセンター,,0111600219,突合済み,pref+city+name,あすなろケータリングセンター,檜山郡江差町,公表データ,北海道 工賃実績（主な作業内容）,https://www.pref.hokkaido.lg.jp/hf/shf/ko-chin.html,b37d2880cab755bb
北海道,飲食店運営,飲食店等の運営,あすなろパン,,,未突合,city_mismatch,,,公表データ,北海道 工賃実績（主な作業内容）,https://www.pref.hokkaido.lg.jp/hf/shf/ko-chin.html,
北海道,飲食店運営,飲食店等の運営,あすなろ新地センター,,0111600292,突合済み,pref+city+name,あすなろ新地センター,檜山郡江差町,公表データ,北海道 工賃実績（主な作業内容）,https://www.pref.hokkaido.lg.jp/hf/shf/ko-chin.html,d57b223146f4ec7f
北海道,飲食店運営,飲食店等の運営,うらら,,0112905997,突合済み,pref+city+name,うらら,旭川市,公表データ,北海道 工賃実績（主な作業内容）,https://www.pref.hokkaido.lg.jp/hf/shf/ko-chin.html,c1644728a9ea59a7
北海道,飲食店運営,飲食店等の運営,かたつむりの舎,,0111001079,突合済み,pref+city+name,かたつむりの舎,江別市,公表データ,北海道 工賃実績（主な作業内容）,https://www.pref.hokkaido.lg.jp/hf/shf/ko-chin.html,37e25981bdd0c10d
北海道,飲食店運営,飲食店等の運営,かなえーる,,,未突合,unmatched,,,公表データ,北海道 工賃実績（主な作業内容）,https://www.pref.hokkaido.lg.jp/hf/shf/ko-chin.html,
北海道,飲食店運営,飲食店等の運営,かなえーる,,,未突合,unmatched,,,公表データ,北海道 工賃実績（主な作業内容）,https://www.pref.hokkaido.lg.jp/hf/shf/ko-chin.html,
北海道,飲食店運営,飲食店等の運営,ぎるどアース,,0112909601,突合済み,pref+city+name,ぎるどアース,旭川市,公表データ,北海道 工賃実績（主な作業内容）,https://www.pref.hokkaido.lg.jp/hf/shf/ko-chin.html,802a6a6b31d73e5f
北海道,飲食店運営,飲食店等の運営,くるみ,,0117100214,突合済み,pref+city+name,くるみ,砂川市,公表データ,北海道 工賃実績（主な作業内容）,https://www.pref.hokkaido.lg.jp/hf/shf/ko-chin.html,7e267236e6b411eb
北海道,飲食店運営,飲食店等の運営,ころりん,,0110405248,突合済み,pref+city+name,ころりん,札幌市白石区,公表データ,北海道 工賃実績（主な作業内容）,https://www.pref.hokkaido.lg.jp/hf/shf/ko-chin.html,09ea2bda10466dc4
北海道,飲食店運営,飲食店等の運営,そば処 今々亭,,,未突合,unmatched,,,公表データ,北海道 工賃実績（主な作業内容）,https://www.pref.hokkaido.lg.jp/hf/shf/ko-chin.html,
北海道,飲食店運営,飲食店等の運営,たごまる,,0111600318,突合済み,pref+city+name,たごまる,爾志郡乙部町,公表データ,北海道 工賃実績（主な作業内容）,https://www.pref.hokkaido.lg.jp/hf/shf/ko-chin.html,7fc32df71b442471
北海道,飲食店運営,飲食店等の運営,たつかーむ,,0113700629,突合済み,pref+city+name,たつかーむ,有珠郡壮瞥町,公表データ,北海道 工賃実績（主な作業内容）,https://www.pref.hokkaido.lg.jp/hf/shf/ko-chin.html,fa19f654e97f8030
北海道,飲食店運営,飲食店等の運営,たのしいどう,,0115700569,突合済み,pref+city+name,たのしいどう,岩見沢市,公表データ,北海道 工賃実績（主な作業内容）,https://www.pref.hokkaido.lg.jp/hf/shf/ko-chin.html,8f3d894b327566ce
北海道,飲食店運営,飲食店等の運営,だて地域生活支援センター,,0113700652,突合済み,pref+city+name,だて地域生活支援センター,伊達市,公表データ,北海道 工賃実績（主な作業内容）,https://www.pref.hokkaido.lg.jp/hf/shf/ko-chin.html,f78ef7da3f99f45e
北海道,飲食店運営,飲食店等の運営,ていくるーと,,,未突合,unmatched,,,公表データ,北海道 工賃実績（主な作業内容）,https://www.pref.hokkaido.lg.jp/hf/shf/ko-chin.html,
北海道,飲食店運営,飲食店等の運営,ていね・さくら館,,0110400934,突合済み,pref+city+name,ていね・さくら館,札幌市手稲区,公表データ,北海道 工賃実績（主な作業内容）,https://www.pref.hokkaido.lg.jp/hf/shf/ko-chin.html,4df50140c7405945
北海道,飲食店運営,飲食店等の運営,でこぼこW,,,未突合,unmatched,,,公表データ,北海道 工賃実績（主な作業内容）,https://www.pref.hokkaido.lg.jp/hf/shf/ko-chin.html,
北海道,飲食店運営,飲食店等の運営,とかちアークキッチン,,0114702418,突合済み,pref+city+name,とかちアークキッチン,帯広市,公表データ,北海道 工賃実績（主な作業内容）,https://www.pref.hokkaido.lg.jp/hf/shf/ko-chin.html,e53ae750a584a786
北海道,飲食店運営,飲食店等の運営,とわ北斗,,0113100531,突合済み,pref+city+name,とわ北斗,上川郡鷹栖町,公表データ,北海道 工賃実績（主な作業内容）,https://www.pref.hokkaido.lg.jp/hf/shf/ko-chin.html,d514dcc364416a5d
北海道,飲食店運営,飲食店等の運営,にっか,,,未突合,ambiguous,,,公表データ,北海道 工賃実績（主な作業内容）,https://www.pref.hokkaido.lg.jp/hf/shf/ko-chin.html,
北海道,飲食店運営,飲食店等の運営,ねむのきワークセンター,,0112907290,突合済み,pref+city+name,ねむのきワークセンター,旭川市,公表データ,北海道 工賃実績（主な作業内容）,https://www.pref.hokkaido.lg.jp/hf/shf/ko-chin.html,54c854413d9afaab
北海道,飲食店運営,飲食店等の運営,はあと,,0111500807,突合済み,pref+city+name,はあと,北斗市,公表データ,北海道 工賃実績（主な作業内容）,https://www.pref.hokkaido.lg.jp/hf/shf/ko-chin.html,dfb093337673015c
北海道,飲食店運営,飲食店等の運営,ひかりぷらす,,,未突合,ambiguous,,,公表データ,北海道 工賃実績（主な作業内容）,https://www.pref.hokkaido.lg.jp/hf/shf/ko-chin.html,
北海道,飲食店運営,飲食店等の運営,ひだまり,,0110400801,突合済み,pref+city+name,ひだまり,札幌市西区,公表データ,北海道 工賃実績（主な作業内容）,https://www.pref.hokkaido.lg.jp/hf/shf/ko-chin.html,ef072ee676002e7e
北海道,飲食店運営,飲食店等の運営,ひだまり,,0112907373,突合済み,pref+city+name,ひだまり,旭川市,公表データ,北海道 工賃実績（主な作業内容）,https://www.pref.hokkaido.lg.jp/hf/shf/ko-chin.html,b7bf64e22560c392
北海道,飲食店運営,飲食店等の運営,ひだまり,,0112001441,突合済み,pref+city+name,ひだまり,小樽市,公表データ,北海道 工賃実績（主な作業内容）,https://www.pref.hokkaido.lg.jp/hf/shf/ko-chin.html,310259fdc5b27ed1
北海道,飲食店運営,飲食店等の運営,びふか陽だまり,,,未突合,unmatched,,,公表データ,北海道 工賃実績（主な作業内容）,https://www.pref.hokkaido.lg.jp/hf/shf/ko-chin.html,
北海道,飲食店運営,飲食店等の運営,ふぁん・力むず,,,未突合,unmatched,,,公表データ,北海道 工賃実績（主な作業内容）,https://www.pref.hokkaido.lg.jp/hf/shf/ko-chin.html,
北海道,飲食店運営,飲食店等の運営,ふるる,,,未突合,unmatched,,,公表データ,北海道 工賃実績（主な作業内容）,https://www.pref.hokkaido.lg.jp/hf/shf/ko-chin.html,
北海道,飲食店運営,飲食店等の運営,ぷらっと,,0114300577,突合済み,pref+city+name,ぷらっと,厚岸郡厚岸町,公表データ,北海道 工賃実績（主な作業内容）,https://www.pref.hokkaido.lg.jp/hf/shf/ko-chin.html,4bca417407079321
北海道,飲食店運営,飲食店等の運営,べてる就労サポートセンターベテスダ,,0113800395,突合済み,pref+city+name,べテル就労サポートセンター　ベテスダ,浦河郡浦河町,公表データ,北海道 工賃実績（主な作業内容）,https://www.pref.hokkaido.lg.jp/hf/shf/ko-chin.html,c736db149d2e80b5
北海道,飲食店運営,飲食店等の運営,ほっとスペースＨｕＧ,,0116400359,突合済み,pref+city+name,ほっとスペースＨｕＧ,留萌市,公表データ,北海道 工賃実績（主な作業内容）,https://www.pref.hokkaido.lg.jp/hf/shf/ko-chin.html,ca2442c8ee06f58b
北海道,飲食店運営,飲食店等の運営,ぽから,,0110203577,突合済み,pref+city+name,ぽから,札幌市北区,公表データ,北海道 工賃実績（主な作業内容）,https://www.pref.hokkaido.lg.jp/hf/shf/ko-chin.html,fd471421c4642a4f
北海道,飲食店運営,飲食店等の運営,ゆい・ゆい本舗,,,未突合,city_mismatch,,,公表データ,北海道 工賃実績（主な作業内容）,https://www.pref.hokkaido.lg.jp/hf/shf/ko-chin.html,
北海道,飲食店運営,飲食店等の運営,らしくワーク,,,未突合,unmatched,,,公表データ,北海道 工賃実績（主な作業内容）,https://www.pref.hokkaido.lg.jp/hf/shf/ko-chin.html,
北海道,飲食店運営,飲食店等の運営,らむ北郷,,0110503182,突合済み,pref+city+name,らむ北郷,札幌市白石区,公表データ,北海道 工賃実績（主な作業内容）,https://www.pref.hokkaido.lg.jp/hf/shf/ko-chin.html,75857f270af83d19
北海道,飲食店運営,飲食店等の運営,りとるて,,0115001653,突合済み,pref+city+name,りとるて,北見市,公表データ,北海道 工賃実績（主な作業内容）,https://www.pref.hokkaido.lg.jp/hf/shf/ko-chin.html,6c8520fb8e0ea140
北海道,飲食店運営,飲食店等の運営,わくわくどう,,0115701005,突合済み,pref+name,わくわくどう,岩見沢市,公表データ,北海道 工賃実績（主な作業内容）,https://www.pref.hokkaido.lg.jp/hf/shf/ko-chin.html,3df001157484e335
北海道,飲食店運営,飲食店等の運営,わく園 北見事業所,,,未突合,unmatched,,,公表データ,北海道 工賃実績（主な作業内容）,https://www.pref.hokkaido.lg.jp/hf/shf/ko-chin.html,
北海道,飲食店運営,飲食店等の運営,アート工房きらく,,0114100837,突合済み,pref+city+name,アート工房　きらく,釧路市,公表データ,北海道 工賃実績（主な作業内容）,https://www.pref.hokkaido.lg.jp/hf/shf/ko-chin.html,31cfb9177239b0b6
北海道,飲食店運営,飲食店等の運営,ウェルズ,,,未突合,unmatched,,,公表データ,北海道 工賃実績（主な作業内容）,https://www.pref.hokkaido.lg.jp/hf/shf/ko-chin.html,
北海道,飲食店運営,飲食店等の運営,カレーのちから旭川豊岡店,,0112909437,突合済み,pref+city+name,カレーのちから旭川豊岡店,旭川市,公表データ,北海道 工賃実績（主な作業内容）,https://www.pref.hokkaido.lg.jp/hf/shf/ko-chin.html,c5a6aef8a4342923
北海道,飲食店運営,飲食店等の運営,キッチンぱすてる,,,未突合,city_mismatch,,,公表データ,北海道 工賃実績（主な作業内容）,https://www.pref.hokkaido.lg.jp/hf/shf/ko-chin.html,
北海道,飲食店運営,飲食店等の運営,クリン,,0111402517,突合済み,pref+city+name,クリン,函館市,公表データ,北海道 工賃実績（主な作業内容）,https://www.pref.hokkaido.lg.jp/hf/shf/ko-chin.html,33de6e81f20e230a
北海道,飲食店運営,飲食店等の運営,ココピアワークス札幌,,0110205333,突合済み,pref+city+name,ココピアワークス札幌,札幌市北区,公表データ,北海道 工賃実績（主な作業内容）,https://www.pref.hokkaido.lg.jp/hf/shf/ko-chin.html,3cddc94c674ed7c8
北海道,飲食店運営,飲食店等の運営,コンパス,,0110503158,突合済み,pref+city+name,コンパス,札幌市清田区,公表データ,北海道 工賃実績（主な作業内容）,https://www.pref.hokkaido.lg.jp/hf/shf/ko-chin.html,db3388e77e75c8dc
北海道,飲食店運営,飲食店等の運営,ゴチャマーゼ,,0113500870,突合済み,pref+city+name,ゴチャマーゼ,室蘭市,公表データ,北海道 工賃実績（主な作業内容）,https://www.pref.hokkaido.lg.jp/hf/shf/ko-chin.html,dd7a490b8186bb3d
北海道,飲食店運営,飲食店等の運営,サニー,,0110205937,突合済み,pref+city+name,サニー,札幌市北区,公表データ,北海道 工賃実績（主な作業内容）,https://www.pref.hokkaido.lg.jp/hf/shf/ko-chin.html,7656322de4908625
北海道,飲食店運営,飲食店等の運営,サポートセンター「えましあ」,,0113800569,突合済み,pref+city+name,サポートセンター「えましあ」,新冠郡新冠町,公表データ,北海道 工賃実績（主な作業内容）,https://www.pref.hokkaido.lg.jp/hf/shf/ko-chin.html,e19f2b3bac1424c3
北海道,飲食店運営,飲食店等の運営,サポートセンターぷるみえ,,0113602395,突合済み,pref+name,サポートセンターぷるみえ,苫小牧市,公表データ,北海道 工賃実績（主な作業内容）,https://www.pref.hokkaido.lg.jp/hf/shf/ko-chin.html,90b4fa2d5bef9174
北海道,飲食店運営,飲食店等の運営,サンスマイル,,0110901964,突合済み,pref+city+name,サンスマイル,札幌市清田区,公表データ,北海道 工賃実績（主な作業内容）,https://www.pref.hokkaido.lg.jp/hf/shf/ko-chin.html,8990b67b4bcaced8
北海道,飲食店運営,飲食店等の運営,シッポファーレ！,,0114101215,突合済み,pref+city+name,シッポファーレ！,釧路市,公表データ,北海道 工賃実績（主な作業内容）,https://www.pref.hokkaido.lg.jp/hf/shf/ko-chin.html,d7299f6b56e2729c
北海道,飲食店運営,飲食店等の運営,シフォン亭ほやほや,,0110100518,突合済み,pref+city+name,シフォン亭ほやほや,札幌市豊平区,公表データ,北海道 工賃実績（主な作業内容）,https://www.pref.hokkaido.lg.jp/hf/shf/ko-chin.html,a78f97a0dee08455
北海道,飲食店運営,飲食店等の運営,ジャパニケア札幌,,0110104866,突合済み,pref+city+name,ジャパニケア札幌,札幌市中央区,公表データ,北海道 工賃実績（主な作業内容）,https://www.pref.hokkaido.lg.jp/hf/shf/ko-chin.html,be3199ea932d6963
北海道,飲食店運営,飲食店等の運営,ジョブタス南１４条事業所,,0110104700,突合済み,pref+city+name,ジョブタス南１４条事業所,札幌市中央区,公表データ,北海道 工賃実績（主な作業内容）,https://www.pref.hokkaido.lg.jp/hf/shf/ko-chin.html,0bd540d02b70e9b2
北海道,飲食店運営,飲食店等の運営,スペース＝希望,,0110800166,突合済み,pref+city+name,スペース＝希望,札幌市厚別区,公表データ,北海道 工賃実績（主な作業内容）,https://www.pref.hokkaido.lg.jp/hf/shf/ko-chin.html,0a2fc5e766bf1425
北海道,飲食店運営,飲食店等の運営,スワン工房,,0114200082,突合済み,pref+city+name,スワン工房,野付郡別海町,公表データ,北海道 工賃実績（主な作業内容）,https://www.pref.hokkaido.lg.jp/hf/shf/ko-chin.html,aadfa075ee1ed760
北海道,飲食店運営,飲食店等の運営,ソエル,,0110101912,突合済み,pref+city+name,ソエル,札幌市中央区,公表データ,北海道 工賃実績（主な作業内容）,https://www.pref.hokkaido.lg.jp/hf/shf/ko-chin.html,5543a4010b462de2
北海道,飲食店運営,飲食店等の運営,チーム紅蓮Ｂ,,0112907480,突合済み,pref+city+name,チーム紅蓮Ｂ,旭川市,公表データ,北海道 工賃実績（主な作業内容）,https://www.pref.hokkaido.lg.jp/hf/shf/ko-chin.html,340a4bf9d5ae3f03
北海道,飲食店運営,飲食店等の運営,トラヴァイユ・それいゆ,,0110300407,突合済み,pref+city+name,トラヴァイユ・それいゆ,札幌市東区,公表データ,北海道 工賃実績（主な作業内容）,https://www.pref.hokkaido.lg.jp/hf/shf/ko-chin.html,dfa180b11abd9542
北海道,飲食店運営,飲食店等の運営,ナポリの窯釧路店,,,未突合,unmatched,,,公表データ,北海道 工賃実績（主な作業内容）,https://www.pref.hokkaido.lg.jp/hf/shf/ko-chin.html,
北海道,飲食店運営,飲食店等の運営,ハートステーション網走,,0115300709,突合済み,pref+city+name,ハートステーション網走,網走市,公表データ,北海道 工賃実績（主な作業内容）,https://www.pref.hokkaido.lg.jp/hf/shf/ko-chin.html,a7a3355c91dbcb67
北海道,飲食店運営,飲食店等の運営,パン工房あんびしゃす,,0110204476,突合済み,pref+city+name,パン工房　あんびしゃす,札幌市北区,公表データ,北海道 工賃実績（主な作業内容）,https://www.pref.hokkaido.lg.jp/hf/shf/ko-chin.html,43d68e6bad7d6790
北海道,飲食店運営,飲食店等の運営,ファニー函館,,0111402111,突合済み,pref+city+name,ファニー函館,函館市,公表データ,北海道 工賃実績（主な作業内容）,https://www.pref.hokkaido.lg.jp/hf/shf/ko-chin.html,44b994da64d3345f
北海道,飲食店運営,飲食店等の運営,フロンティア登別,,0113500623,突合済み,pref+city+name,フロンティア登別,登別市,公表データ,北海道 工賃実績（主な作業内容）,https://www.pref.hokkaido.lg.jp/hf/shf/ko-chin.html,c985c7e96f6c54fd
北海道,飲食店運営,飲食店等の運営,プレジール中の島,,0110507241,突合済み,pref+city+name,プレジール　中の島,札幌市豊平区,公表データ,北海道 工賃実績（主な作業内容）,https://www.pref.hokkaido.lg.jp/hf/shf/ko-chin.html,a314bfd7567304d8
北海道,飲食店運営,飲食店等の運営,ホクノーサポート,,,未突合,unmatched,,,公表データ,北海道 工賃実績（主な作業内容）,https://www.pref.hokkaido.lg.jp/hf/shf/ko-chin.html,
北海道,飲食店運営,飲食店等の運営,ヨベル,,0110402633,突合済み,pref+city+name,ヨベル,札幌市白石区,公表データ,北海道 工賃実績（主な作業内容）,https://www.pref.hokkaido.lg.jp/hf/shf/ko-chin.html,f21d5815fabb69a1
北海道,飲食店運営,飲食店等の運営,ライブコネクトくだん,,0117400499,突合済み,pref+city+name,ライブコネクトくだん,深川市,公表データ,北海道 工賃実績（主な作業内容）,https://www.pref.hokkaido.lg.jp/hf/shf/ko-chin.html,12f609ba66ce8ad8
北海道,飲食店運営,飲食店等の運営,ラボルスタシオ,,0110104064,突合済み,pref+city+name,ラボルスタシオ,札幌市西区,公表データ,北海道 工賃実績（主な作業内容）,https://www.pref.hokkaido.lg.jp/hf/shf/ko-chin.html,a4ca936b66c4ffb6
北海道,飲食店運営,飲食店等の運営,ワーカーズコープあいあい,,0113602452,突合済み,pref+city+name,ワーカーズコープあいあい,苫小牧市,公表データ,北海道 工賃実績（主な作業内容）,https://www.pref.hokkaido.lg.jp/hf/shf/ko-chin.html,6003a54d961108de
北海道,飲食店運営,飲食店等の運営,ワーカーズコープ恵庭地域福祉事業所はっぴーｊｏｂ,,0111200481,突合済み,pref+city+name,ワーカーズコープ　恵庭地域福祉事業所　はっぴーjob,恵庭市,公表データ,北海道 工賃実績（主な作業内容）,https://www.pref.hokkaido.lg.jp/hf/shf/ko-chin.html,3726da21f39e575e
北海道,飲食店運営,飲食店等の運営,ワークサポートフレンズ,,0113100408,突合済み,pref+city+name,ワークサポート　フレンズ,上川郡比布町,公表データ,北海道 工賃実績（主な作業内容）,https://www.pref.hokkaido.lg.jp/hf/shf/ko-chin.html,58776cadd8978db9
北海道,飲食店運営,飲食店等の運営,ワークサポート・プティパ,,0110503703,突合済み,pref+city+name,ワークサポート・プティパ,札幌市清田区,公表データ,北海道 工賃実績（主な作業内容）,https://www.pref.hokkaido.lg.jp/hf/shf/ko-chin.html,dcba3c1f9ac98c4c
北海道,飲食店運営,飲食店等の運営,ワークサロン虹,,0114600455,突合済み,pref+city+name,ワークサロン虹,帯広市,公表データ,北海道 工賃実績（主な作業内容）,https://www.pref.hokkaido.lg.jp/hf/shf/ko-chin.html,17b0d717203d7854
北海道,飲食店運営,飲食店等の運営,ワークショップどり～夢,,,未突合,unmatched,,,公表データ,北海道 工賃実績（主な作業内容）,https://www.pref.hokkaido.lg.jp/hf/shf/ko-chin.html,
北海道,飲食店運営,飲食店等の運営,ワークショップサンワ,,0110402153,突合済み,pref+city+name,ワークショップサンワ,札幌市西区,公表データ,北海道 工賃実績（主な作業内容）,https://www.pref.hokkaido.lg.jp/hf/shf/ko-chin.html,04161ff75837ea00
北海道,飲食店運営,飲食店等の運営,ワークショップ上野幌,,0110501012,突合済み,pref+city+name,ワークショップ上野幌,札幌市厚別区,公表データ,北海道 工賃実績（主な作業内容）,https://www.pref.hokkaido.lg.jp/hf/shf/ko-chin.html,bab311696b38cd84
北海道,飲食店運営,飲食店等の運営,ワークショップ風,,0113200786,突合済み,pref+city+name,ワークショップ風,上川郡剣淵町,公表データ,北海道 工賃実績（主な作業内容）,https://www.pref.hokkaido.lg.jp/hf/shf/ko-chin.html,ee7d425a570a07f6
北海道,飲食店運営,飲食店等の運営,ワークセンターきずな,,0113200554,突合済み,pref+city+name,ワークセンター　きずな,士別市,公表データ,北海道 工賃実績（主な作業内容）,https://www.pref.hokkaido.lg.jp/hf/shf/ko-chin.html,3cda095b134b1735
北海道,飲食店運営,飲食店等の運営,ワークセンター南宗谷ひだまり,,0116700451,突合済み,pref+city+name,ワークセンター　南宗谷ひだまり,枝幸郡枝幸町,公表データ,北海道 工賃実績（主な作業内容）,https://www.pref.hokkaido.lg.jp/hf/shf/ko-chin.html,5781382bf37f318a
北海道,飲食店運営,飲食店等の運営,ワークセンター栗の木,,0115800286,突合済み,pref+city+name,ワークセンター栗の木,夕張郡栗山町,公表データ,北海道 工賃実績（主な作業内容）,https://www.pref.hokkaido.lg.jp/hf/shf/ko-chin.html,1b165dd3eaccf6e7
北海道,飲食店運営,飲食店等の運営,ワークランド歌棄,,0112100136,突合済み,pref+city+name,ワークランド歌棄,寿都郡寿都町,公表データ,北海道 工賃実績（主な作業内容）,https://www.pref.hokkaido.lg.jp/hf/shf/ko-chin.html,243061920a0b7038
北海道,飲食店運営,飲食店等の運営,上富良野町デイサポートかみふらの,,,未突合,unmatched,,,公表データ,北海道 工賃実績（主な作業内容）,https://www.pref.hokkaido.lg.jp/hf/shf/ko-chin.html,
北海道,飲食店運営,飲食店等の運営,上富良野町就労支援事業所とむとむ,,,未突合,unmatched,,,公表データ,北海道 工賃実績（主な作業内容）,https://www.pref.hokkaido.lg.jp/hf/shf/ko-chin.html,
北海道,飲食店運営,飲食店等の運営,中ノ川センター,,0111501540,突合済み,pref+name,中ノ川センター,上磯郡知内町,公表データ,北海道 工賃実績（主な作業内容）,https://www.pref.hokkaido.lg.jp/hf/shf/ko-chin.html,aebfed18902e20a6
北海道,飲食店運営,飲食店等の運営,中富良野町Libre,,,未突合,unmatched,,,公表データ,北海道 工賃実績（主な作業内容）,https://www.pref.hokkaido.lg.jp/hf/shf/ko-chin.html,
北海道,飲食店運営,飲食店等の運営,光生舎く・る・る,,0110800067,突合済み,pref+city+name,光生舎く・る・る,札幌市厚別区,公表データ,北海道 工賃実績（主な作業内容）,https://www.pref.hokkaido.lg.jp/hf/shf/ko-chin.html,5362bfe8433edf7b
北海道,飲食店運営,飲食店等の運営,六事化事業所,,0115200354,突合済み,pref+city+name,六事化事業所,網走郡美幌町,公表データ,北海道 工賃実績（主な作業内容）,https://www.pref.hokkaido.lg.jp/hf/shf/ko-chin.html,67cfa2f9c9b1956e
北海道,飲食店運営,飲食店等の運営,共働事業所きばりや（旧名称：もじや）,,,未突合,unmatched,,,公表データ,北海道 工賃実績（主な作業内容）,https://www.pref.hokkaido.lg.jp/hf/shf/ko-chin.html,
北海道,飲食店運営,飲食店等の運営,共同ワークショップ「にんじん」,,0115700395,突合済み,pref+city+name,共同ワークショップ「にんじん」,岩見沢市,公表データ,北海道 工賃実績（主な作業内容）,https://www.pref.hokkaido.lg.jp/hf/shf/ko-chin.html,740ccabbddf57420
北海道,飲食店運営,飲食店等の運営,共生サロン八雲シンフォニー,,,未突合,unmatched,,,公表データ,北海道 工賃実績（主な作業内容）,https://www.pref.hokkaido.lg.jp/hf/shf/ko-chin.html,
北海道,飲食店運営,飲食店等の運営,北の峯学園,,0113000111,突合済み,pref+city+name,北の峯学園,富良野市,公表データ,北海道 工賃実績（主な作業内容）,https://www.pref.hokkaido.lg.jp/hf/shf/ko-chin.html,b388177e7576d7f3
北海道,飲食店運営,飲食店等の運営,合同会社デルタプラス稲穂事業所,,0115800625,突合済み,pref+city+name,合同会社デルタプラス稲穂事業所,空知郡南幌町,公表データ,北海道 工賃実績（主な作業内容）,https://www.pref.hokkaido.lg.jp/hf/shf/ko-chin.html,c7307815843f6668
北海道,飲食店運営,飲食店等の運営,啐啄童子,,,未突合,unmatched,,,公表データ,北海道 工賃実績（主な作業内容）,https://www.pref.hokkaido.lg.jp/hf/shf/ko-chin.html,
北海道,飲食店運営,飲食店等の運営,地域支援センターライフネットゆうばり,,,未突合,ambiguous,,,公表データ,北海道 工賃実績（主な作業内容）,https://www.pref.hokkaido.lg.jp/hf/shf/ko-chin.html,
北海道,飲食店運営,飲食店等の運営,地域自立生活応援センター共生舎,,0110300662,突合済み,pref+city+name,地域自立生活応援センター　共生舎,札幌市東区,公表データ,北海道 工賃実績（主な作業内容）,https://www.pref.hokkaido.lg.jp/hf/shf/ko-chin.html,98f8dd56b735aac6
北海道,飲食店運営,飲食店等の運営,塩梅屋,,0112000641,突合済み,pref+city+name,塩梅屋,小樽市,公表データ,北海道 工賃実績（主な作業内容）,https://www.pref.hokkaido.lg.jp/hf/shf/ko-chin.html,bb5ca3fd4f7b5fad
北海道,飲食店運営,飲食店等の運営,多機能型事業所 ワークス一条,,0111400743,突合済み,pref+city+name,多機能型事業所　ワークス一条,函館市,公表データ,北海道 工賃実績（主な作業内容）,https://www.pref.hokkaido.lg.jp/hf/shf/ko-chin.html,938375103082a35f
北海道,飲食店運営,飲食店等の運営,多機能型事業所 旭山農志塾,,0114701345,突合済み,pref+city+name,多機能型事業所　旭山農志塾,上川郡清水町,公表データ,北海道 工賃実績（主な作業内容）,https://www.pref.hokkaido.lg.jp/hf/shf/ko-chin.html,9f81597ee14676dc
北海道,飲食店運営,飲食店等の運営,多機能型事業所Seed,,0110700580,突合済み,pref+city+name,多機能型事業所　Ｓｅｅｄ,札幌市西区,公表データ,北海道 工賃実績（主な作業内容）,https://www.pref.hokkaido.lg.jp/hf/shf/ko-chin.html,a7f09141410563a3
北海道,飲食店運営,飲食店等の運営,多機能型事業所とらいわーく,,,未突合,unmatched,,,公表データ,北海道 工賃実績（主な作業内容）,https://www.pref.hokkaido.lg.jp/hf/shf/ko-chin.html,
北海道,飲食店運営,飲食店等の運営,多機能型事業所東開町2丁目,,0113602536,突合済み,pref+city+name,多機能型事業所東開町2丁目,苫小牧市,公表データ,北海道 工賃実績（主な作業内容）,https://www.pref.hokkaido.lg.jp/hf/shf/ko-chin.html,b30c1710b87eaeee
北海道,飲食店運営,飲食店等の運営,小規模作業所央太夢,,0110101771,突合済み,pref+city+name,小規模作業所　央太夢,札幌市東区,公表データ,北海道 工賃実績（主な作業内容）,https://www.pref.hokkaido.lg.jp/hf/shf/ko-chin.html,af72491bab38794b
北海道,飲食店運営,飲食店等の運営,就労センタージョブ,,0111300315,突合済み,pref+city+name,就労センタージョブ,北広島市,公表データ,北海道 工賃実績（主な作業内容）,https://www.pref.hokkaido.lg.jp/hf/shf/ko-chin.html,0770ae4a994248d8
北海道,飲食店運営,飲食店等の運営,就労支援センター Snowdrop・Clover,,0113601389,突合済み,pref+city+name,就労支援センターＳｎｏｗｄｒｏｐ・Ｃｌｏｖｅｒ,苫小牧市,公表データ,北海道 工賃実績（主な作業内容）,https://www.pref.hokkaido.lg.jp/hf/shf/ko-chin.html,d2cf4156f15a7097
北海道,飲食店運営,飲食店等の運営,就労支援センターPORTハウス,,0111501383,突合済み,pref+city+name,就労支援センターＰＯＲＴハウス,北斗市,公表データ,北海道 工賃実績（主な作業内容）,https://www.pref.hokkaido.lg.jp/hf/shf/ko-chin.html,61d19d22dec9ea06
北海道,飲食店運営,飲食店等の運営,就労支援センターToMoハウス,,0111500591,突合済み,pref+city+name,就労支援センター　ＴｏＭｏハウス,亀田郡七飯町,公表データ,北海道 工賃実績（主な作業内容）,https://www.pref.hokkaido.lg.jp/hf/shf/ko-chin.html,234e074ee6a7f692
北海道,飲食店運営,飲食店等の運営,就労支援センターてとて,,0110800141,突合済み,pref+city+name,就労支援センターてとて,札幌市厚別区,公表データ,北海道 工賃実績（主な作業内容）,https://www.pref.hokkaido.lg.jp/hf/shf/ko-chin.html,67337fad5e40da4a
北海道,飲食店運営,飲食店等の運営,就労支援センターピアチェーレ,,0113500375,突合済み,pref+city+name,就労支援センター　ピアチェーレ,登別市,公表データ,北海道 工賃実績（主な作業内容）,https://www.pref.hokkaido.lg.jp/hf/shf/ko-chin.html,158264d39e478e47
北海道,飲食店運営,飲食店等の運営,就労支援事業所 うたげ,,0114701576,突合済み,pref+city+name,就労支援事業所　うたげ,河西郡芽室町,公表データ,北海道 工賃実績（主な作業内容）,https://www.pref.hokkaido.lg.jp/hf/shf/ko-chin.html,2c746d5d8519ad8f
北海道,飲食店運営,飲食店等の運営,就労支援事業所 道北ワークセンター,,,未突合,unmatched,,,公表データ,北海道 工賃実績（主な作業内容）,https://www.pref.hokkaido.lg.jp/hf/shf/ko-chin.html,
北海道,飲食店運営,飲食店等の運営,就労支援事業所「すてっぷ」,,0115000622,突合済み,pref+city+name,就労支援事業所「すてっぷ」,北見市,公表データ,北海道 工賃実績（主な作業内容）,https://www.pref.hokkaido.lg.jp/hf/shf/ko-chin.html,0a36f29c241437c1
北海道,飲食店運営,飲食店等の運営,就労支援事業所つめ草,,0110101342,突合済み,pref+city+name,就労支援事業所　つめ草,札幌市中央区,公表データ,北海道 工賃実績（主な作業内容）,https://www.pref.hokkaido.lg.jp/hf/shf/ko-chin.html,f7d7edf68c522b6d
北海道,飲食店運営,飲食店等の運営,就労支援事業所ふたば,,0112906466,突合済み,pref+city+name,就労支援事業所　ふたば,旭川市,公表データ,北海道 工賃実績（主な作業内容）,https://www.pref.hokkaido.lg.jp/hf/shf/ko-chin.html,4817e18c037e87fd
北海道,飲食店運営,飲食店等の運営,就労支援事業所クローバー北18条,,0110204062,突合済み,pref+city+name,就労支援事業所　クローバー北１８条,札幌市北区,公表データ,北海道 工賃実績（主な作業内容）,https://www.pref.hokkaido.lg.jp/hf/shf/ko-chin.html,975961fb6fc4f351
北海道,飲食店運営,飲食店等の運営,就労支援事業所テオトル,,0113500904,突合済み,pref+city+name,就労支援事業所テオトル,室蘭市,公表データ,北海道 工賃実績（主な作業内容）,https://www.pref.hokkaido.lg.jp/hf/shf/ko-chin.html,f3cfccd9d9d396b0
北海道,飲食店運営,飲食店等の運営,就労支援事業所ホープフル・和,,,未突合,unmatched,,,公表データ,北海道 工賃実績（主な作業内容）,https://www.pref.hokkaido.lg.jp/hf/shf/ko-chin.html,
北海道,飲食店運営,飲食店等の運営,就労支援多機能型ワークメイト,,,未突合,unmatched,,,公表データ,北海道 工賃実績（主な作業内容）,https://www.pref.hokkaido.lg.jp/hf/shf/ko-chin.html,
北海道,飲食店運営,飲食店等の運営,就労支援多機能型事業所 みっくすベジタ,,,未突合,unmatched,,,公表データ,北海道 工賃実績（主な作業内容）,https://www.pref.hokkaido.lg.jp/hf/shf/ko-chin.html,
北海道,飲食店運営,飲食店等の運営,就労継続支援 れのあ ＧＡＬＡＸＹ,,0110205143,突合済み,pref+city+name,就労継続支援　れのあ　ＧＡＬＡＸＹ,札幌市北区,公表データ,北海道 工賃実績（主な作業内容）,https://www.pref.hokkaido.lg.jp/hf/shf/ko-chin.html,bd1fad8eeb18547b
北海道,飲食店運営,飲食店等の運営,就労継続支援A型事業所 CONNECT YOICHI,,0112500632,突合済み,pref+city+name,就労継続支援A型事業所　CONNECT　YOICHI,余市郡余市町,公表データ,北海道 工賃実績（主な作業内容）,https://www.pref.hokkaido.lg.jp/hf/shf/ko-chin.html,b20e0bb1f840accf
北海道,飲食店運営,飲食店等の運営,就労継続支援A型事業所One’ｓLife,,0117100644,突合済み,pref+city+name,就労継続支援Ａ型事業所　Ｏｎｅ’ｓ　Ｌｉｆｅ,砂川市,公表データ,北海道 工賃実績（主な作業内容）,https://www.pref.hokkaido.lg.jp/hf/shf/ko-chin.html,11d99cd37d28d748
北海道,飲食店運営,飲食店等の運営,就労継続支援A型事業所「なかま」江別,,0111001616,突合済み,pref+city+name,就労継続支援A型事業所「なかま」江別,江別市,公表データ,北海道 工賃実績（主な作業内容）,https://www.pref.hokkaido.lg.jp/hf/shf/ko-chin.html,891b1e8433a9845c
北海道,飲食店運営,飲食店等の運営,就労継続支援A型事業所「なかま」真栄,,0110900313,突合済み,pref+city+name,就労継続支援Ａ型事業所「なかま」真栄,札幌市清田区,公表データ,北海道 工賃実績（主な作業内容）,https://www.pref.hokkaido.lg.jp/hf/shf/ko-chin.html,89cd75beeb3636be
北海道,飲食店運営,飲食店等の運営,就労継続支援B フロンティア,,,未突合,unmatched,,,公表データ,北海道 工賃実績（主な作業内容）,https://www.pref.hokkaido.lg.jp/hf/shf/ko-chin.html,
北海道,飲食店運営,飲食店等の運営,就労継続支援B型,,,未突合,unmatched,,,公表データ,北海道 工賃実績（主な作業内容）,https://www.pref.hokkaido.lg.jp/hf/shf/ko-chin.html,
北海道,飲食店運営,飲食店等の運営,就労継続支援B型 まんまる笑顔,,,未突合,unmatched,,,公表データ,北海道 工賃実績（主な作業内容）,https://www.pref.hokkaido.lg.jp/hf/shf/ko-chin.html,
北海道,飲食店運営,飲食店等の運営,就労継続支援B型Fun2,,0110302361,突合済み,pref+city+name,就労継続支援B型　Fun２,札幌市東区,公表データ,北海道 工賃実績（主な作業内容）,https://www.pref.hokkaido.lg.jp/hf/shf/ko-chin.html,866d903653ae0a83
北海道,飲食店運営,飲食店等の運営,就労継続支援B型カフェほほえみ,,,未突合,unmatched,,,公表データ,北海道 工賃実績（主な作業内容）,https://www.pref.hokkaido.lg.jp/hf/shf/ko-chin.html,
北海道,飲食店運営,飲食店等の運営,就労継続支援B型事業所 Latte,,0110701372,突合済み,pref+city+name,就労継続支援Ｂ型事業所Latte,札幌市西区,公表データ,北海道 工賃実績（主な作業内容）,https://www.pref.hokkaido.lg.jp/hf/shf/ko-chin.html,b88f9a5b6a1cc5c4
北海道,飲食店運営,飲食店等の運営,就労継続支援B型事業所 caféとまり木,,,未突合,unmatched,,,公表データ,北海道 工賃実績（主な作業内容）,https://www.pref.hokkaido.lg.jp/hf/shf/ko-chin.html,
北海道,飲食店運営,飲食店等の運営,就労継続支援B型事業所 若草友の会共同作業所,,,未突合,unmatched,,,公表データ,北海道 工賃実績（主な作業内容）,https://www.pref.hokkaido.lg.jp/hf/shf/ko-chin.html,
北海道,飲食店運営,飲食店等の運営,就労継続支援B型事業所GROW,,0111402806,突合済み,pref+city+name,就労継続支援Ｂ型事業所ＧＲＯＷ,函館市,公表データ,北海道 工賃実績（主な作業内容）,https://www.pref.hokkaido.lg.jp/hf/shf/ko-chin.html,eda852098e4aa441
北海道,飲食店運営,飲食店等の運営,就労継続支援B型事業所be.coffee stand,,0110404159,突合済み,pref+city+name,就労継続支援Ｂ型事業所be.coffee stand,札幌市白石区,公表データ,北海道 工賃実績（主な作業内容）,https://www.pref.hokkaido.lg.jp/hf/shf/ko-chin.html,6711f9a1be9c885e
北海道,飲食店運営,飲食店等の運営,就労継続支援B型事業所be.coffee stay,,0110901394,突合済み,pref+city+name,就労継続支援Ｂ型事業所　ｂｅ．Ｃｏｆｆｅｅ　ｓｔａｙ,札幌市清田区,公表データ,北海道 工賃実績（主な作業内容）,https://www.pref.hokkaido.lg.jp/hf/shf/ko-chin.html,885e3611feec47d7
北海道,飲食店運営,飲食店等の運営,就労継続支援B型事業所てらす,,0110405347,突合済み,pref+city+name,就労継続支援B型事業所　テラス,札幌市白石区,公表データ,北海道 工賃実績（主な作業内容）,https://www.pref.hokkaido.lg.jp/hf/shf/ko-chin.html,21b25781035c0d3c
北海道,飲食店運営,飲食店等の運営,就労継続支援B型事業所ひのでより,,,未突合,unmatched,,,公表データ,北海道 工賃実績（主な作業内容）,https://www.pref.hokkaido.lg.jp/hf/shf/ko-chin.html,
北海道,飲食店運営,飲食店等の運営,就労継続支援B型事業所わかば,,,未突合,unmatched,,,公表データ,北海道 工賃実績（主な作業内容）,https://www.pref.hokkaido.lg.jp/hf/shf/ko-chin.html,
北海道,飲食店運営,飲食店等の運営,就労継続支援B型事業所アイランド,,0112908900,突合済み,pref+city+name,就労継続支援Ｂ型事業所アイランド,旭川市,公表データ,北海道 工賃実績（主な作業内容）,https://www.pref.hokkaido.lg.jp/hf/shf/ko-chin.html,45febe773cbc5867
北海道,飲食店運営,飲食店等の運営,就労継続支援B型事業所クープア,,,未突合,unmatched,,,公表データ,北海道 工賃実績（主な作業内容）,https://www.pref.hokkaido.lg.jp/hf/shf/ko-chin.html,
北海道,飲食店運営,飲食店等の運営,就労継続支援B型事業所コンテ,,,未突合,unmatched,,,公表データ,北海道 工賃実績（主な作業内容）,https://www.pref.hokkaido.lg.jp/hf/shf/ko-chin.html,
北海道,飲食店運営,飲食店等の運営,就労継続支援B型事業所スイーツピース,,,未突合,unmatched,,,公表データ,北海道 工賃実績（主な作業内容）,https://www.pref.hokkaido.lg.jp/hf/shf/ko-chin.html,
北海道,飲食店運営,飲食店等の運営,就労継続支援B型事業所和,,,未突合,unmatched,,,公表データ,北海道 工賃実績（主な作業内容）,https://www.pref.hokkaido.lg.jp/hf/shf/ko-chin.html,
北海道,飲食店運営,飲食店等の運営,就労継続支援B型事業所型事業所 さるがわ,,,未突合,unmatched,,,公表データ,北海道 工賃実績（主な作業内容）,https://www.pref.hokkaido.lg.jp/hf/shf/ko-chin.html,
北海道,飲食店運営,飲食店等の運営,就労継続支援B型事業所型事業所スノードロップ,,,未突合,unmatched,,,公表データ,北海道 工賃実績（主な作業内容）,https://www.pref.hokkaido.lg.jp/hf/shf/ko-chin.html,
北海道,飲食店運営,飲食店等の運営,就労継続支援事業所 さち,,0115001364,突合済み,pref+city+name,就労継続支援事業所　さち,北見市,公表データ,北海道 工賃実績（主な作業内容）,https://www.pref.hokkaido.lg.jp/hf/shf/ko-chin.html,971a89a0cf2c95c7
北海道,飲食店運営,飲食店等の運営,就労継続支援事業所エコ・ファクトリー,,0111100236,突合済み,pref+city+name,就労継続支援事業所　エコ・ファクトリー,千歳市,公表データ,北海道 工賃実績（主な作業内容）,https://www.pref.hokkaido.lg.jp/hf/shf/ko-chin.html,7ce84ac09634b0a7
北海道,飲食店運営,飲食店等の運営,就労継続支援事業所エンターテインメントアカデミーでじるみ,,,未突合,unmatched,,,公表データ,北海道 工賃実績（主な作業内容）,https://www.pref.hokkaido.lg.jp/hf/shf/ko-chin.html,
北海道,飲食店運営,飲食店等の運営,就労継続支援事業所ハートフル・みらい,,0113200349,突合済み,pref+city+name,就労継続支援事業所ハートフル・みらい,名寄市,公表データ,北海道 工賃実績（主な作業内容）,https://www.pref.hokkaido.lg.jp/hf/shf/ko-chin.html,5b3614e0470cbf7c
北海道,飲食店運営,飲食店等の運営,就労継続支援Ｂ型,,,未突合,unmatched,,,公表データ,北海道 工賃実績（主な作業内容）,https://www.pref.hokkaido.lg.jp/hf/shf/ko-chin.html,
北海道,飲食店運営,飲食店等の運営,就労継続支援Ｂ型どりーみほーむ,,0110700036,突合済み,pref+city+name,就労継続支援Ｂ型どりーみほーむ,札幌市西区,公表データ,北海道 工賃実績（主な作業内容）,https://www.pref.hokkaido.lg.jp/hf/shf/ko-chin.html,68aa6e5e44f82444
北海道,飲食店運営,飲食店等の運営,就労継続支援Ｂ型事業所 くしろ夕日カフェ,,,未突合,unmatched,,,公表データ,北海道 工賃実績（主な作業内容）,https://www.pref.hokkaido.lg.jp/hf/shf/ko-chin.html,
北海道,飲食店運営,飲食店等の運営,就労継続支援Ｂ型事業所 安心生産農園,,,未突合,unmatched,,,公表データ,北海道 工賃実績（主な作業内容）,https://www.pref.hokkaido.lg.jp/hf/shf/ko-chin.html,
北海道,飲食店運営,飲食店等の運営,就労継続支援Ｂ型事業所 小麦王国,,0112909569,突合済み,pref+city+name,就労継続支援Ｂ型事業所　小麦王国,旭川市,公表データ,北海道 工賃実績（主な作業内容）,https://www.pref.hokkaido.lg.jp/hf/shf/ko-chin.html,3b3dbabd29250456
北海道,飲食店運営,飲食店等の運営,就労継続支援Ｂ型事業所さわやか,,0115400293,突合済み,pref+city+name,就労継続支援Ｂ型事業所　さわやか,紋別郡遠軽町,公表データ,北海道 工賃実績（主な作業内容）,https://www.pref.hokkaido.lg.jp/hf/shf/ko-chin.html,d7b06d3ef944f699
北海道,飲食店運営,飲食店等の運営,就労継続支援Ｂ型事業所ハーベスト,,0110900669,突合済み,pref+city+name,就労継続支援Ｂ型事業所　ハーベスト,札幌市手稲区,公表データ,北海道 工賃実績（主な作業内容）,https://www.pref.hokkaido.lg.jp/hf/shf/ko-chin.html,b8dc84f6f0aae732
北海道,飲食店運営,飲食店等の運営,就労継続支援Ｂ型事業所ワークランドかっこう,,,未突合,unmatched,,,公表データ,北海道 工賃実績（主な作業内容）,https://www.pref.hokkaido.lg.jp/hf/shf/ko-chin.html,
北海道,飲食店運営,飲食店等の運営,帯広ケア・センター,,,未突合,unmatched,,,公表データ,北海道 工賃実績（主な作業内容）,https://www.pref.hokkaido.lg.jp/hf/shf/ko-chin.html,
北海道,飲食店運営,飲食店等の運営,幌西ほうおん,,0110103025,突合済み,pref+city+name,幌西ほうおん,札幌市中央区,公表データ,北海道 工賃実績（主な作業内容）,https://www.pref.hokkaido.lg.jp/hf/shf/ko-chin.html,792e0ef572c5204c
北海道,飲食店運営,飲食店等の運営,当別町共生型コミュニティ農園ぺこぺこのはたけ,,,未突合,unmatched,,,公表データ,北海道 工賃実績（主な作業内容）,https://www.pref.hokkaido.lg.jp/hf/shf/ko-chin.html,
北海道,飲食店運営,飲食店等の運営,新ひだか町ワークセンターみのり,,,未突合,unmatched,,,公表データ,北海道 工賃実績（主な作業内容）,https://www.pref.hokkaido.lg.jp/hf/shf/ko-chin.html,
北海道,飲食店運営,飲食店等の運営,新十津川町就労継続支援B型事業所ぴあねっと,,,未突合,unmatched,,,公表データ,北海道 工賃実績（主な作業内容）,https://www.pref.hokkaido.lg.jp/hf/shf/ko-chin.html,
北海道,飲食店運営,飲食店等の運営,日中活動センターげんせん,,0113500185,突合済み,pref+city+name,日中活動センターげんせん,室蘭市,公表データ,北海道 工賃実績（主な作業内容）,https://www.pref.hokkaido.lg.jp/hf/shf/ko-chin.html,f5d72e4014c57817
北海道,飲食店運営,飲食店等の運営,晴レルモキッチン,,0111100723,突合済み,pref+city+name,晴レルモキッチン,千歳市,公表データ,北海道 工賃実績（主な作業内容）,https://www.pref.hokkaido.lg.jp/hf/shf/ko-chin.html,a88daeedcb4a17b3
北海道,飲食店運営,飲食店等の運営,株式会社ひまわりの会,,,未突合,unmatched,,,公表データ,北海道 工賃実績（主な作業内容）,https://www.pref.hokkaido.lg.jp/hf/shf/ko-chin.html,
北海道,飲食店運営,飲食店等の運営,株式会社リライフ・サポート,,,未突合,unmatched,,,公表データ,北海道 工賃実績（主な作業内容）,https://www.pref.hokkaido.lg.jp/hf/shf/ko-chin.html,
北海道,飲食店運営,飲食店等の運営,滝川ほほえみ工房,,0117500157,突合済み,pref+city+name,滝川ほほえみ工房,滝川市,公表データ,北海道 工賃実績（主な作業内容）,https://www.pref.hokkaido.lg.jp/hf/shf/ko-chin.html,6d024e2690df3a5e
北海道,飲食店運営,飲食店等の運営,特定非営利活動法人サポートハウスちゃお,,0116400227,突合済み,pref+city+name,特定非営利活動法人　サポートハウスちゃお,留萌市,公表データ,北海道 工賃実績（主な作業内容）,https://www.pref.hokkaido.lg.jp/hf/shf/ko-chin.html,48e44e71e685f38c
北海道,飲食店運営,飲食店等の運営,猫かふぇ準備室,,0110103058,突合済み,pref+city+name,猫かふぇ準備室,札幌市中央区,公表データ,北海道 工賃実績（主な作業内容）,https://www.pref.hokkaido.lg.jp/hf/shf/ko-chin.html,fa9591c4fa41ddc0
北海道,飲食店運営,飲食店等の運営,白石障がい者就労センタースカイ,,0110402401,突合済み,pref+city+name,白石障がい者就労センター　スカイ,札幌市白石区,公表データ,北海道 工賃実績（主な作業内容）,https://www.pref.hokkaido.lg.jp/hf/shf/ko-chin.html,70338f2d5f322128
北海道,飲食店運営,飲食店等の運営,知内FDセンター,,0111501441,突合済み,pref+name,知内ＦＤセンター,上磯郡知内町,公表データ,北海道 工賃実績（主な作業内容）,https://www.pref.hokkaido.lg.jp/hf/shf/ko-chin.html,bbb489b7b21d0318
北海道,飲食店運営,飲食店等の運営,石狩あすなろ会,,0117600460,突合済み,pref+city+name,石狩あすなろ会,石狩市,公表データ,北海道 工賃実績（主な作業内容）,https://www.pref.hokkaido.lg.jp/hf/shf/ko-chin.html,6fe3b5cc56d799ca
北海道,飲食店運営,飲食店等の運営,笑こころ,,0112000666,突合済み,pref+city+name,笑こころ,小樽市,公表データ,北海道 工賃実績（主な作業内容）,https://www.pref.hokkaido.lg.jp/hf/shf/ko-chin.html,077c10b21b41cae2
北海道,飲食店運営,飲食店等の運営,笑飛巣,,0117100586,突合済み,pref+city+name,笑飛巣,砂川市,公表データ,北海道 工賃実績（主な作業内容）,https://www.pref.hokkaido.lg.jp/hf/shf/ko-chin.html,8dbbd4044cd225f6
北海道,飲食店運営,飲食店等の運営,聴覚障害者支援センターほほえみ作業所,,0110503554,突合済み,pref+city+name,聴覚障害者支援センターほほえみ作業所,札幌市白石区,公表データ,北海道 工賃実績（主な作業内容）,https://www.pref.hokkaido.lg.jp/hf/shf/ko-chin.html,0b415e9b4d56f5a3
北海道,飲食店運営,飲食店等の運営,自立サポート彩り舎,,0112001177,突合済み,pref+city+name,自立サポート彩り舎,小樽市,公表データ,北海道 工賃実績（主な作業内容）,https://www.pref.hokkaido.lg.jp/hf/shf/ko-chin.html,ff169705e62560b8
北海道,飲食店運営,飲食店等の運営,菓子工房笑くぼ,,0111000634,突合済み,pref+city+name,菓子工房　笑くぼ,江別市,公表データ,北海道 工賃実績（主な作業内容）,https://www.pref.hokkaido.lg.jp/hf/shf/ko-chin.html,d2e43827e3862405
北海道,飲食店運営,飲食店等の運営,落葉樹色のジェラートverymotch,,0113602494,突合済み,pref+city+name,落葉樹色のジェラート　very motch,勇払郡厚真町,公表データ,北海道 工賃実績（主な作業内容）,https://www.pref.hokkaido.lg.jp/hf/shf/ko-chin.html,582e4db4a45aa319
北海道,飲食店運営,飲食店等の運営,軽食喫茶 たんぽぽ,,0111402053,突合済み,pref+city+name,軽食喫茶たんぽぽ,函館市,公表データ,北海道 工賃実績（主な作業内容）,https://www.pref.hokkaido.lg.jp/hf/shf/ko-chin.html,f6d94f6ad585af40
北海道,飲食店運営,飲食店等の運営,軽食喫茶らぁ～ふ,,,未突合,unmatched,,,公表データ,北海道 工賃実績（主な作業内容）,https://www.pref.hokkaido.lg.jp/hf/shf/ko-chin.html,
北海道,飲食店運営,飲食店等の運営,陽だまり,,0113200893,突合済み,pref+city+name,陽だまり,名寄市,公表データ,北海道 工賃実績（主な作業内容）,https://www.pref.hokkaido.lg.jp/hf/shf/ko-chin.html,089f660a789b7b02
北海道,飲食店運営,飲食店等の運営,障がい者就労支援センター ストーリー,,0110203189,突合済み,pref+city+name,障がい者就労支援センターストーリー,札幌市北区,公表データ,北海道 工賃実績（主な作業内容）,https://www.pref.hokkaido.lg.jp/hf/shf/ko-chin.html,a68bab5af55f1b22
北海道,飲食店運営,飲食店等の運営,障害福祉サービス事業所K・P１,,,未突合,unmatched,,,公表データ,北海道 工賃実績（主な作業内容）,https://www.pref.hokkaido.lg.jp/hf/shf/ko-chin.html,
北海道,飲食店運営,飲食店等の運営,障害福祉サービス事業所K・P１,,,未突合,unmatched,,,公表データ,北海道 工賃実績（主な作業内容）,https://www.pref.hokkaido.lg.jp/hf/shf/ko-chin.html,
北海道,飲食店運営,飲食店等の運営,障害者支援施設 風連別学園,,0116400276,突合済み,pref+city+name,障害者支援施設　風連別学園,苫前郡初山別村,公表データ,北海道 工賃実績（主な作業内容）,https://www.pref.hokkaido.lg.jp/hf/shf/ko-chin.html,57341abd836c97ee
北海道,飲食店運営,飲食店等の運営,青葉,,0112000336,突合済み,pref+city+name,青葉,小樽市,公表データ,北海道 工賃実績（主な作業内容）,https://www.pref.hokkaido.lg.jp/hf/shf/ko-chin.html,5b0a5616fafacf4f
北海道,飲食店運営,飲食店等の運営,青葉の杜,,0111100590,突合済み,pref+city+name,青葉の杜,千歳市,公表データ,北海道 工賃実績（主な作業内容）,https://www.pref.hokkaido.lg.jp/hf/shf/ko-chin.html,37b568b16bfa5692
北海道,飲食店運営,飲食店等の運営,Ｆｒｅｉｈｅｉｔ,,0113200760,突合済み,pref+city+name,Ｆｒｅｉｈｅｉｔ,名寄市,公表データ,北海道 工賃実績（主な作業内容）,https://www.pref.hokkaido.lg.jp/hf/shf/ko-chin.html,dddbfd434023724d
北海道,飲食店運営,飲食店等の運営,ｃａｆｅゆるり,,,未突合,unmatched,,,公表データ,北海道 工賃実績（主な作業内容）,https://www.pref.hokkaido.lg.jp/hf/shf/ko-chin.html,
愛知県,その他サービス,その他の役務,(株)みんなの福祉村,,2310201013,突合済み,office_no,じゃがいも,名古屋市西区,公表データ,愛知県 工賃実績（主な作業内容）,https://www.pref.aichi.jp/soshiki/shogai/kouchin-jisseki.html,3853e35ef4a79cc3
愛知県,その他サービス,その他の役務,(株)みんなの福祉村,,2310201963,突合済み,office_no,とまとガーデン,名古屋市西区,公表データ,愛知県 工賃実績（主な作業内容）,https://www.pref.aichi.jp/soshiki/shogai/kouchin-jisseki.html,43b2b19b916a2880
愛知県,その他サービス,その他の役務,1180305008769,,2315101473,突合済み,office_no,ワーキングファクトリー　Reflection,豊橋市,公表データ,愛知県 工賃実績（主な作業内容）,https://www.pref.aichi.jp/soshiki/shogai/kouchin-jisseki.html,c3b38be17092e244
愛知県,その他サービス,その他の役務,2180005016022,,2311100834,突合済み,office_no,就労継続支援Ｂ型事業所きぼうⅢ,名古屋市熱田区,公表データ,愛知県 工賃実績（主な作業内容）,https://www.pref.aichi.jp/soshiki/shogai/kouchin-jisseki.html,49354e437e3d9568
愛知県,その他サービス,その他の役務,2180005016022,,2311200717,突合済み,office_no,就労継続支援Ｂ型事業所きぼう,名古屋市港区,公表データ,愛知県 工賃実績（主な作業内容）,https://www.pref.aichi.jp/soshiki/shogai/kouchin-jisseki.html,1ccf40116b55d862
愛知県,その他サービス,その他の役務,2180005016022,,2311200899,突合済み,office_no,就労継続支援B型事業所きぼうⅡ,名古屋市港区,公表データ,愛知県 工賃実績（主な作業内容）,https://www.pref.aichi.jp/soshiki/shogai/kouchin-jisseki.html,d11aa62981ded855
愛知県,その他サービス,その他の役務,2180301009373,,2315300307,突合済み,office_no,ピュアオフィス矢車草　蒲郡,蒲郡市,公表データ,愛知県 工賃実績（主な作業内容）,https://www.pref.aichi.jp/soshiki/shogai/kouchin-jisseki.html,8332fac71e2cab4f
愛知県,その他サービス,その他の役務,3180001139412,,2310500760,突合済み,office_no,就労継続支援Ｂ型事業所あ・うん,あま市,公表データ,愛知県 工賃実績（主な作業内容）,https://www.pref.aichi.jp/soshiki/shogai/kouchin-jisseki.html,f18784e9fb06f8af
愛知県,その他サービス,その他の役務,3180005005627,,2311301390,突合済み,office_no,Ｙｏｕ　ｅｎ,名古屋市中川区,公表データ,愛知県 工賃実績（主な作業内容）,https://www.pref.aichi.jp/soshiki/shogai/kouchin-jisseki.html,0cefe7e001162940
愛知県,その他サービス,その他の役務,4180005011715,,2318200710,突合済み,office_no,就労支援すまいるずいこう,半田市,公表データ,愛知県 工賃実績（主な作業内容）,https://www.pref.aichi.jp/soshiki/shogai/kouchin-jisseki.html,9a6abbf6125abb7a
愛知県,その他サービス,その他の役務,4180005014445,,2318000623,突合済み,office_no,メルシーサポート,名古屋市名東区,公表データ,愛知県 工賃実績（主な作業内容）,https://www.pref.aichi.jp/soshiki/shogai/kouchin-jisseki.html,d744b150a5ef34fa
愛知県,その他サービス,その他の役務,5180000509659,,2312100072,突合済み,office_no,一宮市立いずみ第２作業所,一宮市,公表データ,愛知県 工賃実績（主な作業内容）,https://www.pref.aichi.jp/soshiki/shogai/kouchin-jisseki.html,4f6fe9252f8eac79
愛知県,その他サービス,その他の役務,5180005007828,,2313402147,突合済み,office_no,UNIBO T-face店,豊田市,公表データ,愛知県 工賃実績（主な作業内容）,https://www.pref.aichi.jp/soshiki/shogai/kouchin-jisseki.html,50eca2cba60165dd
愛知県,その他サービス,その他の役務,5180005011615,,2317700579,突合済み,office_no,地球子ども村　小牧第二事業所,小牧市,公表データ,愛知県 工賃実績（主な作業内容）,https://www.pref.aichi.jp/soshiki/shogai/kouchin-jisseki.html,e0d6c3aef9a926d0
愛知県,その他サービス,その他の役務,5180005017918,,2310101379,突合済み,office_no,就労継続支援B型事業所スポNAGO,名古屋市中村区,公表データ,愛知県 工賃実績（主な作業内容）,https://www.pref.aichi.jp/soshiki/shogai/kouchin-jisseki.html,cdca3f0a95dd9efb
愛知県,その他サービス,その他の役務,5180005017918,,2310101460,突合済み,office_no,就労継続支援Ｂ型事業所スポＮＡＧＯyanagibashi,名古屋市中村区,公表データ,愛知県 工賃実績（主な作業内容）,https://www.pref.aichi.jp/soshiki/shogai/kouchin-jisseki.html,f6690a35c303b649
愛知県,その他サービス,その他の役務,5180305003345,,2315100756,突合済み,office_no,福祉サービス事業所ユアケミスト,豊橋市,公表データ,愛知県 工賃実績（主な作業内容）,https://www.pref.aichi.jp/soshiki/shogai/kouchin-jisseki.html,7eb6e807da63548d
愛知県,その他サービス,その他の役務,6180001164390,,,未突合,unmatched,,,公表データ,愛知県 工賃実績（主な作業内容）,https://www.pref.aichi.jp/soshiki/shogai/kouchin-jisseki.html,
愛知県,その他サービス,その他の役務,6180001164390,,,未突合,unmatched,,,公表データ,愛知県 工賃実績（主な作業内容）,https://www.pref.aichi.jp/soshiki/shogai/kouchin-jisseki.html,
愛知県,その他サービス,その他の役務,6180005012595,,2318900228,突合済み,office_no,知多市障がい者活動センター　やまもも第１,知多市,公表データ,愛知県 工賃実績（主な作業内容）,https://www.pref.aichi.jp/soshiki/shogai/kouchin-jisseki.html,df36b0e443610a8f
愛知県,その他サービス,その他の役務,7010405010834,,2315100905,突合済み,office_no,アイエスエフネットベネフィット豊橋,豊橋市,公表データ,愛知県 工賃実績（主な作業内容）,https://www.pref.aichi.jp/soshiki/shogai/kouchin-jisseki.html,0ef89fe9cb473944
愛知県,その他サービス,その他の役務,7180001089315,,2310500893,突合済み,office_no,ヤシの木,愛西市,公表データ,愛知県 工賃実績（主な作業内容）,https://www.pref.aichi.jp/soshiki/shogai/kouchin-jisseki.html,f5d4163e644475de
愛知県,その他サービス,その他の役務,7180001154713,,2316401724,突合済み,office_no,就労継続支援Ａ型事業所 iRis,名古屋市天白区,公表データ,愛知県 工賃実績（主な作業内容）,https://www.pref.aichi.jp/soshiki/shogai/kouchin-jisseki.html,b6cd77725c233a1b
愛知県,その他サービス,その他の役務,7180005002760,,2311301796,突合済み,office_no,ＴＹＭ,名古屋市中川区,公表データ,愛知県 工賃実績（主な作業内容）,https://www.pref.aichi.jp/soshiki/shogai/kouchin-jisseki.html,dc492a5ab2ed9aa2
愛知県,その他サービス,その他の役務,7180005002835,,2311100172,突合済み,office_no,名身連第一ワークス・第一デイサービス,名古屋市熱田区,公表データ,愛知県 工賃実績（主な作業内容）,https://www.pref.aichi.jp/soshiki/shogai/kouchin-jisseki.html,1ef9ed619485956e
愛知県,その他サービス,その他の役務,7180005005920,,2315101366,突合済み,office_no,聴覚・ろう重複センターそら,豊橋市,公表データ,愛知県 工賃実績（主な作業内容）,https://www.pref.aichi.jp/soshiki/shogai/kouchin-jisseki.html,57f1cc5ac723fb6e
愛知県,その他サービス,その他の役務,7180005007438,,2317400618,突合済み,office_no,就労継続支援事業所かみああと,瀬戸市,公表データ,愛知県 工賃実績（主な作業内容）,https://www.pref.aichi.jp/soshiki/shogai/kouchin-jisseki.html,c176343af30c7ca3
愛知県,その他サービス,その他の役務,7180305003426,,2315102083,突合済み,office_no,アウトリーチとよはし「まちなか」,豊橋市,公表データ,愛知県 工賃実績（主な作業内容）,https://www.pref.aichi.jp/soshiki/shogai/kouchin-jisseki.html,8cd958d7e48c8650
愛知県,その他サービス,その他の役務,7180305003987,,2315200606,突合済み,office_no,エコハウス,豊川市,公表データ,愛知県 工賃実績（主な作業内容）,https://www.pref.aichi.jp/soshiki/shogai/kouchin-jisseki.html,ad74a42ae63c07f1
愛知県,その他サービス,その他の役務,8180005006653,,2318100381,突合済み,office_no,自立支援センターゆめの木タウン　Ｔ−ＷＯＲＫ,名古屋市南区,公表データ,愛知県 工賃実績（主な作業内容）,https://www.pref.aichi.jp/soshiki/shogai/kouchin-jisseki.html,966d827c5cafbfd4
愛知県,その他サービス,その他の役務,8180005014838,,2316100482,突合済み,office_no,障害福祉サービス事業所ＺＥＲＯ,名古屋市中区,公表データ,愛知県 工賃実績（主な作業内容）,https://www.pref.aichi.jp/soshiki/shogai/kouchin-jisseki.html,b4a45c1708aeefc2
愛知県,その他サービス,その他の役務,8180005016776,,2312800614,突合済み,office_no,就労継続支援青空工房　高御堂店,稲沢市,公表データ,愛知県 工賃実績（主な作業内容）,https://www.pref.aichi.jp/soshiki/shogai/kouchin-jisseki.html,c03f7833a875a73a
愛知県,その他サービス,その他の役務,8180305007979,,2315101978,突合済み,office_no,QUONchocolateパウダーラボ,豊橋市,公表データ,愛知県 工賃実績（主な作業内容）,https://www.pref.aichi.jp/soshiki/shogai/kouchin-jisseki.html,18c061256800d26b
愛知県,その他サービス,その他の役務,8180305008572,,2313600377,突合済み,office_no,就労継続支援Ｂ型事業所いろは,西尾市,公表データ,愛知県 工賃実績（主な作業内容）,https://www.pref.aichi.jp/soshiki/shogai/kouchin-jisseki.html,9c91b67945b47fed
愛知県,その他サービス,その他の役務,8180305008985,,2315101689,突合済み,office_no,就労継続支援事業所オリーブ,豊橋市,公表データ,愛知県 工賃実績（主な作業内容）,https://www.pref.aichi.jp/soshiki/shogai/kouchin-jisseki.html,7bb581dd58a1056c
愛知県,その他サービス,その他の役務,9180002051511,,2318500978,突合済み,office_no,ワンアップ,名古屋市緑区,公表データ,愛知県 工賃実績（主な作業内容）,https://www.pref.aichi.jp/soshiki/shogai/kouchin-jisseki.html,7bd8c08810da2188
愛知県,その他サービス,その他の役務,9180005016164,,2316101076,突合済み,office_no,就労継続支援Ｂ型事業所むすび新栄,名古屋市中区,公表データ,愛知県 工賃実績（主な作業内容）,https://www.pref.aichi.jp/soshiki/shogai/kouchin-jisseki.html,29a84b675ddaf421
愛知県,その他サービス,その他の役務,9180005018235,,2310201302,突合済み,office_no,就労継続支援Ｂ型事業所　えん,名古屋市西区,公表データ,愛知県 工賃実績（主な作業内容）,https://www.pref.aichi.jp/soshiki/shogai/kouchin-jisseki.html,89db4282b2ab8e26
愛知県,その他サービス,その他の役務,AAAgames岡崎,,2313101988,突合済み,office_no,AAAGames岡崎事業所,岡崎市,公表データ,愛知県 工賃実績（主な作業内容）,https://www.pref.aichi.jp/soshiki/shogai/kouchin-jisseki.html,78cbfebfc660d10c
愛知県,その他サービス,その他の役務,ATSH RAINBOW,,2316401807,突合済み,office_no,ＡＴＳＨ　ＲＡＩＮＢＯＷ,名古屋市天白区,公表データ,愛知県 工賃実績（主な作業内容）,https://www.pref.aichi.jp/soshiki/shogai/kouchin-jisseki.html,d5dbd3ed75b312e6
愛知県,その他サービス,その他の役務,Aseed,,2318900160,突合済み,office_no,Aseed,知多市,公表データ,愛知県 工賃実績（主な作業内容）,https://www.pref.aichi.jp/soshiki/shogai/kouchin-jisseki.html,b0b035388ffe97cc
愛知県,その他サービス,その他の役務,Azu.m.u,,2311200527,突合済み,office_no,株式会社　Azu.m.u,名古屋市港区,公表データ,愛知県 工賃実績（主な作業内容）,https://www.pref.aichi.jp/soshiki/shogai/kouchin-jisseki.html,d122bb8803baf1ec
愛知県,その他サービス,その他の役務,A型ハウス,,2318501901,突合済み,office_no,Ａ型ハウス,名古屋市緑区,公表データ,愛知県 工賃実績（主な作業内容）,https://www.pref.aichi.jp/soshiki/shogai/kouchin-jisseki.html,1d8d271ef5a94883
愛知県,その他サービス,その他の役務,BAOBAOの家,,2313100964,突合済み,office_no,ＢＡＯＢＡＯの家,岡崎市,公表データ,愛知県 工賃実績（主な作業内容）,https://www.pref.aichi.jp/soshiki/shogai/kouchin-jisseki.html,f68b41712ad0a08a
愛知県,その他サービス,その他の役務,BesTワークス,,2317502165,突合済み,office_no,ＢｅｓＴワークス,春日井市,公表データ,愛知県 工賃実績（主な作業内容）,https://www.pref.aichi.jp/soshiki/shogai/kouchin-jisseki.html,3740b92bbe812a7c
愛知県,その他サービス,その他の役務,CTF小牧,,2317700892,突合済み,office_no,ＣＴＦ小牧,小牧市,公表データ,愛知県 工賃実績（主な作業内容）,https://www.pref.aichi.jp/soshiki/shogai/kouchin-jisseki.html,1e9f375ff0eaf7d8
愛知県,その他サービス,その他の役務,Cocore白山,,2317502066,突合済み,office_no,Ｃｏｃｏｒｅ白山,春日井市,公表データ,愛知県 工賃実績（主な作業内容）,https://www.pref.aichi.jp/soshiki/shogai/kouchin-jisseki.html,ebe02bf927a5d92c
愛知県,その他サービス,その他の役務,E-work,,2315101994,突合済み,office_no,E-work,豊橋市,公表データ,愛知県 工賃実績（主な作業内容）,https://www.pref.aichi.jp/soshiki/shogai/kouchin-jisseki.html,42d3d30f5a3a807d
愛知県,その他サービス,その他の役務,EDEI,,2313402329,突合済み,office_no,就労継続支援Ａ型事業所　ＥＤＥＩ,豊田市,公表データ,愛知県 工賃実績（主な作業内容）,https://www.pref.aichi.jp/soshiki/shogai/kouchin-jisseki.html,80d0f0d14f0b1269
愛知県,その他サービス,その他の役務,ENSEMBLE株式会社,,2312101351,突合済み,office_no,アンサンブル一宮西事業所,一宮市,公表データ,愛知県 工賃実績（主な作業内容）,https://www.pref.aichi.jp/soshiki/shogai/kouchin-jisseki.html,47339aad57b6bb8b
愛知県,その他サービス,その他の役務,Feel,,2312200310,突合済み,office_no,Ｆｅｅｌ,江南市,公表データ,愛知県 工賃実績（主な作業内容）,https://www.pref.aichi.jp/soshiki/shogai/kouchin-jisseki.html,1a98b7c01b3bddf5
愛知県,その他サービス,その他の役務,Garden,,2313500569,突合済み,office_no,Ｇａｒｄｅｎ,安城市,公表データ,愛知県 工賃実績（主な作業内容）,https://www.pref.aichi.jp/soshiki/shogai/kouchin-jisseki.html,4c56cd2ba16c6965
愛知県,その他サービス,その他の役務,J'sワークス,,2313401958,突合済み,office_no,Ｊ’ｓワークス,豊田市,公表データ,愛知県 工賃実績（主な作業内容）,https://www.pref.aichi.jp/soshiki/shogai/kouchin-jisseki.html,98d1d951d40f33dc
愛知県,その他サービス,その他の役務,JOBS,,2315101663,突合済み,office_no,JOBS,豊橋市,公表データ,愛知県 工賃実績（主な作業内容）,https://www.pref.aichi.jp/soshiki/shogai/kouchin-jisseki.html,1f2a335c94f51a26
愛知県,その他サービス,その他の役務,"L.I.B,",,2310000118,突合済み,office_no,L.I.B,あま市,公表データ,愛知県 工賃実績（主な作業内容）,https://www.pref.aichi.jp/soshiki/shogai/kouchin-jisseki.html,3de967f71681afd7
愛知県,その他サービス,その他の役務,Leysin合同会社,,2315201067,突合済み,office_no,指定就労継続支援施設ツバメ,豊川市,公表データ,愛知県 工賃実績（主な作業内容）,https://www.pref.aichi.jp/soshiki/shogai/kouchin-jisseki.html,314e5d72d9618b8f
愛知県,その他サービス,その他の役務,NOAH,,2310100876,突合済み,office_no,ＮＯＡＨ,名古屋市中村区,公表データ,愛知県 工賃実績（主な作業内容）,https://www.pref.aichi.jp/soshiki/shogai/kouchin-jisseki.html,77da9dfcca091e8a
愛知県,その他サービス,その他の役務,NPOすずめくらぶ,,2311200402,突合済み,office_no,NPOすずめくらぶ,名古屋市港区,公表データ,愛知県 工賃実績（主な作業内容）,https://www.pref.aichi.jp/soshiki/shogai/kouchin-jisseki.html,a889961fa1ed61af
愛知県,その他サービス,その他の役務,Oneness,,2311301978,突合済み,office_no,Oneness,名古屋市中川区,公表データ,愛知県 工賃実績（主な作業内容）,https://www.pref.aichi.jp/soshiki/shogai/kouchin-jisseki.html,25ee58a1fdcd648b
愛知県,その他サービス,その他の役務,Onenessα,,2310101965,突合済み,office_no,Ｏｎｅｎｅｓｓα,名古屋市中村区,公表データ,愛知県 工賃実績（主な作業内容）,https://www.pref.aichi.jp/soshiki/shogai/kouchin-jisseki.html,3eeca09c9bf1879b
愛知県,その他サービス,その他の役務,Project-R金山,,2316101688,突合済み,office_no,Ｐｒｏｊｅｃｔ−Ｒ金山,名古屋市中区,公表データ,愛知県 工賃実績（主な作業内容）,https://www.pref.aichi.jp/soshiki/shogai/kouchin-jisseki.html,8432743ba2745fb4
愛知県,その他サービス,その他の役務,RBI JAPAN 株式会社,,2313401354,突合済み,office_no,まほろばの郷　障がい福祉サービスセンター,豊田市,公表データ,愛知県 工賃実績（主な作業内容）,https://www.pref.aichi.jp/soshiki/shogai/kouchin-jisseki.html,4ffb88434a1c64b3
愛知県,その他サービス,その他の役務,RITA株式会社,,2317200844,突合済み,office_no,ＲＩＴＡ株式会社,名古屋市東区,公表データ,愛知県 工賃実績（主な作業内容）,https://www.pref.aichi.jp/soshiki/shogai/kouchin-jisseki.html,95dfeaed5461e1fe
愛知県,その他サービス,その他の役務,UMS,,2312101245,突合済み,office_no,UMS,一宮市,公表データ,愛知県 工賃実績（主な作業内容）,https://www.pref.aichi.jp/soshiki/shogai/kouchin-jisseki.html,4e2d88a63713c8e8
愛知県,その他サービス,その他の役務,WOODLAND,,2318200538,突合済み,office_no,ＷＯＯＤＬＡＮＤ,半田市,公表データ,愛知県 工賃実績（主な作業内容）,https://www.pref.aichi.jp/soshiki/shogai/kouchin-jisseki.html,ab94de87a499acc7
愛知県,その他サービス,その他の役務,WORKPORT,,2316401252,突合済み,office_no+name,ＷＯＲＫＰＯＲＴ,名古屋市天白区,公表データ,愛知県 工賃実績（主な作業内容）,https://www.pref.aichi.jp/soshiki/shogai/kouchin-jisseki.html,805d9781a7331576
愛知県,その他サービス,その他の役務,WORKPORT上前津,,2316101191,突合済み,office_no,ＷＯＲＫＰＯＲＴ上前津,名古屋市中区,公表データ,愛知県 工賃実績（主な作業内容）,https://www.pref.aichi.jp/soshiki/shogai/kouchin-jisseki.html,6339012c28f58c3b
愛知県,その他サービス,その他の役務,WORKPORT塩釜口,,2316401831,突合済み,office_no,ＷＯＲＫＰＯＲＴ塩釜口,名古屋市天白区,公表データ,愛知県 工賃実績（主な作業内容）,https://www.pref.aichi.jp/soshiki/shogai/kouchin-jisseki.html,2fe514a32cb1eb14
愛知県,その他サービス,その他の役務,YKG,,2310200916,突合済み,office_no,ＹＫＧ,名古屋市西区,公表データ,愛知県 工賃実績（主な作業内容）,https://www.pref.aichi.jp/soshiki/shogai/kouchin-jisseki.html,9b350aa5f8776d90
愛知県,その他サービス,その他の役務,chord,,2310500356,突合済み,office_no,ｃｈｏｒｄ,海部郡大治町,公表データ,愛知県 工賃実績（主な作業内容）,https://www.pref.aichi.jp/soshiki/shogai/kouchin-jisseki.html,c28f71f0016c166e
愛知県,その他サービス,その他の役務,est.わーくす,,2310501024,突合済み,office_no,ｅｓｔ．わーくす,あま市,公表データ,愛知県 工賃実績（主な作業内容）,https://www.pref.aichi.jp/soshiki/shogai/kouchin-jisseki.html,d62b14d4fa7165a2
愛知県,その他サービス,その他の役務,あいのかたち塩釜口,,2316401526,突合済み,office_no,あいのかたち塩釜口,名古屋市天白区,公表データ,愛知県 工賃実績（主な作業内容）,https://www.pref.aichi.jp/soshiki/shogai/kouchin-jisseki.html,88403fda20afa361
愛知県,その他サービス,その他の役務,あいセルプ支援センター,,2311301275,突合済み,office_no,あいセルプ支援センター,名古屋市中川区,公表データ,愛知県 工賃実績（主な作業内容）,https://www.pref.aichi.jp/soshiki/shogai/kouchin-jisseki.html,7c1531e7c10cfc4b
愛知県,その他サービス,その他の役務,あおぞら,,2312100114,突合済み,office_no,あおぞら,一宮市,公表データ,愛知県 工賃実績（主な作業内容）,https://www.pref.aichi.jp/soshiki/shogai/kouchin-jisseki.html,4f8c60dc77cf3382
愛知県,その他サービス,その他の役務,あねすと,,2310600479,突合済み,office_no,あねすと,清須市,公表データ,愛知県 工賃実績（主な作業内容）,https://www.pref.aichi.jp/soshiki/shogai/kouchin-jisseki.html,cca28d881d7538c4
愛知県,その他サービス,その他の役務,あん,,2310900143,突合済み,office_no,あん,弥富市,公表データ,愛知県 工賃実績（主な作業内容）,https://www.pref.aichi.jp/soshiki/shogai/kouchin-jisseki.html,82237c85d8d46bac
愛知県,その他サービス,その他の役務,いぼりの里,,2312800044,突合済み,office_no,いぼりの里,稲沢市,公表データ,愛知県 工賃実績（主な作業内容）,https://www.pref.aichi.jp/soshiki/shogai/kouchin-jisseki.html,8b4539a5c9d394c8
愛知県,その他サービス,その他の役務,いろどり,,2313102150,突合済み,office_no,いろどり,岡崎市,公表データ,愛知県 工賃実績（主な作業内容）,https://www.pref.aichi.jp/soshiki/shogai/kouchin-jisseki.html,2d1f5f6735cabd19
愛知県,その他サービス,その他の役務,い～まL＆O.C.S大治,,2310500802,突合済み,office_no,いーまＬ＆Ｏ.Ｃ.Ｓ大治,海部郡大治町,公表データ,愛知県 工賃実績（主な作業内容）,https://www.pref.aichi.jp/soshiki/shogai/kouchin-jisseki.html,001e9e8e3dee089b
愛知県,その他サービス,その他の役務,い～まL＆O.CS岩倉,,2312900216,突合済み,office_no,い〜まＬ＆Ｏ.Ｃ.Ｓ岩倉,岩倉市,公表データ,愛知県 工賃実績（主な作業内容）,https://www.pref.aichi.jp/soshiki/shogai/kouchin-jisseki.html,1200c65c627350f1
愛知県,その他サービス,その他の役務,うえの授産所,,2317100036,突合済み,office_no,うえの授産所,名古屋市千種区,公表データ,愛知県 工賃実績（主な作業内容）,https://www.pref.aichi.jp/soshiki/shogai/kouchin-jisseki.html,dc43600954539a02
愛知県,その他サービス,その他の役務,おちゃや,,2316400312,突合済み,office_no,おちゃや,名古屋市天白区,公表データ,愛知県 工賃実績（主な作業内容）,https://www.pref.aichi.jp/soshiki/shogai/kouchin-jisseki.html,fe7e12544dba3c86
愛知県,その他サービス,その他の役務,おひさまプラス,,2313101871,突合済み,office_no,おひさまプラス,岡崎市,公表データ,愛知県 工賃実績（主な作業内容）,https://www.pref.aichi.jp/soshiki/shogai/kouchin-jisseki.html,3ef34ecce420fb94
愛知県,その他サービス,その他の役務,おりすと作業所,,2312101633,突合済み,office_no,おりすと作業所,一宮市,公表データ,愛知県 工賃実績（主な作業内容）,https://www.pref.aichi.jp/soshiki/shogai/kouchin-jisseki.html,a647092174a850b5
愛知県,その他サービス,その他の役務,かいこ,,2317400261,突合済み,office_no,かいこ,瀬戸市,公表データ,愛知県 工賃実績（主な作業内容）,https://www.pref.aichi.jp/soshiki/shogai/kouchin-jisseki.html,95d66bdb5c8c63fd
愛知県,その他サービス,その他の役務,かきつばた,,2317501167,突合済み,office_no,かきつばた,春日井市,公表データ,愛知県 工賃実績（主な作業内容）,https://www.pref.aichi.jp/soshiki/shogai/kouchin-jisseki.html,41b7745a0e11549e
愛知県,その他サービス,その他の役務,かにえワークス,,2310500018,突合済み,office_no,かにえワークス,海部郡蟹江町,公表データ,愛知県 工賃実績（主な作業内容）,https://www.pref.aichi.jp/soshiki/shogai/kouchin-jisseki.html,b3a1f32080d0cfed
愛知県,その他サービス,その他の役務,からふる工房 かいめい,,2312102920,突合済み,office_no,からふる工房　かいめい,一宮市,公表データ,愛知県 工賃実績（主な作業内容）,https://www.pref.aichi.jp/soshiki/shogai/kouchin-jisseki.html,307f56c90267ff5b
愛知県,その他サービス,その他の役務,きずな,,2318200389,突合済み,office_no,きずな,半田市,公表データ,愛知県 工賃実績（主な作業内容）,https://www.pref.aichi.jp/soshiki/shogai/kouchin-jisseki.html,1cc8166641d300b8
愛知県,その他サービス,その他の役務,きそがわ作業所,,2312100098,突合済み,office_no,きそがわ作業所,一宮市,公表データ,愛知県 工賃実績（主な作業内容）,https://www.pref.aichi.jp/soshiki/shogai/kouchin-jisseki.html,6d1dd0d46df8e5e0
愛知県,その他サービス,その他の役務,きりり作業所,,2312300243,突合済み,office_no,きりり作業所,犬山市,公表データ,愛知県 工賃実績（主な作業内容）,https://www.pref.aichi.jp/soshiki/shogai/kouchin-jisseki.html,6610aa4dde367648
愛知県,その他サービス,その他の役務,くるみのお店,,2312200211,突合済み,office_no,くるみのお店,江南市,公表データ,愛知県 工賃実績（主な作業内容）,https://www.pref.aichi.jp/soshiki/shogai/kouchin-jisseki.html,0f11d2183a14b973
愛知県,その他サービス,その他の役務,げんき,,2313101343,突合済み,office_no,げんき,岡崎市,公表データ,愛知県 工賃実績（主な作業内容）,https://www.pref.aichi.jp/soshiki/shogai/kouchin-jisseki.html,a1b89c707907277b
愛知県,その他サービス,その他の役務,こだま,,2318501513,突合済み,office_no,こだま,名古屋市緑区,公表データ,愛知県 工賃実績（主な作業内容）,https://www.pref.aichi.jp/soshiki/shogai/kouchin-jisseki.html,36c0e0d6d6b10090
愛知県,その他サービス,その他の役務,こだまの作業所西,,2310201377,突合済み,office_no,こだまの作業所　西,名古屋市西区,公表データ,愛知県 工賃実績（主な作業内容）,https://www.pref.aichi.jp/soshiki/shogai/kouchin-jisseki.html,c1c9bd999f6633fe
愛知県,その他サービス,その他の役務,ことり,,2318900293,突合済み,office_no,ことり,知多市,公表データ,愛知県 工賃実績（主な作業内容）,https://www.pref.aichi.jp/soshiki/shogai/kouchin-jisseki.html,0fbc88d6b7d26f79
愛知県,その他サービス,その他の役務,こめ組,,2313401289,突合済み,office_no,こめ組,豊田市,公表データ,愛知県 工賃実績（主な作業内容）,https://www.pref.aichi.jp/soshiki/shogai/kouchin-jisseki.html,d0d0098b4cd0373c
愛知県,その他サービス,その他の役務,こもれび第2刈谷,,2314300209,突合済み,office_no+name,こもれび第2刈谷,刈谷市,公表データ,愛知県 工賃実績（主な作業内容）,https://www.pref.aichi.jp/soshiki/shogai/kouchin-jisseki.html,657a086b4b305b0b
愛知県,その他サービス,その他の役務,こもれび第4,,2314300217,突合済み,office_no,こもれび第4,知立市,公表データ,愛知県 工賃実績（主な作業内容）,https://www.pref.aichi.jp/soshiki/shogai/kouchin-jisseki.html,bb9a1673a1e26136
愛知県,その他サービス,その他の役務,こもれび第6,,2313300523,突合済み,office_no,こもれび第6,刈谷市,公表データ,愛知県 工賃実績（主な作業内容）,https://www.pref.aichi.jp/soshiki/shogai/kouchin-jisseki.html,e417c73d218e8f76
愛知県,その他サービス,その他の役務,こもれび第7,,2314300324,突合済み,office_no,こもれび第7,知立市,公表データ,愛知県 工賃実績（主な作業内容）,https://www.pref.aichi.jp/soshiki/shogai/kouchin-jisseki.html,09fa3de529c6f39e
愛知県,その他サービス,その他の役務,こもれび第9,,2314300258,突合済み,office_no,こもれび第９,刈谷市,公表データ,愛知県 工賃実績（主な作業内容）,https://www.pref.aichi.jp/soshiki/shogai/kouchin-jisseki.html,7c63ac62674a0b9d
愛知県,その他サービス,その他の役務,こもれび第１,,2314300191,突合済み,office_no,こもれび第1,知立市,公表データ,愛知県 工賃実績（主な作業内容）,https://www.pref.aichi.jp/soshiki/shogai/kouchin-jisseki.html,8ce156f8699a37e1
愛知県,その他サービス,その他の役務,さくらさく,,2312102854,突合済み,office_no,さくらさく,一宮市,公表データ,愛知県 工賃実績（主な作業内容）,https://www.pref.aichi.jp/soshiki/shogai/kouchin-jisseki.html,d38240f7bb239ffd
愛知県,その他サービス,その他の役務,さくら・ワーク,,2312900091,突合済み,office_no,さくら・ワーク,岩倉市,公表データ,愛知県 工賃実績（主な作業内容）,https://www.pref.aichi.jp/soshiki/shogai/kouchin-jisseki.html,93f1a81d3dfc79f5
愛知県,その他サービス,その他の役務,さざなみ憩いの家,,2315100434,突合済み,office_no,さざなみ憩いの家,豊橋市,公表データ,愛知県 工賃実績（主な作業内容）,https://www.pref.aichi.jp/soshiki/shogai/kouchin-jisseki.html,2fe6c1f9ee40ea5d
愛知県,その他サービス,その他の役務,さん・すまいる・さぽーと,,2313100717,突合済み,office_no,さん・すまいる・さぽーと,岡崎市,公表データ,愛知県 工賃実績（主な作業内容）,https://www.pref.aichi.jp/soshiki/shogai/kouchin-jisseki.html,6c779b0d3624b270
愛知県,その他サービス,その他の役務,さん・すまいる・さぽーと,,2313100717,突合済み,office_no,さん・すまいる・さぽーと,岡崎市,公表データ,愛知県 工賃実績（主な作業内容）,https://www.pref.aichi.jp/soshiki/shogai/kouchin-jisseki.html,6c779b0d3624b270
愛知県,その他サービス,その他の役務,しえる,,2312101906,突合済み,office_no+name,しえる,一宮市,公表データ,愛知県 工賃実績（主な作業内容）,https://www.pref.aichi.jp/soshiki/shogai/kouchin-jisseki.html,338f1a482d952651
愛知県,その他サービス,その他の役務,しらゆり・ワーク,,2312200112,突合済み,office_no,しらゆり・ワーク,江南市,公表データ,愛知県 工賃実績（主な作業内容）,https://www.pref.aichi.jp/soshiki/shogai/kouchin-jisseki.html,e1e83d620b4da725
愛知県,その他サービス,その他の役務,じぶんスペース,,2316101506,突合済み,office_no,じぶんスペース,名古屋市中区,公表データ,愛知県 工賃実績（主な作業内容）,https://www.pref.aichi.jp/soshiki/shogai/kouchin-jisseki.html,ec49a6165f5a813a
愛知県,その他サービス,その他の役務,じんぐう,,2311100412,突合済み,office_no,じんぐう,名古屋市熱田区,公表データ,愛知県 工賃実績（主な作業内容）,https://www.pref.aichi.jp/soshiki/shogai/kouchin-jisseki.html,f1dc4a014e9b303c
愛知県,その他サービス,その他の役務,すてっぷ,,2313300432,突合済み,office_no,すてっぷ,刈谷市,公表データ,愛知県 工賃実績（主な作業内容）,https://www.pref.aichi.jp/soshiki/shogai/kouchin-jisseki.html,19f1bb556af551fa
愛知県,その他サービス,その他の役務,すてっぷ工房『あかね』,,2318000987,突合済み,office_no,すてっぷ工房『あかね』,名古屋市名東区,公表データ,愛知県 工賃実績（主な作業内容）,https://www.pref.aichi.jp/soshiki/shogai/kouchin-jisseki.html,3b7bc704b98cf049
愛知県,その他サービス,その他の役務,すまいる,,2317501829,突合済み,office_no,すまいる,春日井市,公表データ,愛知県 工賃実績（主な作業内容）,https://www.pref.aichi.jp/soshiki/shogai/kouchin-jisseki.html,726b0f6a9facff86
愛知県,その他サービス,その他の役務,すまいるネオ,,2317502280,突合済み,office_no,すまいるネオ,春日井市,公表データ,愛知県 工賃実績（主な作業内容）,https://www.pref.aichi.jp/soshiki/shogai/kouchin-jisseki.html,acec15bc9ff7c6f0
愛知県,その他サービス,その他の役務,すみれ,,2312102433,突合済み,office_no,すみれ,一宮市,公表データ,愛知県 工賃実績（主な作業内容）,https://www.pref.aichi.jp/soshiki/shogai/kouchin-jisseki.html,5ce96322e3fac90e
愛知県,その他サービス,その他の役務,たかぎ作業所,,2318600018,突合済み,office_no,たかぎ作業所,長久手市,公表データ,愛知県 工賃実績（主な作業内容）,https://www.pref.aichi.jp/soshiki/shogai/kouchin-jisseki.html,9640238dc60ff854
愛知県,その他サービス,その他の役務,たなごころ,,2316200738,突合済み,office_no,たなごころ,名古屋市昭和区,公表データ,愛知県 工賃実績（主な作業内容）,https://www.pref.aichi.jp/soshiki/shogai/kouchin-jisseki.html,e10c3343a4757963
愛知県,その他サービス,その他の役務,たなごころ金山LAB,,2311100776,突合済み,office_no,たなごころ 金山ＬＡＢ,名古屋市熱田区,公表データ,愛知県 工賃実績（主な作業内容）,https://www.pref.aichi.jp/soshiki/shogai/kouchin-jisseki.html,53afb9a764c87399
愛知県,その他サービス,その他の役務,たまあしワークス,,2312800242,突合済み,office_no,たまあしワークス,稲沢市,公表データ,愛知県 工賃実績（主な作業内容）,https://www.pref.aichi.jp/soshiki/shogai/kouchin-jisseki.html,dd5f9889ead5907a
愛知県,その他サービス,その他の役務,たんぽぽ,,2312800416,突合済み,office_no,たんぽぽ,稲沢市,公表データ,愛知県 工賃実績（主な作業内容）,https://www.pref.aichi.jp/soshiki/shogai/kouchin-jisseki.html,27ce8a0de76dc9ed
愛知県,その他サービス,その他の役務,つぐみ,,2312101476,突合済み,office_no,つぐみ,一宮市,公表データ,愛知県 工賃実績（主な作業内容）,https://www.pref.aichi.jp/soshiki/shogai/kouchin-jisseki.html,f30c1afea06b0983
愛知県,その他サービス,その他の役務,つむぎ,,2313401107,突合済み,office_no,つむぎ,豊田市,公表データ,愛知県 工賃実績（主な作業内容）,https://www.pref.aichi.jp/soshiki/shogai/kouchin-jisseki.html,f08374f538b212cc
愛知県,その他サービス,その他の役務,つゆはし作業所,,2311300020,突合済み,office_no,つゆはし作業所,名古屋市中川区,公表データ,愛知県 工賃実績（主な作業内容）,https://www.pref.aichi.jp/soshiki/shogai/kouchin-jisseki.html,bbe422676d14aecb
愛知県,その他サービス,その他の役務,てあてる豊橋,,2315101416,突合済み,office_no,てあてる豊橋,豊橋市,公表データ,愛知県 工賃実績（主な作業内容）,https://www.pref.aichi.jp/soshiki/shogai/kouchin-jisseki.html,0823341b3ced2477
愛知県,その他サービス,その他の役務,てあてる豊橋街道,,2315102216,突合済み,office_no,てあてる豊橋街道,豊橋市,公表データ,愛知県 工賃実績（主な作業内容）,https://www.pref.aichi.jp/soshiki/shogai/kouchin-jisseki.html,8b3459cb87a7b3a4
愛知県,その他サービス,その他の役務,てんとうむし,,2317400782,突合済み,office_no,てんとうむし,瀬戸市,公表データ,愛知県 工賃実績（主な作業内容）,https://www.pref.aichi.jp/soshiki/shogai/kouchin-jisseki.html,ac3e0196db6fece5
愛知県,その他サービス,その他の役務,なかぎりワークス,,2317500078,突合済み,office_no,なかぎりワークス,春日井市,公表データ,愛知県 工賃実績（主な作業内容）,https://www.pref.aichi.jp/soshiki/shogai/kouchin-jisseki.html,df236b27d3412f8e
愛知県,その他サービス,その他の役務,ななほしの宝,,2310500398,突合済み,office_no+name,ななほしの宝,あま市,公表データ,愛知県 工賃実績（主な作業内容）,https://www.pref.aichi.jp/soshiki/shogai/kouchin-jisseki.html,e947d42928aaa7cf
愛知県,その他サービス,その他の役務,のぞみの家,,2313100063,突合済み,office_no,のぞみの家,岡崎市,公表データ,愛知県 工賃実績（主な作業内容）,https://www.pref.aichi.jp/soshiki/shogai/kouchin-jisseki.html,42f07ea9c5e9c06f
愛知県,その他サービス,その他の役務,はじめ,,2312900158,突合済み,office_no,はじめ,岩倉市,公表データ,愛知県 工賃実績（主な作業内容）,https://www.pref.aichi.jp/soshiki/shogai/kouchin-jisseki.html,49ea3cfa4ffbbd9f
愛知県,その他サービス,その他の役務,はっぴーらんど,,2318100894,突合済み,office_no,はっぴーらんど,名古屋市南区,公表データ,愛知県 工賃実績（主な作業内容）,https://www.pref.aichi.jp/soshiki/shogai/kouchin-jisseki.html,57c5c8db3810905e
愛知県,その他サービス,その他の役務,はぴり,,2316100946,突合済み,office_no,はぴり,名古屋市中区,公表データ,愛知県 工賃実績（主な作業内容）,https://www.pref.aichi.jp/soshiki/shogai/kouchin-jisseki.html,a43691efec908b1c
愛知県,その他サービス,その他の役務,ひかり,,2310300344,突合済み,office_no,ひかり,愛西市,公表データ,愛知県 工賃実績（主な作業内容）,https://www.pref.aichi.jp/soshiki/shogai/kouchin-jisseki.html,79c431ab11f12145
愛知県,その他サービス,その他の役務,ひかり,,2310300344,突合済み,office_no,ひかり,愛西市,公表データ,愛知県 工賃実績（主な作業内容）,https://www.pref.aichi.jp/soshiki/shogai/kouchin-jisseki.html,79c431ab11f12145
愛知県,その他サービス,その他の役務,ひかりのさとファーム,,2318400062,突合済み,office_no,ひかりのさとファーム,知多郡東浦町,公表データ,愛知県 工賃実績（主な作業内容）,https://www.pref.aichi.jp/soshiki/shogai/kouchin-jisseki.html,7a44870427f2c528
愛知県,その他サービス,その他の役務,ひびき作業所,,2312300037,突合済み,office_no,ひびき作業所,犬山市,公表データ,愛知県 工賃実績（主な作業内容）,https://www.pref.aichi.jp/soshiki/shogai/kouchin-jisseki.html,5ba26fcf7b622b09
愛知県,その他サービス,その他の役務,ふたばドリーム作業所,,2312101088,突合済み,office_no,ふたばドリーム作業所,一宮市,公表データ,愛知県 工賃実績（主な作業内容）,https://www.pref.aichi.jp/soshiki/shogai/kouchin-jisseki.html,3de16deb8f0d86d7
愛知県,その他サービス,その他の役務,ふれあい工房アルゴ,,2313200103,突合済み,office_no,ふれあい工房　アルゴ,碧南市,公表データ,愛知県 工賃実績（主な作業内容）,https://www.pref.aichi.jp/soshiki/shogai/kouchin-jisseki.html,9322c599b73dd7e7
愛知県,その他サービス,その他の役務,ぶなの木工房,,2313500270,突合済み,office_no,ぶなの木工房,安城市,公表データ,愛知県 工賃実績（主な作業内容）,https://www.pref.aichi.jp/soshiki/shogai/kouchin-jisseki.html,c1513c4b926dd935
愛知県,その他サービス,その他の役務,ぶれんど,,2312101765,突合済み,office_no,ぶれんど,一宮市,公表データ,愛知県 工賃実績（主な作業内容）,https://www.pref.aichi.jp/soshiki/shogai/kouchin-jisseki.html,efd98b378b8430f6
愛知県,その他サービス,その他の役務,ほがらか企画,,2318400617,突合済み,office_no,旬菜耕房ほがらか　はるか,知多郡武豊町,公表データ,愛知県 工賃実績（主な作業内容）,https://www.pref.aichi.jp/soshiki/shogai/kouchin-jisseki.html,82b9b421cc889484
愛知県,その他サービス,その他の役務,ほっぷ,,2318501356,突合済み,office_no,ほっぷ,名古屋市緑区,公表データ,愛知県 工賃実績（主な作業内容）,https://www.pref.aichi.jp/soshiki/shogai/kouchin-jisseki.html,183d1fbab4207605
愛知県,その他サービス,その他の役務,ほほえみ,,2317301329,突合済み,office_no,ほほえみ,名古屋市北区,公表データ,愛知県 工賃実績（主な作業内容）,https://www.pref.aichi.jp/soshiki/shogai/kouchin-jisseki.html,91fcee1f6d4dca24
愛知県,その他サービス,その他の役務,ほまれの家てんとうむし,,2318001530,突合済み,office_no,ほまれの家てんとうむし,名古屋市名東区,公表データ,愛知県 工賃実績（主な作業内容）,https://www.pref.aichi.jp/soshiki/shogai/kouchin-jisseki.html,ae08b143c0031d82
愛知県,その他サービス,その他の役務,ほまれの家名古屋南店,,2318101116,突合済み,office_no,ほまれの家名古屋南店,名古屋市南区,公表データ,愛知県 工賃実績（主な作業内容）,https://www.pref.aichi.jp/soshiki/shogai/kouchin-jisseki.html,755ab167559890d9
愛知県,その他サービス,その他の役務,ほまれの家愛西町方店,,2310700444,突合済み,office_no,ほまれの家愛西町方店,愛西市,公表データ,愛知県 工賃実績（主な作業内容）,https://www.pref.aichi.jp/soshiki/shogai/kouchin-jisseki.html,4753ba9b944f7c24
愛知県,その他サービス,その他の役務,ほまれの家ＯＦＡ名南,,2318101371,突合済み,office_no,ほまれの家ＯＦＡ名南,名古屋市南区,公表データ,愛知県 工賃実績（主な作業内容）,https://www.pref.aichi.jp/soshiki/shogai/kouchin-jisseki.html,04fb2f3604691449
愛知県,その他サービス,その他の役務,ぽかぽかワークス,,2311301036,突合済み,office_no,ぽかぽかワークス,名古屋市中川区,公表データ,愛知県 工賃実績（主な作業内容）,https://www.pref.aichi.jp/soshiki/shogai/kouchin-jisseki.html,59ac51aea0c270ad
愛知県,その他サービス,その他の役務,ぽーらーべあ,,2318400526,突合済み,office_no,ぽーらーべあ,知多郡東浦町,公表データ,愛知県 工賃実績（主な作業内容）,https://www.pref.aichi.jp/soshiki/shogai/kouchin-jisseki.html,1aa1bb5f920d24d7
愛知県,その他サービス,その他の役務,まつのき,,2312800374,突合済み,office_no,まつのき,稲沢市,公表データ,愛知県 工賃実績（主な作業内容）,https://www.pref.aichi.jp/soshiki/shogai/kouchin-jisseki.html,983a502409484e78
愛知県,その他サービス,その他の役務,みらいく,,2318700230,突合済み,office_no,みらいく,東海市,公表データ,愛知県 工賃実績（主な作業内容）,https://www.pref.aichi.jp/soshiki/shogai/kouchin-jisseki.html,106029c712918bfd
愛知県,その他サービス,その他の役務,みーる平針,,2316400601,突合済み,office_no,みーる平針,名古屋市天白区,公表データ,愛知県 工賃実績（主な作業内容）,https://www.pref.aichi.jp/soshiki/shogai/kouchin-jisseki.html,a565c67c0b078561
愛知県,その他サービス,その他の役務,めいせいひまわりの家,,2311300541,突合済み,office_no,めいせいひまわりの家,名古屋市中川区,公表データ,愛知県 工賃実績（主な作業内容）,https://www.pref.aichi.jp/soshiki/shogai/kouchin-jisseki.html,6475c884d0c0fe00
愛知県,その他サービス,その他の役務,めいせい元気ハウス,,2311300533,突合済み,office_no,めいせい元気ハウス,名古屋市中川区,公表データ,愛知県 工賃実績（主な作業内容）,https://www.pref.aichi.jp/soshiki/shogai/kouchin-jisseki.html,ea030735d5dfaae0
愛知県,その他サービス,その他の役務,めばえ,,2317501928,突合済み,office_no,めばえ,春日井市,公表データ,愛知県 工賃実績（主な作業内容）,https://www.pref.aichi.jp/soshiki/shogai/kouchin-jisseki.html,d22c93783f5563da
愛知県,その他サービス,その他の役務,ゆきやなぎ作業所,,2318000870,突合済み,office_no,ゆきやなぎ作業所,名古屋市名東区,公表データ,愛知県 工賃実績（主な作業内容）,https://www.pref.aichi.jp/soshiki/shogai/kouchin-jisseki.html,4d7261ce227def44
愛知県,その他サービス,その他の役務,ゆくりカネハチ,,2311302497,突合済み,office_no,ゆくりカネハチ,名古屋市中川区,公表データ,愛知県 工賃実績（主な作業内容）,https://www.pref.aichi.jp/soshiki/shogai/kouchin-jisseki.html,0c328567b938bc87
愛知県,その他サービス,その他の役務,ゆたか作業所,,2318100068,突合済み,office_no,ゆたか作業所,名古屋市南区,公表データ,愛知県 工賃実績（主な作業内容）,https://www.pref.aichi.jp/soshiki/shogai/kouchin-jisseki.html,43240e7c31ac1795
愛知県,その他サービス,その他の役務,ゆめこうぼう,,2310101353,突合済み,office_no,ゆめこうぼう,名古屋市中村区,公表データ,愛知県 工賃実績（主な作業内容）,https://www.pref.aichi.jp/soshiki/shogai/kouchin-jisseki.html,d0a685d0f192a12e
愛知県,その他サービス,その他の役務,らぽーる,,2318101405,突合済み,office_no,就労継続支援Ｂ型事業所らぽーる,名古屋市南区,公表データ,愛知県 工賃実績（主な作業内容）,https://www.pref.aichi.jp/soshiki/shogai/kouchin-jisseki.html,46343a35a9fbd2ed
愛知県,その他サービス,その他の役務,ら・ばるか就労訓練工場,,2315100111,突合済み,office_no,ら・ばるか就労訓練工場,豊橋市,公表データ,愛知県 工賃実績（主な作業内容）,https://www.pref.aichi.jp/soshiki/shogai/kouchin-jisseki.html,66d080d8e3c460d5
愛知県,その他サービス,その他の役務,るっく～あるて(ふるーる),,2318100191,突合済み,office_no,るっく〜あるて（ふるーる）,名古屋市南区,公表データ,愛知県 工賃実績（主な作業内容）,https://www.pref.aichi.jp/soshiki/shogai/kouchin-jisseki.html,e07b7e33aae803a8
愛知県,その他サービス,その他の役務,ろーたす,,2310700147,突合済み,office_no,ろーたす,愛西市,公表データ,愛知県 工賃実績（主な作業内容）,https://www.pref.aichi.jp/soshiki/shogai/kouchin-jisseki.html,f22ad392f9740636
愛知県,その他サービス,その他の役務,ろ（就労継続支援B型 青,,2312800655,突合済み,office_no,就労継続支援Ｂ型青空工房東畑店,稲沢市,公表データ,愛知県 工賃実績（主な作業内容）,https://www.pref.aichi.jp/soshiki/shogai/kouchin-jisseki.html,78956fa6348b41cf
愛知県,その他サービス,その他の役務,わかばドリーム作業所,,2312101252,突合済み,office_no,わかばドリーム作業所,一宮市,公表データ,愛知県 工賃実績（主な作業内容）,https://www.pref.aichi.jp/soshiki/shogai/kouchin-jisseki.html,8b533a369e6a5e2f
愛知県,その他サービス,その他の役務,わか葉,,2313500767,突合済み,office_no,わか葉,安城市,公表データ,愛知県 工賃実績（主な作業内容）,https://www.pref.aichi.jp/soshiki/shogai/kouchin-jisseki.html,c3ec29d4b317995c
愛知県,その他サービス,その他の役務,わーく金山,,2316100656,突合済み,office_no,わーく金山,名古屋市中区,公表データ,愛知県 工賃実績（主な作業内容）,https://www.pref.aichi.jp/soshiki/shogai/kouchin-jisseki.html,f8888402de3a1f60
愛知県,その他サービス,その他の役務,アイビス上前津,,2316101068,突合済み,office_no,アイビス上前津,名古屋市中区,公表データ,愛知県 工賃実績（主な作業内容）,https://www.pref.aichi.jp/soshiki/shogai/kouchin-jisseki.html,39a917e546a3d3f4
愛知県,その他サービス,その他の役務,アウトリーチとよはし,,2315100871,突合済み,corp_no+name,アウトリーチとよはし,豊橋市,公表データ,愛知県 工賃実績（主な作業内容）,https://www.pref.aichi.jp/soshiki/shogai/kouchin-jisseki.html,8fccaa35b8fabac6
愛知県,その他サービス,その他の役務,アウトリーチとよはし,,2315100871,突合済み,office_no,アウトリーチとよはし,豊橋市,公表データ,愛知県 工賃実績（主な作業内容）,https://www.pref.aichi.jp/soshiki/shogai/kouchin-jisseki.html,8fccaa35b8fabac6
愛知県,その他サービス,その他の役務,アクティブワーク,,2311300715,突合済み,office_no,アクティブワーク,名古屋市中川区,公表データ,愛知県 工賃実績（主な作業内容）,https://www.pref.aichi.jp/soshiki/shogai/kouchin-jisseki.html,7b1e83e8d62430ce
愛知県,その他サービス,その他の役務,アスミオン,,2313600526,突合済み,office_no,アスミオン,西尾市,公表データ,愛知県 工賃実績（主な作業内容）,https://www.pref.aichi.jp/soshiki/shogai/kouchin-jisseki.html,0e9d3726162f8bbc
愛知県,その他サービス,その他の役務,アスモプラス,,2317502132,突合済み,office_no,アスモプラス,春日井市,公表データ,愛知県 工賃実績（主な作業内容）,https://www.pref.aichi.jp/soshiki/shogai/kouchin-jisseki.html,543bbd74e1851660
愛知県,その他サービス,その他の役務,アスライト,,2310501180,突合済み,office_no,アスライト,あま市,公表データ,愛知県 工賃実績（主な作業内容）,https://www.pref.aichi.jp/soshiki/shogai/kouchin-jisseki.html,95b16ad62ecf499b
愛知県,その他サービス,その他の役務,アップ港楽,,2311201400,突合済み,office_no,アップ港楽,名古屋市港区,公表データ,愛知県 工賃実績（主な作業内容）,https://www.pref.aichi.jp/soshiki/shogai/kouchin-jisseki.html,1d2cdaad55968fb4
愛知県,その他サービス,その他の役務,アネモネ,,2317302103,突合済み,pref+city+name,アネモネ,名古屋市北区,公表データ,愛知県 工賃実績（主な作業内容）,https://www.pref.aichi.jp/soshiki/shogai/kouchin-jisseki.html,18bc747c594010d9
愛知県,その他サービス,その他の役務,アース久後崎町,,2313102473,突合済み,office_no,アース久後崎町,岡崎市,公表データ,愛知県 工賃実績（主な作業内容）,https://www.pref.aichi.jp/soshiki/shogai/kouchin-jisseki.html,4e12ffe3b458df5f
愛知県,その他サービス,その他の役務,アース岡崎インター,,2313102341,突合済み,office_no,アース岡崎インター,岡崎市,公表データ,愛知県 工賃実績（主な作業内容）,https://www.pref.aichi.jp/soshiki/shogai/kouchin-jisseki.html,3b9f3baf49a0c77c
愛知県,その他サービス,その他の役務,アース新瑞橋,,2311400986,突合済み,office_no,アース新瑞橋,名古屋市瑞穂区,公表データ,愛知県 工賃実績（主な作業内容）,https://www.pref.aichi.jp/soshiki/shogai/kouchin-jisseki.html,6cb152aa096bfacf
愛知県,その他サービス,その他の役務,イーネ,,2312800390,突合済み,office_no,イーネ,稲沢市,公表データ,愛知県 工賃実績（主な作業内容）,https://www.pref.aichi.jp/soshiki/shogai/kouchin-jisseki.html,126f0e4318e1c41c
愛知県,その他サービス,その他の役務,イープB型事業所,,2317300750,突合済み,office_no,イープB型事業所,名古屋市東区,公表データ,愛知県 工賃実績（主な作業内容）,https://www.pref.aichi.jp/soshiki/shogai/kouchin-jisseki.html,de2aefa8f86842ee
愛知県,その他サービス,その他の役務,ウィル,,2310700469,突合済み,office_no,ウィル,愛西市,公表データ,愛知県 工賃実績（主な作業内容）,https://www.pref.aichi.jp/soshiki/shogai/kouchin-jisseki.html,9397c5c6b5361db8
愛知県,その他サービス,その他の役務,ウィルサポート,,2310000100,突合済み,office_no,ウィルサポート,あま市,公表データ,愛知県 工賃実績（主な作業内容）,https://www.pref.aichi.jp/soshiki/shogai/kouchin-jisseki.html,a90967368f474d5c
愛知県,その他サービス,その他の役務,ウム カウンセリングルー,,2313401677,突合済み,office_no,指定就労継続支援施設あおい,豊田市,公表データ,愛知県 工賃実績（主な作業内容）,https://www.pref.aichi.jp/soshiki/shogai/kouchin-jisseki.html,8e17888eb31011eb
愛知県,その他サービス,その他の役務,ウーリー安城,,2313500783,突合済み,office_no,ウーリー安城,安城市,公表データ,愛知県 工賃実績（主な作業内容）,https://www.pref.aichi.jp/soshiki/shogai/kouchin-jisseki.html,5ecc1d3730c71fe5
愛知県,その他サービス,その他の役務,エルム,,2313101905,突合済み,office_no,エルム,岡崎市,公表データ,愛知県 工賃実績（主な作業内容）,https://www.pref.aichi.jp/soshiki/shogai/kouchin-jisseki.html,6f54494f31fb9bff
愛知県,その他サービス,その他の役務,エンターテイメントアカデ,,2313402378,突合済み,office_no,就労継続支援B型事業所エンターテインメントアカデミーでじるみ豊田,豊田市,公表データ,愛知県 工賃実績（主な作業内容）,https://www.pref.aichi.jp/soshiki/shogai/kouchin-jisseki.html,000b8dd668412e8a
愛知県,その他サービス,その他の役務,オズ（OZ）,,2310101247,突合済み,office_no,オズ（ＯＺ）,名古屋市天白区,公表データ,愛知県 工賃実績（主な作業内容）,https://www.pref.aichi.jp/soshiki/shogai/kouchin-jisseki.html,5ea5e89a2e10ac40
愛知県,その他サービス,その他の役務,オムれっと,,2315100988,突合済み,office_no,オムれっと,豊橋市,公表データ,愛知県 工賃実績（主な作業内容）,https://www.pref.aichi.jp/soshiki/shogai/kouchin-jisseki.html,1e804d1640a63e11
愛知県,その他サービス,その他の役務,オリーブ喜多山,,2317602015,突合済み,office_no,就労継続支援Ｂ型事業所　オリーブ喜多山,名古屋市守山区,公表データ,愛知県 工賃実績（主な作業内容）,https://www.pref.aichi.jp/soshiki/shogai/kouchin-jisseki.html,5e7410597b4a7157
愛知県,その他サービス,その他の役務,オレンジ野並,,2316401740,突合済み,office_no,就労継続支援Ｂ型事業所オレンジ,名古屋市天白区,公表データ,愛知県 工賃実績（主な作業内容）,https://www.pref.aichi.jp/soshiki/shogai/kouchin-jisseki.html,d2f43e6048bff363
愛知県,その他サービス,その他の役務,カムラック愛知,,2316101522,突合済み,office_no,カムラック愛知,名古屋市中区,公表データ,愛知県 工賃実績（主な作業内容）,https://www.pref.aichi.jp/soshiki/shogai/kouchin-jisseki.html,e4865d9c46db49ff
愛知県,その他サービス,その他の役務,キッチン高森,,2317501662,突合済み,office_no,キッチン高森,春日井市,公表データ,愛知県 工賃実績（主な作業内容）,https://www.pref.aichi.jp/soshiki/shogai/kouchin-jisseki.html,54774f9bc32c00ad
愛知県,その他サービス,その他の役務,キャリカク大須観音駅,,2316101449,突合済み,office_no,キャリカク大須観音駅事業所,名古屋市中区,公表データ,愛知県 工賃実績（主な作業内容）,https://www.pref.aichi.jp/soshiki/shogai/kouchin-jisseki.html,90d2669597595d1a
愛知県,その他サービス,その他の役務,ギャラリーリバーサル,,2316101613,突合済み,office_no,ギャラリーリバーサル,名古屋市中区,公表データ,愛知県 工賃実績（主な作業内容）,https://www.pref.aichi.jp/soshiki/shogai/kouchin-jisseki.html,901b273ef9e4918b
愛知県,その他サービス,その他の役務,クオリア,,2317700603,突合済み,office_no,クオリア,小牧市,公表データ,愛知県 工賃実績（主な作業内容）,https://www.pref.aichi.jp/soshiki/shogai/kouchin-jisseki.html,64d1b884153df727
愛知県,その他サービス,その他の役務,グリーンサービスメイトウ,,2318000474,突合済み,office_no,グリーンサービスメイトウ,名古屋市名東区,公表データ,愛知県 工賃実績（主な作業内容）,https://www.pref.aichi.jp/soshiki/shogai/kouchin-jisseki.html,0c389f5acd419113
愛知県,その他サービス,その他の役務,グリーンフィールド,,2315200747,突合済み,office_no,グリーンフィールド,豊川市,公表データ,愛知県 工賃実績（主な作業内容）,https://www.pref.aichi.jp/soshiki/shogai/kouchin-jisseki.html,f288d208eba73334
愛知県,その他サービス,その他の役務,グリーンフィールドNEXT,,2315201141,突合済み,office_no,グリーンフィールドＮＥＸＴ,豊川市,公表データ,愛知県 工賃実績（主な作業内容）,https://www.pref.aichi.jp/soshiki/shogai/kouchin-jisseki.html,4a9bee6d419f6c94
愛知県,その他サービス,その他の役務,ココア,,2311302455,突合済み,office_no,ココア,名古屋市中川区,公表データ,愛知県 工賃実績（主な作業内容）,https://www.pref.aichi.jp/soshiki/shogai/kouchin-jisseki.html,a5db8a8428a2a3bc
愛知県,その他サービス,その他の役務,ココクル,,2318001308,突合済み,office_no,ココクル,名古屋市名東区,公表データ,愛知県 工賃実績（主な作業内容）,https://www.pref.aichi.jp/soshiki/shogai/kouchin-jisseki.html,2f11e68cc6bc4904
愛知県,その他サービス,その他の役務,コスモスライズ,,2310101999,突合済み,office_no,コスモスライズ,名古屋市中村区,公表データ,愛知県 工賃実績（主な作業内容）,https://www.pref.aichi.jp/soshiki/shogai/kouchin-jisseki.html,8451816d82fb7b14
愛知県,その他サービス,その他の役務,コネクト,,2315101085,突合済み,office_no,コネクト,豊橋市,公表データ,愛知県 工賃実績（主な作業内容）,https://www.pref.aichi.jp/soshiki/shogai/kouchin-jisseki.html,e095893a638cf931
愛知県,その他サービス,その他の役務,コロモリ,,2313402113,突合済み,office_no,コロモリ,豊田市,公表データ,愛知県 工賃実績（主な作業内容）,https://www.pref.aichi.jp/soshiki/shogai/kouchin-jisseki.html,6bb801bc022e44ae
愛知県,その他サービス,その他の役務,コーヒーハウスさざなみ,,2315100962,突合済み,office_no,コーヒーハウス　さざなみ,豊橋市,公表データ,愛知県 工賃実績（主な作業内容）,https://www.pref.aichi.jp/soshiki/shogai/kouchin-jisseki.html,b63cdc2dc721d64b
愛知県,その他サービス,その他の役務,サインズ株式会社,,2315200739,突合済み,office_no,Vegimo　Farm　Ｂ　就労継続支援事業所,豊川市,公表データ,愛知県 工賃実績（主な作業内容）,https://www.pref.aichi.jp/soshiki/shogai/kouchin-jisseki.html,5e4d40aa096e65db
愛知県,その他サービス,その他の役務,サクラオアシス,,2310200585,突合済み,office_no,サクラオアシス,名古屋市西区,公表データ,愛知県 工賃実績（主な作業内容）,https://www.pref.aichi.jp/soshiki/shogai/kouchin-jisseki.html,7b7aa5d38d73c0a9
愛知県,その他サービス,その他の役務,サクラオアシス本部,,2312101500,突合済み,office_no,サクラオアシス本部,一宮市,公表データ,愛知県 工賃実績（主な作業内容）,https://www.pref.aichi.jp/soshiki/shogai/kouchin-jisseki.html,ae946ef40009626b
愛知県,その他サービス,その他の役務,サン,,2310300336,突合済み,office_no,サン,愛西市,公表データ,愛知県 工賃実績（主な作業内容）,https://www.pref.aichi.jp/soshiki/shogai/kouchin-jisseki.html,61b0567e11aa41a4
愛知県,その他サービス,その他の役務,サンほっとハート,,2314200078,突合済み,office_no,サンほっとハート,高浜市,公表データ,愛知県 工賃実績（主な作業内容）,https://www.pref.aichi.jp/soshiki/shogai/kouchin-jisseki.html,ef812d47c86a7c22
愛知県,その他サービス,その他の役務,サンフラワー,,2311302422,突合済み,office_no,サンフラワー,名古屋市中川区,公表データ,愛知県 工賃実績（主な作業内容）,https://www.pref.aichi.jp/soshiki/shogai/kouchin-jisseki.html,ec57b9dee1cc7e22
愛知県,その他サービス,その他の役務,サンワーク,,2317100291,突合済み,office_no,サンワーク,名古屋市東区,公表データ,愛知県 工賃実績（主な作業内容）,https://www.pref.aichi.jp/soshiki/shogai/kouchin-jisseki.html,be645b5ffb232db0
愛知県,その他サービス,その他の役務,シェアリング・ライフ,,,未突合,unmatched,,,公表データ,愛知県 工賃実績（主な作業内容）,https://www.pref.aichi.jp/soshiki/shogai/kouchin-jisseki.html,
愛知県,その他サービス,その他の役務,シンプルライフ,,2316100607,突合済み,office_no,シンプルライフ,名古屋市中区,公表データ,愛知県 工賃実績（主な作業内容）,https://www.pref.aichi.jp/soshiki/shogai/kouchin-jisseki.html,c500ea14a5901339
愛知県,その他サービス,その他の役務,ジョイナスふれあい,,2313400703,突合済み,office_no+name,ジョイナスふれあい,豊田市,公表データ,愛知県 工賃実績（主な作業内容）,https://www.pref.aichi.jp/soshiki/shogai/kouchin-jisseki.html,cdf240b353afa5eb
愛知県,その他サービス,その他の役務,ジョブサポートフォルテ,,2310100090,突合済み,office_no,ジョブサポートフォルテ,名古屋市中村区,公表データ,愛知県 工賃実績（主な作業内容）,https://www.pref.aichi.jp/soshiki/shogai/kouchin-jisseki.html,8a3cbc4bdda036c3
愛知県,その他サービス,その他の役務,ジョブスタイル,,2317400378,突合済み,office_no,ジョブスタイル,瀬戸市,公表データ,愛知県 工賃実績（主な作業内容）,https://www.pref.aichi.jp/soshiki/shogai/kouchin-jisseki.html,bdcf007234aeb1fb
愛知県,その他サービス,その他の役務,ジョブハウスむつみ,,2315200275,突合済み,office_no,就労継続支援事業所　ジョブハウスむつみ,豊川市,公表データ,愛知県 工賃実績（主な作業内容）,https://www.pref.aichi.jp/soshiki/shogai/kouchin-jisseki.html,42b242273138775b
愛知県,その他サービス,その他の役務,スクラム庄内通,,2310201591,突合済み,office_no+name,スクラム庄内通,名古屋市西区,公表データ,愛知県 工賃実績（主な作業内容）,https://www.pref.aichi.jp/soshiki/shogai/kouchin-jisseki.html,c67c1157f3821edc
愛知県,その他サービス,その他の役務,スター,,2310300500,突合済み,office_no,スター,津島市,公表データ,愛知県 工賃実績（主な作業内容）,https://www.pref.aichi.jp/soshiki/shogai/kouchin-jisseki.html,7e7e6f0475a8c067
愛知県,その他サービス,その他の役務,ステップ,,2312100544,突合済み,office_no+name,ステップ,一宮市,公表データ,愛知県 工賃実績（主な作業内容）,https://www.pref.aichi.jp/soshiki/shogai/kouchin-jisseki.html,8fc9939cc59c0aea
愛知県,その他サービス,その他の役務,ステージ,,2312101336,突合済み,office_no,ステージ,一宮市,公表データ,愛知県 工賃実績（主な作業内容）,https://www.pref.aichi.jp/soshiki/shogai/kouchin-jisseki.html,ed626a1907cf819c
愛知県,その他サービス,その他の役務,スパイラル加木屋,,2318700495,突合済み,office_no,スパイラル加木屋,東海市,公表データ,愛知県 工賃実績（主な作業内容）,https://www.pref.aichi.jp/soshiki/shogai/kouchin-jisseki.html,dbffbf45c85f7a98
愛知県,その他サービス,その他の役務,スパイラル東海,,2318700321,突合済み,office_no,スパイラル東海,東海市,公表データ,愛知県 工賃実績（主な作業内容）,https://www.pref.aichi.jp/soshiki/shogai/kouchin-jisseki.html,a0d6b593eb1f7879
愛知県,その他サービス,その他の役務,スマイルらぼ大府,,2318800469,突合済み,office_no,スマイルらぼ大府,大府市,公表データ,愛知県 工賃実績（主な作業内容）,https://www.pref.aichi.jp/soshiki/shogai/kouchin-jisseki.html,4a0477ab23c4692a
愛知県,その他サービス,その他の役務,スマイルワーク東海,,2318700362,突合済み,office_no,スマイルワーク東海,東海市,公表データ,愛知県 工賃実績（主な作業内容）,https://www.pref.aichi.jp/soshiki/shogai/kouchin-jisseki.html,d957b0e6be4dd3aa
愛知県,その他サービス,その他の役務,セレソ,,2318000276,突合済み,office_no,セレソ,名古屋市名東区,公表データ,愛知県 工賃実績（主な作業内容）,https://www.pref.aichi.jp/soshiki/shogai/kouchin-jisseki.html,09220bd6afe1bbc0
愛知県,その他サービス,その他の役務,ソラリスワーク,,2311302026,突合済み,office_no,ソラリスワーク,名古屋市中川区,公表データ,愛知県 工賃実績（主な作業内容）,https://www.pref.aichi.jp/soshiki/shogai/kouchin-jisseki.html,be9d1952b0d04935
愛知県,その他サービス,その他の役務,タッチ220GATE,,2313300408,突合済み,office_no+name,タッチ２２０ＧＡＴＥ,刈谷市,公表データ,愛知県 工賃実績（主な作業内容）,https://www.pref.aichi.jp/soshiki/shogai/kouchin-jisseki.html,7f6bdada140440da
愛知県,その他サービス,その他の役務,タッチホープ,,2318400799,突合済み,office_no,タッチホープ,知多郡武豊町,公表データ,愛知県 工賃実績（主な作業内容）,https://www.pref.aichi.jp/soshiki/shogai/kouchin-jisseki.html,7a4f3b6f48246766
愛知県,その他サービス,その他の役務,チャレンジハウス弥富,,2310900044,突合済み,office_no,チャレンジハウス弥富,弥富市,公表データ,愛知県 工賃実績（主な作業内容）,https://www.pref.aichi.jp/soshiki/shogai/kouchin-jisseki.html,89af35f5ed97b87d
愛知県,その他サービス,その他の役務,チャレンジライフ,,2316100615,突合済み,office_no,チャレンジライフ,名古屋市中区,公表データ,愛知県 工賃実績（主な作業内容）,https://www.pref.aichi.jp/soshiki/shogai/kouchin-jisseki.html,861814aa0d3177d8
愛知県,その他サービス,その他の役務,チャレンジｗｏｒｋｓチャンス,,2311302000,突合済み,office_no,チャレンジｗｏｒｋｓチャンス,名古屋市中川区,公表データ,愛知県 工賃実績（主な作業内容）,https://www.pref.aichi.jp/soshiki/shogai/kouchin-jisseki.html,5c67a47bc1339c2e
愛知県,その他サービス,その他の役務,デノック,,2317900294,突合済み,office_no,デノック,尾張旭市,公表データ,愛知県 工賃実績（主な作業内容）,https://www.pref.aichi.jp/soshiki/shogai/kouchin-jisseki.html,3dbc81aed695a781
愛知県,その他サービス,その他の役務,トライアングル,,2315101812,突合済み,office_no,トライアングル,豊橋市,公表データ,愛知県 工賃実績（主な作業内容）,https://www.pref.aichi.jp/soshiki/shogai/kouchin-jisseki.html,add4a6ba38017d2a
愛知県,その他サービス,その他の役務,トライズ,,2318100282,突合済み,office_no,トライズ,名古屋市南区,公表データ,愛知県 工賃実績（主な作業内容）,https://www.pref.aichi.jp/soshiki/shogai/kouchin-jisseki.html,09e71ed769e3dc43
愛知県,その他サービス,その他の役務,トライト,,2312100825,突合済み,office_no,トライト,一宮市,公表データ,愛知県 工賃実績（主な作業内容）,https://www.pref.aichi.jp/soshiki/shogai/kouchin-jisseki.html,5b7a1fed96e9b014
愛知県,その他サービス,その他の役務,トレイト,,2316100938,突合済み,office_no,トレイト,名古屋市中区,公表データ,愛知県 工賃実績（主な作業内容）,https://www.pref.aichi.jp/soshiki/shogai/kouchin-jisseki.html,907301a03ebebcf0
愛知県,その他サービス,その他の役務,トレトレクラフト,,2312102805,突合済み,office_no,トレトレクラフト,一宮市,公表データ,愛知県 工賃実績（主な作業内容）,https://www.pref.aichi.jp/soshiki/shogai/kouchin-jisseki.html,5609a3241bb1ac55
愛知県,その他サービス,その他の役務,トレ株式会社,,2310201427,突合済み,office_no,就労継続支援Ｂ型事業所　ワンダーワーク,名古屋市西区,公表データ,愛知県 工賃実績（主な作業内容）,https://www.pref.aichi.jp/soshiki/shogai/kouchin-jisseki.html,414c28a17278aa40
愛知県,その他サービス,その他の役務,トレ株式会社,,2311301762,突合済み,office_no,就労継続支援Ｂ型事業所ワンダーワーク中川,名古屋市中川区,公表データ,愛知県 工賃実績（主な作業内容）,https://www.pref.aichi.jp/soshiki/shogai/kouchin-jisseki.html,307d1c40361ce31d
愛知県,その他サービス,その他の役務,トレ株式会社,,2317302178,突合済み,office_no,就労継続支援Ｂ型事業所ワンダーワーク北,名古屋市北区,公表データ,愛知県 工賃実績（主な作業内容）,https://www.pref.aichi.jp/soshiki/shogai/kouchin-jisseki.html,abe1231bc1a14fa0
愛知県,その他サービス,その他の役務,ドゥ,,2310700196,突合済み,office_no+name,ドゥ,愛西市,公表データ,愛知県 工賃実績（主な作業内容）,https://www.pref.aichi.jp/soshiki/shogai/kouchin-jisseki.html,b619a2defd18d94d
愛知県,その他サービス,その他の役務,ニー 就労継続支援B型,,2313300291,突合済み,office_no,就労継続支援Ｂ型事業所アンダンテ,刈谷市,公表データ,愛知県 工賃実績（主な作業内容）,https://www.pref.aichi.jp/soshiki/shogai/kouchin-jisseki.html,d34dd38efed5ae32
愛知県,その他サービス,その他の役務,ネクスター,,2312101682,突合済み,office_no,ネクスター,一宮市,公表データ,愛知県 工賃実績（主な作業内容）,https://www.pref.aichi.jp/soshiki/shogai/kouchin-jisseki.html,20c63e32a433a48b
愛知県,その他サービス,その他の役務,ハッピーA型,,2310500331,突合済み,office_no,ハッピー,海部郡蟹江町,公表データ,愛知県 工賃実績（主な作業内容）,https://www.pref.aichi.jp/soshiki/shogai/kouchin-jisseki.html,45a3bd212754c150
愛知県,その他サービス,その他の役務,ハッピーB型,,2310500331,突合済み,office_no,ハッピー,海部郡蟹江町,公表データ,愛知県 工賃実績（主な作業内容）,https://www.pref.aichi.jp/soshiki/shogai/kouchin-jisseki.html,45a3bd212754c150
愛知県,その他サービス,その他の役務,ハッピースマイルわかば,,2318800345,突合済み,office_no,ライフサポートわかば・大府,大府市,公表データ,愛知県 工賃実績（主な作業内容）,https://www.pref.aichi.jp/soshiki/shogai/kouchin-jisseki.html,b77979c71cda472e
愛知県,その他サービス,その他の役務,ハッピースマイル２４,,2318501612,突合済み,office_no,ハッピースマイル２４,名古屋市緑区,公表データ,愛知県 工賃実績（主な作業内容）,https://www.pref.aichi.jp/soshiki/shogai/kouchin-jisseki.html,b5d6d5eee495aa4b
愛知県,その他サービス,その他の役務,ハッピーハウス,,2310201922,突合済み,office_no,ハッピーハウス,名古屋市西区,公表データ,愛知県 工賃実績（主な作業内容）,https://www.pref.aichi.jp/soshiki/shogai/kouchin-jisseki.html,64a8c6e20d8a7c88
愛知県,その他サービス,その他の役務,ハニービー名古屋,,2310101684,突合済み,office_no,ハニービー名古屋,名古屋市中村区,公表データ,愛知県 工賃実績（主な作業内容）,https://www.pref.aichi.jp/soshiki/shogai/kouchin-jisseki.html,ac97ad527ea6badd
愛知県,その他サービス,その他の役務,ハピネスト,,2318300114,突合済み,office_no,ハピネスト,常滑市,公表データ,愛知県 工賃実績（主な作業内容）,https://www.pref.aichi.jp/soshiki/shogai/kouchin-jisseki.html,32b7eb56384b7e38
愛知県,その他サービス,その他の役務,ハローB型,,2310500455,突合済み,office_no,ハロー,海部郡蟹江町,公表データ,愛知県 工賃実績（主な作業内容）,https://www.pref.aichi.jp/soshiki/shogai/kouchin-jisseki.html,5624a461b376ca3b
愛知県,その他サービス,その他の役務,ハンクの里,,2317301857,突合済み,office_no,ハンクの里,名古屋市北区,公表データ,愛知県 工賃実績（主な作業内容）,https://www.pref.aichi.jp/soshiki/shogai/kouchin-jisseki.html,63d4b9ab54b49bda
愛知県,その他サービス,その他の役務,ハートフルフレンズ,,2313100550,突合済み,office_no,ハートフルフレンズ,岡崎市,公表データ,愛知県 工賃実績（主な作業内容）,https://www.pref.aichi.jp/soshiki/shogai/kouchin-jisseki.html,74f90a2062c86fe7
愛知県,その他サービス,その他の役務,ハートランド豊田の杜,,2313400596,突合済み,office_no,ハートランド豊田の杜,豊田市,公表データ,愛知県 工賃実績（主な作業内容）,https://www.pref.aichi.jp/soshiki/shogai/kouchin-jisseki.html,eb5283c13a23ccc0
愛知県,その他サービス,その他の役務,バディスリー,,2317602288,突合済み,office_no,就労継続支援Ａ型事業所バディスリー,名古屋市守山区,公表データ,愛知県 工賃実績（主な作業内容）,https://www.pref.aichi.jp/soshiki/shogai/kouchin-jisseki.html,96ff521c73c68b03
愛知県,その他サービス,その他の役務,パッソ刈谷校,,2313300689,突合済み,office_no,パッソ刈谷校,刈谷市,公表データ,愛知県 工賃実績（主な作業内容）,https://www.pref.aichi.jp/soshiki/shogai/kouchin-jisseki.html,d4f904a8aee0ae8a
愛知県,その他サービス,その他の役務,パッソ工房,,2311100420,突合済み,office_no,パッソ工房,名古屋市熱田区,公表データ,愛知県 工賃実績（主な作業内容）,https://www.pref.aichi.jp/soshiki/shogai/kouchin-jisseki.html,fb3c8f3c1aee3298
愛知県,その他サービス,その他の役務,パンプキン,,2311200394,突合済み,office_no,パンプキン,名古屋市港区,公表データ,愛知県 工賃実績（主な作業内容）,https://www.pref.aichi.jp/soshiki/shogai/kouchin-jisseki.html,1e246503ad6d10ab
愛知県,その他サービス,その他の役務,ピュアオフィス矢車草,,2315100640,突合済み,office_no,ピュアオフィス矢車草,豊橋市,公表データ,愛知県 工賃実績（主な作業内容）,https://www.pref.aichi.jp/soshiki/shogai/kouchin-jisseki.html,ac7af2fbf8d5126d
愛知県,その他サービス,その他の役務,フェンテ,,2317101232,突合済み,office_no,フェンテ,名古屋市千種区,公表データ,愛知県 工賃実績（主な作業内容）,https://www.pref.aichi.jp/soshiki/shogai/kouchin-jisseki.html,64dea6246783e60b
愛知県,その他サービス,その他の役務,フレンドいぼりの里,,2312800457,突合済み,office_no,フレンドいぼりの里,稲沢市,公表データ,愛知県 工賃実績（主な作業内容）,https://www.pref.aichi.jp/soshiki/shogai/kouchin-jisseki.html,f72d40114b90c3c5
愛知県,その他サービス,その他の役務,フローラ千種,,2317101372,突合済み,office_no,フローラ千種,名古屋市千種区,公表データ,愛知県 工賃実績（主な作業内容）,https://www.pref.aichi.jp/soshiki/shogai/kouchin-jisseki.html,6eaea7eaa9a29788
愛知県,その他サービス,その他の役務,フードパートナーズ中部,,2311302364,突合済み,office_no,フードパートナーズ中部,名古屋市中川区,公表データ,愛知県 工賃実績（主な作業内容）,https://www.pref.aichi.jp/soshiki/shogai/kouchin-jisseki.html,83fbcdedc1b34803
愛知県,その他サービス,その他の役務,ブルーウィング,,2318700461,突合済み,office_no,ブルーウィング,東海市,公表データ,愛知県 工賃実績（主な作業内容）,https://www.pref.aichi.jp/soshiki/shogai/kouchin-jisseki.html,c0bdedce3f044d5c
愛知県,その他サービス,その他の役務,プラスアルファ,,2310201807,突合済み,office_no,プラスアルファ,名古屋市西区,公表データ,愛知県 工賃実績（主な作業内容）,https://www.pref.aichi.jp/soshiki/shogai/kouchin-jisseki.html,a9132dad9b172840
愛知県,その他サービス,その他の役務,プラネット大曽根,,2317302236,突合済み,office_no,プラネット大曽根,名古屋市北区,公表データ,愛知県 工賃実績（主な作業内容）,https://www.pref.aichi.jp/soshiki/shogai/kouchin-jisseki.html,2b764520cc191523
愛知県,その他サービス,その他の役務,プラネット小牧,,2317701031,突合済み,office_no,プラネット小牧,小牧市,公表データ,愛知県 工賃実績（主な作業内容）,https://www.pref.aichi.jp/soshiki/shogai/kouchin-jisseki.html,64bba26b6779f2ca
愛知県,その他サービス,その他の役務,プラネット岡崎六名,,2313102481,突合済み,office_no,プラネット岡崎六名,岡崎市,公表データ,愛知県 工賃実績（主な作業内容）,https://www.pref.aichi.jp/soshiki/shogai/kouchin-jisseki.html,56aabb43f5c0faf2
愛知県,その他サービス,その他の役務,プラネット新瑞橋,,2311400994,突合済み,office_no,プラネット新瑞橋,名古屋市瑞穂区,公表データ,愛知県 工賃実績（主な作業内容）,https://www.pref.aichi.jp/soshiki/shogai/kouchin-jisseki.html,bbdca5a3bfef70fc
愛知県,その他サービス,その他の役務,プロサポート,,2313101079,突合済み,office_no,プロサポート,岡崎市,公表データ,愛知県 工賃実績（主な作業内容）,https://www.pref.aichi.jp/soshiki/shogai/kouchin-jisseki.html,e40404c606efdf8a
愛知県,その他サービス,その他の役務,プロサポート２,,2313101400,突合済み,office_no,プロサポート２,岡崎市,公表データ,愛知県 工賃実績（主な作業内容）,https://www.pref.aichi.jp/soshiki/shogai/kouchin-jisseki.html,40c4ff10b1f3e719
愛知県,その他サービス,その他の役務,プロサポート３,,2313102101,突合済み,office_no,プロサポート３,岡崎市,公表データ,愛知県 工賃実績（主な作業内容）,https://www.pref.aichi.jp/soshiki/shogai/kouchin-jisseki.html,b004e963bfc7c2fc
愛知県,その他サービス,その他の役務,ベーシック,,2317600605,突合済み,office_no,ベーシック,名古屋市守山区,公表データ,愛知県 工賃実績（主な作業内容）,https://www.pref.aichi.jp/soshiki/shogai/kouchin-jisseki.html,dc118eaf3de6dfee
愛知県,その他サービス,その他の役務,ペンギン,,2310201195,突合済み,office_no,ペンギン,名古屋市西区,公表データ,愛知県 工賃実績（主な作業内容）,https://www.pref.aichi.jp/soshiki/shogai/kouchin-jisseki.html,845f75409ddf49bf
愛知県,その他サービス,その他の役務,ホームワーク大樹寺,,2313101467,突合済み,office_no,ホームワーク大樹寺,岡崎市,公表データ,愛知県 工賃実績（主な作業内容）,https://www.pref.aichi.jp/soshiki/shogai/kouchin-jisseki.html,e17a229eb0c14760
愛知県,その他サービス,その他の役務,マイン,,2316401864,突合済み,office_no,マイン,名古屋市天白区,公表データ,愛知県 工賃実績（主な作業内容）,https://www.pref.aichi.jp/soshiki/shogai/kouchin-jisseki.html,87dc348e23494dc6
愛知県,その他サービス,その他の役務,マスケン,,2317200273,突合済み,office_no,マスケン,名古屋市東区,公表データ,愛知県 工賃実績（主な作業内容）,https://www.pref.aichi.jp/soshiki/shogai/kouchin-jisseki.html,fc1f0f16d15fcb6d
愛知県,その他サービス,その他の役務,ミルフィーユ,,2311301648,突合済み,office_no,ミルフィーユ,名古屋市中川区,公表データ,愛知県 工賃実績（主な作業内容）,https://www.pref.aichi.jp/soshiki/shogai/kouchin-jisseki.html,121724137afc09fc
愛知県,その他サービス,その他の役務,ミルフィーユ,,2311301648,突合済み,office_no,ミルフィーユ,名古屋市中川区,公表データ,愛知県 工賃実績（主な作業内容）,https://www.pref.aichi.jp/soshiki/shogai/kouchin-jisseki.html,121724137afc09fc
愛知県,その他サービス,その他の役務,ラポール,,2312102557,突合済み,office_no,ラポール,一宮市,公表データ,愛知県 工賃実績（主な作業内容）,https://www.pref.aichi.jp/soshiki/shogai/kouchin-jisseki.html,6ace45de67375b68
愛知県,その他サービス,その他の役務,リアサポート,,2317700629,突合済み,office_no,リアサポート,小牧市,公表データ,愛知県 工賃実績（主な作業内容）,https://www.pref.aichi.jp/soshiki/shogai/kouchin-jisseki.html,ee8950e46af31da8
愛知県,その他サービス,その他の役務,リアン,,2315201232,突合済み,office_no,リアン,豊川市,公表データ,愛知県 工賃実績（主な作業内容）,https://www.pref.aichi.jp/soshiki/shogai/kouchin-jisseki.html,54073d65a6eea7af
愛知県,その他サービス,その他の役務,リアン,,2312900232,突合済み,office_no,リアン,岩倉市,公表データ,愛知県 工賃実績（主な作業内容）,https://www.pref.aichi.jp/soshiki/shogai/kouchin-jisseki.html,91d8ea4fbb76a8aa
愛知県,その他サービス,その他の役務,リオワークス,,2316100722,突合済み,office_no,リオワークス,名古屋市中区,公表データ,愛知県 工賃実績（主な作業内容）,https://www.pref.aichi.jp/soshiki/shogai/kouchin-jisseki.html,6d7f7e7325967f45
愛知県,その他サービス,その他の役務,リトルビー,,2310101452,突合済み,office_no,リトルビー,名古屋市中村区,公表データ,愛知県 工賃実績（主な作業内容）,https://www.pref.aichi.jp/soshiki/shogai/kouchin-jisseki.html,d44938ab07d92a89
愛知県,その他サービス,その他の役務,リトルピッグ,,2310100967,突合済み,office_no,リトルピッグ,名古屋市中村区,公表データ,愛知県 工賃実績（主な作業内容）,https://www.pref.aichi.jp/soshiki/shogai/kouchin-jisseki.html,96b5c44c5f667d64
愛知県,その他サービス,その他の役務,リハスワーク名古屋熱田,,2311100859,突合済み,office_no,リハスワーク名古屋熱田,名古屋市熱田区,公表データ,愛知県 工賃実績（主な作業内容）,https://www.pref.aichi.jp/soshiki/shogai/kouchin-jisseki.html,d344006a877f47d8
愛知県,その他サービス,その他の役務,リーフ原駅前事業所,,2316101126,突合済み,office_no+name,リーフ原駅前事業所,名古屋市天白区,公表データ,愛知県 工賃実績（主な作業内容）,https://www.pref.aichi.jp/soshiki/shogai/kouchin-jisseki.html,0ddbca42f525c474
愛知県,その他サービス,その他の役務,リーフ天白事業所,,2316401039,突合済み,office_no,リーフ天白事業所,名古屋市天白区,公表データ,愛知県 工賃実績（主な作業内容）,https://www.pref.aichi.jp/soshiki/shogai/kouchin-jisseki.html,808a171e092fafaa
愛知県,その他サービス,その他の役務,ルガール,,2317501456,突合済み,office_no+name,ルガール,春日井市,公表データ,愛知県 工賃実績（主な作業内容）,https://www.pref.aichi.jp/soshiki/shogai/kouchin-jisseki.html,ed1b5a639c6ff878
愛知県,その他サービス,その他の役務,ルピナス,,2311301739,突合済み,office_no+name,ルピナス,名古屋市中川区,公表データ,愛知県 工賃実績（主な作業内容）,https://www.pref.aichi.jp/soshiki/shogai/kouchin-jisseki.html,2b51e5dee65852e2
愛知県,その他サービス,その他の役務,ロクザン,,2312102177,突合済み,office_no,ロクザン,一宮市,公表データ,愛知県 工賃実績（主な作業内容）,https://www.pref.aichi.jp/soshiki/shogai/kouchin-jisseki.html,0aad881643b0c22d
愛知県,その他サービス,その他の役務,ロコ ソレイユ,,2317101414,突合済み,office_no,ロコ　ソレイユ,名古屋市千種区,公表データ,愛知県 工賃実績（主な作業内容）,https://www.pref.aichi.jp/soshiki/shogai/kouchin-jisseki.html,33276b79b3b7ed39
愛知県,その他サービス,その他の役務,ロコマーレ,,2311400788,突合済み,office_no+name,ロコ　マーレ,名古屋市瑞穂区,公表データ,愛知県 工賃実績（主な作業内容）,https://www.pref.aichi.jp/soshiki/shogai/kouchin-jisseki.html,1a4ee418d4d8e257
愛知県,その他サービス,その他の役務,ワークいぼりの里,,2312800291,突合済み,office_no,ワークいぼりの里,稲沢市,公表データ,愛知県 工賃実績（主な作業内容）,https://www.pref.aichi.jp/soshiki/shogai/kouchin-jisseki.html,146817f5987fc098
愛知県,その他サービス,その他の役務,ワークシップ愛岐,,2312200336,突合済み,office_no,ワークシップ愛岐,江南市,公表データ,愛知県 工賃実績（主な作業内容）,https://www.pref.aichi.jp/soshiki/shogai/kouchin-jisseki.html,2e4a6d7f66bf4aff
愛知県,その他サービス,その他の役務,ワークシップ江南,,2312200427,突合済み,office_no,ワークシップ江南,江南市,公表データ,愛知県 工賃実績（主な作業内容）,https://www.pref.aichi.jp/soshiki/shogai/kouchin-jisseki.html,93f4c8398c3887e8
愛知県,その他サービス,その他の役務,ワークスペース中村,,2310102161,突合済み,office_no,ワークスペース中村,名古屋市中村区,公表データ,愛知県 工賃実績（主な作業内容）,https://www.pref.aichi.jp/soshiki/shogai/kouchin-jisseki.html,73950d43dbdd56e4
愛知県,その他サービス,その他の役務,ワークセンターかじま,,2318300080,突合済み,office_no+name,ワークセンターかじま,常滑市,公表データ,愛知県 工賃実績（主な作業内容）,https://www.pref.aichi.jp/soshiki/shogai/kouchin-jisseki.html,d1ccf9df81117420
愛知県,その他サービス,その他の役務,ワークセンターメイプル,,2318500853,突合済み,office_no,ワークセンターメイプル,名古屋市緑区,公表データ,愛知県 工賃実績（主な作業内容）,https://www.pref.aichi.jp/soshiki/shogai/kouchin-jisseki.html,f7bf02aba935f9e2
愛知県,その他サービス,その他の役務,ワークハウスみかんやま,,2316100326,突合済み,office_no,ワークハウスみかんやま,名古屋市中区,公表データ,愛知県 工賃実績（主な作業内容）,https://www.pref.aichi.jp/soshiki/shogai/kouchin-jisseki.html,3fe7daaa9ee729f1
愛知県,その他サービス,その他の役務,ワークルーム・ぐるっぺ,,2317100663,突合済み,office_no+name,ワークルーム・ぐるっぺ,名古屋市千種区,公表データ,愛知県 工賃実績（主な作業内容）,https://www.pref.aichi.jp/soshiki/shogai/kouchin-jisseki.html,96c78c887d516276
愛知県,その他サービス,その他の役務,一宮市立いずみ作業所,,2312100106,突合済み,office_no,一宮市立いずみ作業所,一宮市,公表データ,愛知県 工賃実績（主な作業内容）,https://www.pref.aichi.jp/soshiki/shogai/kouchin-jisseki.html,bc446bd5eb519c94
愛知県,その他サービス,その他の役務,一般社団法人 太陽,,2312102243,突合済み,office_no,就労支援生活介護虹彩十音,一宮市,公表データ,愛知県 工賃実績（主な作業内容）,https://www.pref.aichi.jp/soshiki/shogai/kouchin-jisseki.html,69763bda3ad572e6
愛知県,その他サービス,その他の役務,一般社団法人M＆I,,2312800739,突合済み,office_no,就労継続支援Ｂ型事業所いちょう,稲沢市,公表データ,愛知県 工賃実績（主な作業内容）,https://www.pref.aichi.jp/soshiki/shogai/kouchin-jisseki.html,4a19e2eb42351c81
愛知県,その他サービス,その他の役務,一般社団法人あしたば,,2312800671,突合済み,office_no,就労支援事業所ＡＳＨＩＴＡＢＡ,稲沢市,公表データ,愛知県 工賃実績（主な作業内容）,https://www.pref.aichi.jp/soshiki/shogai/kouchin-jisseki.html,3541798fd0bf9734
愛知県,その他サービス,その他の役務,一般社団法人しん,,2310200908,突合済み,office_no,就労継続支援Ｂ型　とびらぼ,名古屋市西区,公表データ,愛知県 工賃実績（主な作業内容）,https://www.pref.aichi.jp/soshiki/shogai/kouchin-jisseki.html,893b440221928db8
愛知県,その他サービス,その他の役務,一般財団法人 One Life Job Life,,2318001258,突合済み,office_no,Job　Life,名古屋市名東区,公表データ,愛知県 工賃実績（主な作業内容）,https://www.pref.aichi.jp/soshiki/shogai/kouchin-jisseki.html,047db19d753687b9
愛知県,その他サービス,その他の役務,中部メディカルサポート,,2315101358,突合済み,office_no,中部メディカルサポート,豊橋市,公表データ,愛知県 工賃実績（主な作業内容）,https://www.pref.aichi.jp/soshiki/shogai/kouchin-jisseki.html,7a22bf9d646480a2
愛知県,その他サービス,その他の役務,仁至会,,2318800014,突合済み,office_no,障害者福祉施設サンサン大府,大府市,公表データ,愛知県 工賃実績（主な作業内容）,https://www.pref.aichi.jp/soshiki/shogai/kouchin-jisseki.html,09c8882901cb505e
愛知県,その他サービス,その他の役務,作業所のどか,,2317600548,突合済み,office_no,作業所のどか,名古屋市守山区,公表データ,愛知県 工賃実績（主な作業内容）,https://www.pref.aichi.jp/soshiki/shogai/kouchin-jisseki.html,8b6a3df6caf14491
愛知県,その他サービス,その他の役務,光和寮,,2316200365,突合済み,office_no,光和寮,名古屋市昭和区,公表データ,愛知県 工賃実績（主な作業内容）,https://www.pref.aichi.jp/soshiki/shogai/kouchin-jisseki.html,27097afe628e67ca
愛知県,その他サービス,その他の役務,共の和 あま,,2310500620,突合済み,office_no,共の和　あま,あま市,公表データ,愛知県 工賃実績（主な作業内容）,https://www.pref.aichi.jp/soshiki/shogai/kouchin-jisseki.html,2d5d94941ca1dc86
愛知県,その他サービス,その他の役務,刈谷市立すぎな作業所,,2313300325,突合済み,office_no,刈谷市立すぎな作業所,刈谷市,公表データ,愛知県 工賃実績（主な作業内容）,https://www.pref.aichi.jp/soshiki/shogai/kouchin-jisseki.html,4bcfbf5ecf50f2b1
愛知県,その他サービス,その他の役務,初風,,2310201203,突合済み,office_no,初風,名古屋市西区,公表データ,愛知県 工賃実績（主な作業内容）,https://www.pref.aichi.jp/soshiki/shogai/kouchin-jisseki.html,ea328cf57ebdc7d3
愛知県,その他サービス,その他の役務,創造空間Passo a Passo,,2313101012,突合済み,office_no,創造空間Passo a Passo,岡崎市,公表データ,愛知県 工賃実績（主な作業内容）,https://www.pref.aichi.jp/soshiki/shogai/kouchin-jisseki.html,d5e2db74f20a2bee
愛知県,その他サービス,その他の役務,医療法人 芳精会,,2313900165,突合済み,office_no,就労継続支援B型事業所　サニー,額田郡幸田町,公表データ,愛知県 工賃実績（主な作業内容）,https://www.pref.aichi.jp/soshiki/shogai/kouchin-jisseki.html,0248976039989265
愛知県,その他サービス,その他の役務,医療法人 静心会,,2319000101,突合済み,office_no,就労継続支援Ｂ型事業所　ハーミット,豊明市,公表データ,愛知県 工賃実績（主な作業内容）,https://www.pref.aichi.jp/soshiki/shogai/kouchin-jisseki.html,7b3098f564868719
愛知県,その他サービス,その他の役務,医療法人憩心会,,2313500494,突合済み,office_no,医療法人憩心会和み　ぼちぼちカフェ,安城市,公表データ,愛知県 工賃実績（主な作業内容）,https://www.pref.aichi.jp/soshiki/shogai/kouchin-jisseki.html,2324a594ad07ad75
愛知県,その他サービス,その他の役務,南医療生活協同組合,,2318501265,突合済み,office_no,南医療生協就労継続支援Ｂ型ま〜るいところ,名古屋市緑区,公表データ,愛知県 工賃実績（主な作業内容）,https://www.pref.aichi.jp/soshiki/shogai/kouchin-jisseki.html,decd7518fb259e87
愛知県,その他サービス,その他の役務,友国作業所,,2313800027,突合済み,office_no+name,友国作業所,西尾市,公表データ,愛知県 工賃実績（主な作業内容）,https://www.pref.aichi.jp/soshiki/shogai/kouchin-jisseki.html,be09fd08b5a1e090
愛知県,その他サービス,その他の役務,合同会社KULINA,,2318800451,突合済み,office_no,就労継続支援B型事業所GEMS,大府市,公表データ,愛知県 工賃実績（主な作業内容）,https://www.pref.aichi.jp/soshiki/shogai/kouchin-jisseki.html,b66bb4f66578d8f6
愛知県,その他サービス,その他の役務,合同会社MOpower,,2310101759,突合済み,office_no,就労継続支援Ｂ型事業所Ｂチームズ,名古屋市中村区,公表データ,愛知県 工賃実績（主な作業内容）,https://www.pref.aichi.jp/soshiki/shogai/kouchin-jisseki.html,d53b1d5cacebc5e9
愛知県,その他サービス,その他の役務,合同会社のあのはこぶね,,2312102458,突合済み,office_no,就労継続支援B型事業所のあのはこぶね,一宮市,公表データ,愛知県 工賃実績（主な作業内容）,https://www.pref.aichi.jp/soshiki/shogai/kouchin-jisseki.html,7ddbff2e3880aa2a
愛知県,その他サービス,その他の役務,合同会社アドバンス,,2312200369,突合済み,office_no,多機能型事業所エール江南,江南市,公表データ,愛知県 工賃実績（主な作業内容）,https://www.pref.aichi.jp/soshiki/shogai/kouchin-jisseki.html,42200b019235ee05
愛知県,その他サービス,その他の役務,合同会社コンパス,,2313200293,突合済み,office_no,就労継続支援B型事業所コンパス,碧南市,公表データ,愛知県 工賃実績（主な作業内容）,https://www.pref.aichi.jp/soshiki/shogai/kouchin-jisseki.html,d536f977643a792c
愛知県,その他サービス,その他の役務,合同会社ライアート,,2317400600,突合済み,office_no,ビーハイブ,瀬戸市,公表データ,愛知県 工賃実績（主な作業内容）,https://www.pref.aichi.jp/soshiki/shogai/kouchin-jisseki.html,30c253415f84ce3a
愛知県,その他サービス,その他の役務,合同会社ｇｉｖｅ＆ｇｉｖｅ,,2310500588,突合済み,office_no,就労継続支援B型事業所　つむぐ,あま市,公表データ,愛知県 工賃実績（主な作業内容）,https://www.pref.aichi.jp/soshiki/shogai/kouchin-jisseki.html,d5fe5345b01026ec
愛知県,その他サービス,その他の役務,名城BASE,,2317301790,突合済み,office_no,名城ＢＡＳＥ,名古屋市北区,公表データ,愛知県 工賃実績（主な作業内容）,https://www.pref.aichi.jp/soshiki/shogai/kouchin-jisseki.html,ab9f590986e3ceda
愛知県,その他サービス,その他の役務,多機能型事業所 ｍ.pace,,2315102190,突合済み,office_no,多機能型事業所　m.pace,豊橋市,公表データ,愛知県 工賃実績（主な作業内容）,https://www.pref.aichi.jp/soshiki/shogai/kouchin-jisseki.html,2ba1a15183bac43f
愛知県,その他サービス,その他の役務,多機能型事業所あるむ,,2312800747,突合済み,office_no,多機能型事務所あるむ　就労継続支援B型あるむ,稲沢市,公表データ,愛知県 工賃実績（主な作業内容）,https://www.pref.aichi.jp/soshiki/shogai/kouchin-jisseki.html,d7ce759561744ba6
愛知県,その他サービス,その他の役務,多機能型事業所ハピラコ,,,未突合,unmatched,,,公表データ,愛知県 工賃実績（主な作業内容）,https://www.pref.aichi.jp/soshiki/shogai/kouchin-jisseki.html,
愛知県,その他サービス,その他の役務,多機能型施設ラニハルナ,,2313500288,突合済み,office_no,ラニハルナ,安城市,公表データ,愛知県 工賃実績（主な作業内容）,https://www.pref.aichi.jp/soshiki/shogai/kouchin-jisseki.html,6b3b63225afbfeda
愛知県,その他サービス,その他の役務,多賀授産所,,2318400344,突合済み,office_no,多賀授産所,知多郡武豊町,公表データ,愛知県 工賃実績（主な作業内容）,https://www.pref.aichi.jp/soshiki/shogai/kouchin-jisseki.html,27948dc9c6d41352
愛知県,その他サービス,その他の役務,小規模作業所ポレポレ,,2313100568,突合済み,office_no,小規模作業所 ポレポレ,岡崎市,公表データ,愛知県 工賃実績（主な作業内容）,https://www.pref.aichi.jp/soshiki/shogai/kouchin-jisseki.html,fee637f33dcdb5b9
愛知県,その他サービス,その他の役務,少年自立援助センター北,,2315300299,突合済み,office_no,多機能型就労支援事業所シャリオ,蒲郡市,公表データ,愛知県 工賃実績（主な作業内容）,https://www.pref.aichi.jp/soshiki/shogai/kouchin-jisseki.html,a3adc26e110b0212
愛知県,その他サービス,その他の役務,就労サポートココポルタ,,2315101713,突合済み,office_no,就労サポート　ココポルタ,豊橋市,公表データ,愛知県 工賃実績（主な作業内容）,https://www.pref.aichi.jp/soshiki/shogai/kouchin-jisseki.html,25eb03e311ef22fa
愛知県,その他サービス,その他の役務,就労支援 すぷらうと,,2313900140,突合済み,office_no,就労支援すぷらうと,額田郡幸田町,公表データ,愛知県 工賃実績（主な作業内容）,https://www.pref.aichi.jp/soshiki/shogai/kouchin-jisseki.html,e91e2599106b5bc9
愛知県,その他サービス,その他の役務,就労支援きずな蒲郡館,,2315300257,突合済み,office_no,就労支援きずな蒲郡館,蒲郡市,公表データ,愛知県 工賃実績（主な作業内容）,https://www.pref.aichi.jp/soshiki/shogai/kouchin-jisseki.html,d30eafc0a218e95f
愛知県,その他サービス,その他の役務,就労継続支援B型さなぎ,,2313100931,突合済み,office_no+name,就労継続支援Ｂ型さなぎ,岡崎市,公表データ,愛知県 工賃実績（主な作業内容）,https://www.pref.aichi.jp/soshiki/shogai/kouchin-jisseki.html,b2ab4d937096a98b
愛知県,その他サービス,その他の役務,就労継続支援B型エカヒ,,2314300332,突合済み,office_no,就労継続支援Ｂ型エカヒ,知立市,公表データ,愛知県 工賃実績（主な作業内容）,https://www.pref.aichi.jp/soshiki/shogai/kouchin-jisseki.html,db49612c6af4f54e
愛知県,その他サービス,その他の役務,就労継続支援SANPO,,2313600476,突合済み,office_no,就労継続支援　ＳＡＮＰＯ,西尾市,公表データ,愛知県 工賃実績（主な作業内容）,https://www.pref.aichi.jp/soshiki/shogai/kouchin-jisseki.html,3dc9dca6ca909142
愛知県,その他サービス,その他の役務,就労継続支援ブリッジ,,2313102234,突合済み,office_no,就労継続支援B型事業所無限,岡崎市,公表データ,愛知県 工賃実績（主な作業内容）,https://www.pref.aichi.jp/soshiki/shogai/kouchin-jisseki.html,a2019410233404a1
愛知県,その他サービス,その他の役務,希望の家,,2313100071,突合済み,office_no,希望の家,岡崎市,公表データ,愛知県 工賃実績（主な作業内容）,https://www.pref.aichi.jp/soshiki/shogai/kouchin-jisseki.html,96efe3e03090592d
愛知県,その他サービス,その他の役務,彩樹植田,,2316401419,突合済み,office_no,彩樹植田,名古屋市天白区,公表データ,愛知県 工賃実績（主な作業内容）,https://www.pref.aichi.jp/soshiki/shogai/kouchin-jisseki.html,d26fff6559662bf2
愛知県,その他サービス,その他の役務,想いのまま,,2318101355,突合済み,office_no,想いのまま,名古屋市南区,公表データ,愛知県 工賃実績（主な作業内容）,https://www.pref.aichi.jp/soshiki/shogai/kouchin-jisseki.html,6d12f77a6903e3b7
愛知県,その他サービス,その他の役務,愛ワークス,,2310101734,突合済み,office_no,愛ワークス,名古屋市中村区,公表データ,愛知県 工賃実績（主な作業内容）,https://www.pref.aichi.jp/soshiki/shogai/kouchin-jisseki.html,cd801db03cc2d336
愛知県,その他サービス,その他の役務,愛厚半田の里,,2318200249,突合済み,office_no,愛厚半田の里,半田市,公表データ,愛知県 工賃実績（主な作業内容）,https://www.pref.aichi.jp/soshiki/shogai/kouchin-jisseki.html,ae78757fe1195c45
愛知県,その他サービス,その他の役務,愛厚希全の里,,2315200028,突合済み,office_no,愛厚希全の里,豊川市,公表データ,愛知県 工賃実績（主な作業内容）,https://www.pref.aichi.jp/soshiki/shogai/kouchin-jisseki.html,57275104552f2c1e
愛知県,その他サービス,その他の役務,愛厚弥富の里,,2310900010,突合済み,office_no,愛厚弥富の里,弥富市,公表データ,愛知県 工賃実績（主な作業内容）,https://www.pref.aichi.jp/soshiki/shogai/kouchin-jisseki.html,07bfb1fa4e7b1e8e
愛知県,その他サービス,その他の役務,手のひら,,2312800408,突合済み,office_no,手のひら,稲沢市,公表データ,愛知県 工賃実績（主な作業内容）,https://www.pref.aichi.jp/soshiki/shogai/kouchin-jisseki.html,7f87b024272034e1
愛知県,その他サービス,その他の役務,日進ワークキャンパス,,2316500475,突合済み,office_no,日進ワークキャンパス,日進市,公表データ,愛知県 工賃実績（主な作業内容）,https://www.pref.aichi.jp/soshiki/shogai/kouchin-jisseki.html,99d0e3647b5d0de7
愛知県,その他サービス,その他の役務,春日井市福祉作業所,,2317500672,突合済み,office_no,春日井市福祉作業所,春日井市,公表データ,愛知県 工賃実績（主な作業内容）,https://www.pref.aichi.jp/soshiki/shogai/kouchin-jisseki.html,d415cb91bd754046
愛知県,その他サービス,その他の役務,有限会社K＆M,,2315102240,突合済み,office_no,就労継続支援B型事業所Lino,豊橋市,公表データ,愛知県 工賃実績（主な作業内容）,https://www.pref.aichi.jp/soshiki/shogai/kouchin-jisseki.html,75c8331eee001710
愛知県,その他サービス,その他の役務,有限会社オールパーパス どーなっつ,,2318101330,突合済み,office_no,どーなっつ,名古屋市南区,公表データ,愛知県 工賃実績（主な作業内容）,https://www.pref.aichi.jp/soshiki/shogai/kouchin-jisseki.html,3e0ab9c6642a61f9
愛知県,その他サービス,その他の役務,本郷作業所,,2318000946,突合済み,office_no,本郷作業所,名古屋市名東区,公表データ,愛知県 工賃実績（主な作業内容）,https://www.pref.aichi.jp/soshiki/shogai/kouchin-jisseki.html,c25e9b0e68160305
愛知県,その他サービス,その他の役務,杏,,2317400642,突合済み,office_no,杏,瀬戸市,公表データ,愛知県 工賃実績（主な作業内容）,https://www.pref.aichi.jp/soshiki/shogai/kouchin-jisseki.html,fbfbab007c57c418
愛知県,その他サービス,その他の役務,東あけび苑,,2318800030,突合済み,office_no,東あけび苑,大府市,公表データ,愛知県 工賃実績（主な作業内容）,https://www.pref.aichi.jp/soshiki/shogai/kouchin-jisseki.html,6917033a5cf5d5ce
愛知県,その他サービス,その他の役務,株式会社 SMIRING,,,未突合,unmatched,,,公表データ,愛知県 工賃実績（主な作業内容）,https://www.pref.aichi.jp/soshiki/shogai/kouchin-jisseki.html,
愛知県,その他サービス,その他の役務,株式会社 さくらサポート こすもす,,2317502074,突合済み,office_no,こすもす,春日井市,公表データ,愛知県 工賃実績（主な作業内容）,https://www.pref.aichi.jp/soshiki/shogai/kouchin-jisseki.html,4db7c7d26316cf8e
愛知県,その他サービス,その他の役務,株式会社 アビリディー,,2317101463,突合済み,office_no,就労継続支援Ｂ型事業所アイワークス,名古屋市千種区,公表データ,愛知県 工賃実績（主な作業内容）,https://www.pref.aichi.jp/soshiki/shogai/kouchin-jisseki.html,ab28f5297713ed87
愛知県,その他サービス,その他の役務,株式会社 テイウェル,,2317700793,突合済み,office_no,就労支援事業所テイウェル,小牧市,公表データ,愛知県 工賃実績（主な作業内容）,https://www.pref.aichi.jp/soshiki/shogai/kouchin-jisseki.html,77c43df0631107f3
愛知県,その他サービス,その他の役務,株式会社 ピュア・ハート ピュア・ハート,,2313101293,突合済み,office_no,ピュア・ハート,岡崎市,公表データ,愛知県 工賃実績（主な作業内容）,https://www.pref.aichi.jp/soshiki/shogai/kouchin-jisseki.html,ef0851dfb5268d9c
愛知県,その他サービス,その他の役務,株式会社 ルーク,,2317200786,突合済み,office_no,就労継続支援B型事業所　サンライク大曽根,名古屋市東区,公表データ,愛知県 工賃実績（主な作業内容）,https://www.pref.aichi.jp/soshiki/shogai/kouchin-jisseki.html,1e52799f7c55e76e
愛知県,その他サービス,その他の役務,株式会社 夢尊ワークス 夢尊ワークス瀬戸,,2317400824,突合済み,office_no,夢尊ワークス　瀬戸,瀬戸市,公表データ,愛知県 工賃実績（主な作業内容）,https://www.pref.aichi.jp/soshiki/shogai/kouchin-jisseki.html,7a6e1796a605fdb2
愛知県,その他サービス,その他の役務,株式会社 縁案,,2315300349,突合済み,office_no,就労継続支援B型事業所　エニシアン・オフィス,蒲郡市,公表データ,愛知県 工賃実績（主な作業内容）,https://www.pref.aichi.jp/soshiki/shogai/kouchin-jisseki.html,df632899e6b1d070
愛知県,その他サービス,その他の役務,株式会社 誠,,2316401401,突合済み,office_no,就労継続支援Ｂ型やまととなでしこ名古屋,名古屋市天白区,公表データ,愛知県 工賃実績（主な作業内容）,https://www.pref.aichi.jp/soshiki/shogai/kouchin-jisseki.html,fc8859e0e2037343
愛知県,その他サービス,その他の役務,株式会社AAAsupport,,2313500700,突合済み,office_no,ＡＡＡＧａｍｅｓ,安城市,公表データ,愛知県 工賃実績（主な作業内容）,https://www.pref.aichi.jp/soshiki/shogai/kouchin-jisseki.html,d7ae9f5794677993
愛知県,その他サービス,その他の役務,株式会社ACT FREAK,,2318700339,突合済み,office_no,就労継続支援B型事業所　クリエイティブ東海,東海市,公表データ,愛知県 工賃実績（主な作業内容）,https://www.pref.aichi.jp/soshiki/shogai/kouchin-jisseki.html,ea7813344097fcaf
愛知県,その他サービス,その他の役務,株式会社AWANA,,2311201277,突合済み,office_no,ラウレア,名古屋市港区,公表データ,愛知県 工賃実績（主な作業内容）,https://www.pref.aichi.jp/soshiki/shogai/kouchin-jisseki.html,8701368068d65d6e
愛知県,その他サービス,その他の役務,株式会社Audley,,2310101122,突合済み,office_no,障がい者就労支援オードリー,名古屋市中村区,公表データ,愛知県 工賃実績（主な作業内容）,https://www.pref.aichi.jp/soshiki/shogai/kouchin-jisseki.html,83877997fe8045df
愛知県,その他サービス,その他の役務,株式会社Bestteam,,2318700438,突合済み,office_no,ＢｅｓＴワークス東海,東海市,公表データ,愛知県 工賃実績（主な作業内容）,https://www.pref.aichi.jp/soshiki/shogai/kouchin-jisseki.html,522ffcb95acecec0
愛知県,その他サービス,その他の役務,株式会社CNS,,2311302208,突合済み,office_no,就労継続支援Ｂ型事業所コネット,名古屋市中川区,公表データ,愛知県 工賃実績（主な作業内容）,https://www.pref.aichi.jp/soshiki/shogai/kouchin-jisseki.html,361de11a32ed521a
愛知県,その他サービス,その他の役務,株式会社DD,,2313600518,突合済み,office_no,就労継続支援B型事業所SPOONMAN,西尾市,公表データ,愛知県 工賃実績（主な作業内容）,https://www.pref.aichi.jp/soshiki/shogai/kouchin-jisseki.html,f6bd1c2070a05dfd
愛知県,その他サービス,その他の役務,株式会社DIPPS,,2316200977,突合済み,office_no,就労・コミュニティセンターＡｂｂｅｙ表山,名古屋市天白区,公表データ,愛知県 工賃実績（主な作業内容）,https://www.pref.aichi.jp/soshiki/shogai/kouchin-jisseki.html,500ac33d05ed2bf7
愛知県,その他サービス,その他の役務,株式会社IQOL,,2312102839,突合済み,office_no,就労継続支援B型事業所　あいね,一宮市,公表データ,愛知県 工賃実績（主な作業内容）,https://www.pref.aichi.jp/soshiki/shogai/kouchin-jisseki.html,e1a4ed23bb3fae7e
愛知県,その他サービス,その他の役務,株式会社IWC,,2311100479,突合済み,office_no,就労継続支援多機能事業所　いろは,名古屋市熱田区,公表データ,愛知県 工賃実績（主な作業内容）,https://www.pref.aichi.jp/soshiki/shogai/kouchin-jisseki.html,25f736c6b6329eb3
愛知県,その他サービス,その他の役務,株式会社Passo a Passo,,2313101665,突合済み,office_no,パッソアニメーションスタジオ,岡崎市,公表データ,愛知県 工賃実績（主な作業内容）,https://www.pref.aichi.jp/soshiki/shogai/kouchin-jisseki.html,873311dcbd389d64
愛知県,その他サービス,その他の役務,株式会社Passo a Passo,,2313401826,突合済み,office_no,パッソアニメーションスタジオ豊田,豊田市,公表データ,愛知県 工賃実績（主な作業内容）,https://www.pref.aichi.jp/soshiki/shogai/kouchin-jisseki.html,6d42408fa79b6376
愛知県,その他サービス,その他の役務,株式会社eDEL,,2310500943,突合済み,office_no,指定就労継続支援施設スピカ,海部郡大治町,公表データ,愛知県 工賃実績（主な作業内容）,https://www.pref.aichi.jp/soshiki/shogai/kouchin-jisseki.html,4696486e780d6de1
愛知県,その他サービス,その他の役務,株式会社ひなた,,2313900066,突合済み,office_no,就労継続支援B型事業所　ひなた,額田郡幸田町,公表データ,愛知県 工賃実績（主な作業内容）,https://www.pref.aichi.jp/soshiki/shogai/kouchin-jisseki.html,c882b0d8b7493c05
愛知県,その他サービス,その他の役務,株式会社ひまわり,,2310101361,突合済み,office_no,ひまわりキッチン,名古屋市中村区,公表データ,愛知県 工賃実績（主な作業内容）,https://www.pref.aichi.jp/soshiki/shogai/kouchin-jisseki.html,750ac52c6f8f6845
愛知県,その他サービス,その他の役務,株式会社みんなまる,,2316401658,突合済み,office_no,就労継続支援B型事業所　つなぐ,名古屋市天白区,公表データ,愛知県 工賃実績（主な作業内容）,https://www.pref.aichi.jp/soshiki/shogai/kouchin-jisseki.html,164765cae6a39992
愛知県,その他サービス,その他の役務,株式会社アルファサービス アルファサービス,,2310200874,突合済み,office_no,アルファサービス,名古屋市西区,公表データ,愛知県 工賃実績（主な作業内容）,https://www.pref.aichi.jp/soshiki/shogai/kouchin-jisseki.html,19b8ef8dff4ba65e
愛知県,その他サービス,その他の役務,株式会社イノベーション２１ イノベーション２１,,2311200568,突合済み,office_no,イノベーション２１,名古屋市港区,公表データ,愛知県 工賃実績（主な作業内容）,https://www.pref.aichi.jp/soshiki/shogai/kouchin-jisseki.html,4abed6209ccfa659
愛知県,その他サービス,その他の役務,株式会社ウェルビーイング 夢見草,,2313101186,突合済み,office_no,夢見草,岡崎市,公表データ,愛知県 工賃実績（主な作業内容）,https://www.pref.aichi.jp/soshiki/shogai/kouchin-jisseki.html,4f539c2999b76af1
愛知県,その他サービス,その他の役務,株式会社エイト,,2313300408,突合済み,office_no,タッチ２８４ＧＡＴＥ・１１８４ＧＡＴＥ,刈谷市,公表データ,愛知県 工賃実績（主な作業内容）,https://www.pref.aichi.jp/soshiki/shogai/kouchin-jisseki.html,2b3d116ef3eb61ec
愛知県,その他サービス,その他の役務,株式会社エガオハピネス えがおハピネス,,2311201046,突合済み,office_no,えがおハピネス,名古屋市港区,公表データ,愛知県 工賃実績（主な作業内容）,https://www.pref.aichi.jp/soshiki/shogai/kouchin-jisseki.html,0790c933e2c8475c
愛知県,その他サービス,その他の役務,株式会社エボリューション フレンド千種,,2317200877,突合済み,office_no,フレンド千種,名古屋市東区,公表データ,愛知県 工賃実績（主な作業内容）,https://www.pref.aichi.jp/soshiki/shogai/kouchin-jisseki.html,0ce37aec5beeb039
愛知県,その他サービス,その他の役務,株式会社エンジョイ,,2312200377,突合済み,office_no,就労支援事業所　えんの里,江南市,公表データ,愛知県 工賃実績（主な作業内容）,https://www.pref.aichi.jp/soshiki/shogai/kouchin-jisseki.html,73a341809dc59639
愛知県,その他サービス,その他の役務,株式会社キャリカク,,2318001969,突合済み,office_no,キャリカク藤が丘駅前事業所,名古屋市名東区,公表データ,愛知県 工賃実績（主な作業内容）,https://www.pref.aichi.jp/soshiki/shogai/kouchin-jisseki.html,28d5a9a7bd752e6e
愛知県,その他サービス,その他の役務,株式会社ザイゼン,,2316200902,突合済み,office_no,はるひな,名古屋市昭和区,公表データ,愛知県 工賃実績（主な作業内容）,https://www.pref.aichi.jp/soshiki/shogai/kouchin-jisseki.html,3a840c25f974736d
愛知県,その他サービス,その他の役務,株式会社ステップ,,2316401278,突合済み,office_no,就労継続支援B型事業所　ステップ,名古屋市天白区,公表データ,愛知県 工賃実績（主な作業内容）,https://www.pref.aichi.jp/soshiki/shogai/kouchin-jisseki.html,1c8a84c400e94ae6
愛知県,その他サービス,その他の役務,株式会社ステップ,,2318002058,突合済み,office_no,就労継続支援Ｂ型事業所 ステップ上社,名古屋市名東区,公表データ,愛知県 工賃実績（主な作業内容）,https://www.pref.aichi.jp/soshiki/shogai/kouchin-jisseki.html,5e7a9c9e24832969
愛知県,その他サービス,その他の役務,株式会社ハセガワ製作所 ハーテック,,2317602171,突合済み,office_no,ハーテック,名古屋市守山区,公表データ,愛知県 工賃実績（主な作業内容）,https://www.pref.aichi.jp/soshiki/shogai/kouchin-jisseki.html,3fb268a5b8010ccb
愛知県,その他サービス,その他の役務,株式会社フォーティーワン フォーティーワン,,2317300875,突合済み,office_no,フォーティーワン,名古屋市北区,公表データ,愛知県 工賃実績（主な作業内容）,https://www.pref.aichi.jp/soshiki/shogai/kouchin-jisseki.html,3cb64ba5239de7d8
愛知県,その他サービス,その他の役務,株式会社マゼンダ,,2318600265,突合済み,office_no,サクラワークス。,長久手市,公表データ,愛知県 工賃実績（主な作業内容）,https://www.pref.aichi.jp/soshiki/shogai/kouchin-jisseki.html,aeeaed0592332dfd
愛知県,その他サービス,その他の役務,株式会社ライフワーク,,2318001464,突合済み,office_no,ライフワーク名東,名古屋市名東区,公表データ,愛知県 工賃実績（主な作業内容）,https://www.pref.aichi.jp/soshiki/shogai/kouchin-jisseki.html,6135f284bf1e26e6
愛知県,その他サービス,その他の役務,株式会社リュッカ,,2318501364,突合済み,office_no,就労継続支援B型　りゅっか,名古屋市緑区,公表データ,愛知県 工賃実績（主な作業内容）,https://www.pref.aichi.jp/soshiki/shogai/kouchin-jisseki.html,0979e688468ed17a
愛知県,その他サービス,その他の役務,株式会社ルーク,,2317301485,突合済み,office_no,就労継続支援Ｂ型事業所　サンライク黒川,名古屋市北区,公表データ,愛知県 工賃実績（主な作業内容）,https://www.pref.aichi.jp/soshiki/shogai/kouchin-jisseki.html,666b97cd8adb448b
愛知県,その他サービス,その他の役務,株式会社優里,,2316101381,突合済み,office_no,就労継続支援Ａ型サポートゆうり,名古屋市中区,公表データ,愛知県 工賃実績（主な作業内容）,https://www.pref.aichi.jp/soshiki/shogai/kouchin-jisseki.html,7267af4563ca9ab5
愛知県,その他サービス,その他の役務,株式会社共営牧場,,2312102185,突合済み,office_no,就労継続支援Ｂ型事業所かえで,一宮市,公表データ,愛知県 工賃実績（主な作業内容）,https://www.pref.aichi.jp/soshiki/shogai/kouchin-jisseki.html,41da437c7a54102c
愛知県,その他サービス,その他の役務,株式会社味来'S,,,未突合,unmatched,,,公表データ,愛知県 工賃実績（主な作業内容）,https://www.pref.aichi.jp/soshiki/shogai/kouchin-jisseki.html,
愛知県,その他サービス,その他の役務,株式会社愛知福祉会,,2312102201,突合済み,office_no,就労継続支援Ｂ型事業所ゆずⅡ,一宮市,公表データ,愛知県 工賃実績（主な作業内容）,https://www.pref.aichi.jp/soshiki/shogai/kouchin-jisseki.html,8f7384fc54ab57f1
愛知県,その他サービス,その他の役務,株式会社清須福祉会,,2310600289,突合済み,office_no,きよすトレーニングセンター,清須市,公表データ,愛知県 工賃実績（主な作業内容）,https://www.pref.aichi.jp/soshiki/shogai/kouchin-jisseki.html,b99159084a691a61
愛知県,その他サービス,その他の役務,株式会社白,,2310300526,突合済み,office_no,障がい者就労支援Ｂ型事業所マリアハウス,津島市,公表データ,愛知県 工賃実績（主な作業内容）,https://www.pref.aichi.jp/soshiki/shogai/kouchin-jisseki.html,e718a1d8b9c628fe
愛知県,その他サービス,その他の役務,株式会社白,,,未突合,unmatched,,,公表データ,愛知県 工賃実績（主な作業内容）,https://www.pref.aichi.jp/soshiki/shogai/kouchin-jisseki.html,
愛知県,その他サービス,その他の役務,株式会社白,,2310501008,突合済み,office_no,就労支援B型事業所アリス,あま市,公表データ,愛知県 工賃実績（主な作業内容）,https://www.pref.aichi.jp/soshiki/shogai/kouchin-jisseki.html,4bad3d59dd940d96
愛知県,その他サービス,その他の役務,株式会社白,,2310500729,突合済み,office_no,障がい者就労支援Ｂ型事業所クララ,あま市,公表データ,愛知県 工賃実績（主な作業内容）,https://www.pref.aichi.jp/soshiki/shogai/kouchin-jisseki.html,4a621dc8c6df8255
愛知県,その他サービス,その他の役務,株式会社誠,,2313300556,突合済み,office_no,就労継続支援B型やまととなでしこ,刈谷市,公表データ,愛知県 工賃実績（主な作業内容）,https://www.pref.aichi.jp/soshiki/shogai/kouchin-jisseki.html,47e339683738a648
愛知県,その他サービス,その他の役務,株式会社ＡＬＩＶＥ,,2313401651,突合済み,office_no,就労支援センタージョルノ若林,豊田市,公表データ,愛知県 工賃実績（主な作業内容）,https://www.pref.aichi.jp/soshiki/shogai/kouchin-jisseki.html,f6f0e7d23a3c7e7a
愛知県,その他サービス,その他の役務,株式会社Ｈ.Ｔ.Ｓ,,2318200611,突合済み,office_no,就労継続支援Ｂ型事業所アクシア,半田市,公表データ,愛知県 工賃実績（主な作業内容）,https://www.pref.aichi.jp/soshiki/shogai/kouchin-jisseki.html,eb30f3300ea69c30
愛知県,その他サービス,その他の役務,清須BASE,,2310600255,突合済み,office_no,清須ＢＡＳＥ,清須市,公表データ,愛知県 工賃実績（主な作業内容）,https://www.pref.aichi.jp/soshiki/shogai/kouchin-jisseki.html,de5cb56ae43b7fde
愛知県,その他サービス,その他の役務,清須市社会福祉協議会,,2310600057,突合済み,office_no,きよす障害者就労継続支援センター飛鳥,清須市,公表データ,愛知県 工賃実績（主な作業内容）,https://www.pref.aichi.jp/soshiki/shogai/kouchin-jisseki.html,e7317496f88e1bbf
愛知県,その他サービス,その他の役務,犬山事業所リア,,2312300284,突合済み,office_no,犬山事業所リア,犬山市,公表データ,愛知県 工賃実績（主な作業内容）,https://www.pref.aichi.jp/soshiki/shogai/kouchin-jisseki.html,ddf04b1ffbb6af31
愛知県,その他サービス,その他の役務,矢車草東脇,,2315101721,突合済み,office_no,矢車草東脇,豊橋市,公表データ,愛知県 工賃実績（主な作業内容）,https://www.pref.aichi.jp/soshiki/shogai/kouchin-jisseki.html,2c01ff4de4d07748
愛知県,その他サービス,その他の役務,知らす池下,,2317101125,突合済み,office_no,知らす池下,名古屋市千種区,公表データ,愛知県 工賃実績（主な作業内容）,https://www.pref.aichi.jp/soshiki/shogai/kouchin-jisseki.html,04c16432b223e940
愛知県,その他サービス,その他の役務,社会福祉法人福寿園,,2318700396,突合済み,office_no,木田の里就労継続支援センター,東海市,公表データ,愛知県 工賃実績（主な作業内容）,https://www.pref.aichi.jp/soshiki/shogai/kouchin-jisseki.html,27fc9590ec67b678
愛知県,その他サービス,その他の役務,社会福祉法人翌檜,,2314200177,突合済み,office_no,就労継続支援事業所B型チャレンジサポートたかはま,高浜市,公表データ,愛知県 工賃実績（主な作業内容）,https://www.pref.aichi.jp/soshiki/shogai/kouchin-jisseki.html,abefaa06aa790502
愛知県,その他サービス,その他の役務,福祉作業所さつきの家,,2310500059,突合済み,office_no,福祉作業所さつきの家,海部郡大治町,公表データ,愛知県 工賃実績（主な作業内容）,https://www.pref.aichi.jp/soshiki/shogai/kouchin-jisseki.html,eab87d49b8f17af9
愛知県,その他サービス,その他の役務,結 阿久比,,2318400740,突合済み,office_no,就労継続支援Ｂ型結〜むすび〜阿久比,知多郡阿久比町,公表データ,愛知県 工賃実績（主な作業内容）,https://www.pref.aichi.jp/soshiki/shogai/kouchin-jisseki.html,bdc18fd2e47a9f29
愛知県,その他サービス,その他の役務,美緑,,2315101325,突合済み,office_no,美緑,豊橋市,公表データ,愛知県 工賃実績（主な作業内容）,https://www.pref.aichi.jp/soshiki/shogai/kouchin-jisseki.html,327e4ac0f0dab1df
愛知県,その他サービス,その他の役務,聴覚・ろう重複センター蒼,,2317601454,突合済み,office_no,聴覚・ろう重複センター蒼,名古屋市守山区,公表データ,愛知県 工賃実績（主な作業内容）,https://www.pref.aichi.jp/soshiki/shogai/kouchin-jisseki.html,4201a71111db5c8a
愛知県,その他サービス,その他の役務,花名,,2315102224,突合済み,office_no,花名,豊橋市,公表データ,愛知県 工賃実績（主な作業内容）,https://www.pref.aichi.jp/soshiki/shogai/kouchin-jisseki.html,bf70d271fb3056c7
愛知県,その他サービス,その他の役務,萠作業所,,2317600498,突合済み,office_no,萠作業所,名古屋市守山区,公表データ,愛知県 工賃実績（主な作業内容）,https://www.pref.aichi.jp/soshiki/shogai/kouchin-jisseki.html,c5098e40d77b6331
愛知県,その他サービス,その他の役務,蒼葉,,2318400765,突合済み,office_no,蒼葉,知多郡阿久比町,公表データ,愛知県 工賃実績（主な作業内容）,https://www.pref.aichi.jp/soshiki/shogai/kouchin-jisseki.html,22c7a4ba5f838351
愛知県,その他サービス,その他の役務,陽だまりのにじ,,2318300155,突合済み,office_no,陽だまりのにじ,常滑市,公表データ,愛知県 工賃実績（主な作業内容）,https://www.pref.aichi.jp/soshiki/shogai/kouchin-jisseki.html,a63b7952158c67db
愛知県,その他サービス,その他の役務,障害者雇用創造センター まきの木,,2310700147,突合済み,office_no,まきの木,愛西市,公表データ,愛知県 工賃実績（主な作業内容）,https://www.pref.aichi.jp/soshiki/shogai/kouchin-jisseki.html,4ef9da3e27e50788
愛知県,その他サービス,その他の役務,障害者雇用創造センター オリーブ,,2310900150,突合済み,office_no,オリーブ,弥富市,公表データ,愛知県 工賃実績（主な作業内容）,https://www.pref.aichi.jp/soshiki/shogai/kouchin-jisseki.html,5646c3b60105e28d
愛知県,その他サービス,その他の役務,ＡＷひまわり,,2318200371,突合済み,office_no,ＡＷひまわり,半田市,公表データ,愛知県 工賃実績（主な作業内容）,https://www.pref.aichi.jp/soshiki/shogai/kouchin-jisseki.html,5beb4c69a86d5b42
愛知県,その他サービス,その他の役務,Ｂ☆DASH,,2316101662,突合済み,office_no,Ｂ☆ＤＡＳＨ,名古屋市中区,公表データ,愛知県 工賃実績（主な作業内容）,https://www.pref.aichi.jp/soshiki/shogai/kouchin-jisseki.html,f21e94b55f82f97e
愛知県,その他サービス,その他の役務,ＣＯＰＡＩＮ,,2313400901,突合済み,office_no,株式会社ＣＯＰＡＩＮ,豊田市,公表データ,愛知県 工賃実績（主な作業内容）,https://www.pref.aichi.jp/soshiki/shogai/kouchin-jisseki.html,74fcabe317b35ba0
愛知県,その他サービス,その他の役務,Ｑ＆Ｓかいめい,,2312101773,突合済み,office_no+name,Ｑ＆Ｓかいめい,一宮市,公表データ,愛知県 工賃実績（主な作業内容）,https://www.pref.aichi.jp/soshiki/shogai/kouchin-jisseki.html,8ee8c6548a8cbf45
愛知県,その他サービス,その他の役務,ＹＯＵ,,2311302463,突合済み,office_no,ＹＯＵ,名古屋市中川区,公表データ,愛知県 工賃実績（主な作業内容）,https://www.pref.aichi.jp/soshiki/shogai/kouchin-jisseki.html,07a5321af1471dcf
愛知県,その他サービス,その他の役務,ｇｌｉｔｔｅｒ,,,未突合,unmatched,,,公表データ,愛知県 工賃実績（主な作業内容）,https://www.pref.aichi.jp/soshiki/shogai/kouchin-jisseki.html,
愛知県,クリーニング,クリーニング,3010401138071,,,未突合,unmatched,,,公表データ,愛知県 工賃実績（主な作業内容）,https://www.pref.aichi.jp/soshiki/shogai/kouchin-jisseki.html,
愛知県,クリーニング,クリーニング,6180305002437,,,未突合,unmatched,,,公表データ,愛知県 工賃実績（主な作業内容）,https://www.pref.aichi.jp/soshiki/shogai/kouchin-jisseki.html,
愛知県,クリーニング,クリーニング,7180001089315,,2310500893,突合済み,office_no,ヤシの木,愛西市,公表データ,愛知県 工賃実績（主な作業内容）,https://www.pref.aichi.jp/soshiki/shogai/kouchin-jisseki.html,f5d4163e644475de
愛知県,クリーニング,クリーニング,9180005016164,,2317200539,突合済み,office_no,就労継続支援B型事業所むすび,名古屋市東区,公表データ,愛知県 工賃実績（主な作業内容）,https://www.pref.aichi.jp/soshiki/shogai/kouchin-jisseki.html,d0e8ef498ccd390d
愛知県,クリーニング,クリーニング,ATSH RAINBOW,,2316401807,突合済み,office_no,ＡＴＳＨ　ＲＡＩＮＢＯＷ,名古屋市天白区,公表データ,愛知県 工賃実績（主な作業内容）,https://www.pref.aichi.jp/soshiki/shogai/kouchin-jisseki.html,d5dbd3ed75b312e6
愛知県,クリーニング,クリーニング,あけび苑,,2318800048,突合済み,office_no,あけび苑,大府市,公表データ,愛知県 工賃実績（主な作業内容）,https://www.pref.aichi.jp/soshiki/shogai/kouchin-jisseki.html,4c31a9afa01deb53
愛知県,クリーニング,クリーニング,あねすと,,2310600479,突合済み,office_no,あねすと,清須市,公表データ,愛知県 工賃実績（主な作業内容）,https://www.pref.aichi.jp/soshiki/shogai/kouchin-jisseki.html,cca28d881d7538c4
愛知県,クリーニング,クリーニング,いきいきクラブ,,2317600878,突合済み,office_no,いきいきクラブ,名古屋市守山区,公表データ,愛知県 工賃実績（主な作業内容）,https://www.pref.aichi.jp/soshiki/shogai/kouchin-jisseki.html,bc68e8de63fd7b59
愛知県,クリーニング,クリーニング,い～まL&O.C.S守山,,2317100820,突合済み,office_no,い〜まＬ＆Ｏ．Ｃ．Ｓ守山,名古屋市守山区,公表データ,愛知県 工賃実績（主な作業内容）,https://www.pref.aichi.jp/soshiki/shogai/kouchin-jisseki.html,879ebcc5f325223d
愛知県,クリーニング,クリーニング,からふる工房 びさい,,2312102532,突合済み,office_no,からふる工房　びさい,一宮市,公表データ,愛知県 工賃実績（主な作業内容）,https://www.pref.aichi.jp/soshiki/shogai/kouchin-jisseki.html,aaa50bfb03b68bbc
愛知県,クリーニング,クリーニング,こだま,,2318501513,突合済み,office_no,こだま,名古屋市緑区,公表データ,愛知県 工賃実績（主な作業内容）,https://www.pref.aichi.jp/soshiki/shogai/kouchin-jisseki.html,36c0e0d6d6b10090
愛知県,クリーニング,クリーニング,ともにー,,2312101195,突合済み,office_no,ともにー,一宮市,公表データ,愛知県 工賃実績（主な作業内容）,https://www.pref.aichi.jp/soshiki/shogai/kouchin-jisseki.html,1ab1a349b5980a85
愛知県,クリーニング,クリーニング,にじいろワーク東茶屋,,2311200881,突合済み,office_no,にじいろワーク東茶屋,名古屋市港区,公表データ,愛知県 工賃実績（主な作業内容）,https://www.pref.aichi.jp/soshiki/shogai/kouchin-jisseki.html,640ac06fc5d10026
愛知県,クリーニング,クリーニング,のぞみ,,2317600704,突合済み,office_no,のぞみ,名古屋市守山区,公表データ,愛知県 工賃実績（主な作業内容）,https://www.pref.aichi.jp/soshiki/shogai/kouchin-jisseki.html,8a8ff48e8d72cbcd
愛知県,クリーニング,クリーニング,ぴゅあ,,2317601579,突合済み,office_no,ぴゅあ,名古屋市守山区,公表データ,愛知県 工賃実績（主な作業内容）,https://www.pref.aichi.jp/soshiki/shogai/kouchin-jisseki.html,f228491fa3600895
愛知県,クリーニング,クリーニング,ほのくに,,2315200267,突合済み,office_no,ほのくに,豊川市,公表データ,愛知県 工賃実績（主な作業内容）,https://www.pref.aichi.jp/soshiki/shogai/kouchin-jisseki.html,49dc041ac060fcf7
愛知県,クリーニング,クリーニング,わかば,,2317501050,突合済み,office_no,わかば,春日井市,公表データ,愛知県 工賃実績（主な作業内容）,https://www.pref.aichi.jp/soshiki/shogai/kouchin-jisseki.html,c954553fa4ade265
愛知県,クリーニング,クリーニング,アイリスガーデン,,2317602239,突合済み,office_no,アイリスガーデン,名古屋市守山区,公表データ,愛知県 工賃実績（主な作業内容）,https://www.pref.aichi.jp/soshiki/shogai/kouchin-jisseki.html,8c11f050f16bfaff
愛知県,クリーニング,クリーニング,アトリエゼロ,,2317501381,突合済み,office_no,アトリエゼロ,春日井市,公表データ,愛知県 工賃実績（主な作業内容）,https://www.pref.aichi.jp/soshiki/shogai/kouchin-jisseki.html,7b83231c40f1aa21
愛知県,クリーニング,クリーニング,アトリエゼロ,,2317501381,突合済み,office_no,アトリエゼロ,春日井市,公表データ,愛知県 工賃実績（主な作業内容）,https://www.pref.aichi.jp/soshiki/shogai/kouchin-jisseki.html,7b83231c40f1aa21
愛知県,クリーニング,クリーニング,ウグイス合同会社,,2315400149,突合済み,office_no,多機能事業所　星の下,北設楽郡東栄町,公表データ,愛知県 工賃実績（主な作業内容）,https://www.pref.aichi.jp/soshiki/shogai/kouchin-jisseki.html,043b43521f946365
愛知県,クリーニング,クリーニング,オモロピアB,,2317502157,突合済み,office_no,オモロピアＢ,春日井市,公表データ,愛知県 工賃実績（主な作業内容）,https://www.pref.aichi.jp/soshiki/shogai/kouchin-jisseki.html,aa91299b273dbe5b
愛知県,クリーニング,クリーニング,クオリア,,2317700603,突合済み,office_no,クオリア,小牧市,公表データ,愛知県 工賃実績（主な作業内容）,https://www.pref.aichi.jp/soshiki/shogai/kouchin-jisseki.html,64d1b884153df727
愛知県,クリーニング,クリーニング,サンタ工場,,2310000258,突合済み,office_no+name,サンタ工場,みよし市,公表データ,愛知県 工賃実績（主な作業内容）,https://www.pref.aichi.jp/soshiki/shogai/kouchin-jisseki.html,8896aa18cc4004b8
愛知県,クリーニング,クリーニング,サン障害福祉サービス,,2313400158,突合済み,office_no,サン障害福祉サービス,豊田市,公表データ,愛知県 工賃実績（主な作業内容）,https://www.pref.aichi.jp/soshiki/shogai/kouchin-jisseki.html,e3661313efb8064a
愛知県,クリーニング,クリーニング,ステージ,,2312101336,突合済み,office_no,ステージ,一宮市,公表データ,愛知県 工賃実績（主な作業内容）,https://www.pref.aichi.jp/soshiki/shogai/kouchin-jisseki.html,ed626a1907cf819c
愛知県,クリーニング,クリーニング,ダイバーシティ,,2313100576,突合済み,office_no,ダイバーシティー,岡崎市,公表データ,愛知県 工賃実績（主な作業内容）,https://www.pref.aichi.jp/soshiki/shogai/kouchin-jisseki.html,9ca2b5ed75a029b9
愛知県,クリーニング,クリーニング,トライズ,,2318100282,突合済み,office_no,トライズ,名古屋市南区,公表データ,愛知県 工賃実績（主な作業内容）,https://www.pref.aichi.jp/soshiki/shogai/kouchin-jisseki.html,09e71ed769e3dc43
愛知県,クリーニング,クリーニング,ハピネス,,2312101930,突合済み,office_no,ハピネス,一宮市,公表データ,愛知県 工賃実績（主な作業内容）,https://www.pref.aichi.jp/soshiki/shogai/kouchin-jisseki.html,2bf40e61a232e3fb
愛知県,クリーニング,クリーニング,ハートジョブ,,2318000821,突合済み,office_no,ハートジョブ,名古屋市名東区,公表データ,愛知県 工賃実績（主な作業内容）,https://www.pref.aichi.jp/soshiki/shogai/kouchin-jisseki.html,97b9ba0872a70bff
愛知県,クリーニング,クリーニング,ブレイクスルー,,2315101622,突合済み,office_no,ブレイクスルー,豊橋市,公表データ,愛知県 工賃実績（主な作業内容）,https://www.pref.aichi.jp/soshiki/shogai/kouchin-jisseki.html,f8a8785fee19492d
愛知県,クリーニング,クリーニング,一般社団法人 太陽,,2312102243,突合済み,office_no,就労支援生活介護虹彩十音,一宮市,公表データ,愛知県 工賃実績（主な作業内容）,https://www.pref.aichi.jp/soshiki/shogai/kouchin-jisseki.html,69763bda3ad572e6
愛知県,クリーニング,クリーニング,医療法人 豊和会,,2313400257,突合済み,office_no,障害者自立支援施設　アーム,豊田市,公表データ,愛知県 工賃実績（主な作業内容）,https://www.pref.aichi.jp/soshiki/shogai/kouchin-jisseki.html,ad7ff58c63b4e4d4
愛知県,クリーニング,クリーニング,医療法人 静心会,,2319000101,突合済み,office_no,就労継続支援Ｂ型事業所　ハーミット,豊明市,公表データ,愛知県 工賃実績（主な作業内容）,https://www.pref.aichi.jp/soshiki/shogai/kouchin-jisseki.html,7b3098f564868719
愛知県,クリーニング,クリーニング,名古屋厚生会館セルプ,,2310200577,突合済み,office_no,名古屋厚生会館セルプ,名古屋市西区,公表データ,愛知県 工賃実績（主な作業内容）,https://www.pref.aichi.jp/soshiki/shogai/kouchin-jisseki.html,a3fbc9486aed5a8d
愛知県,クリーニング,クリーニング,地球組,,2312101880,突合済み,office_no,地球組,一宮市,公表データ,愛知県 工賃実績（主な作業内容）,https://www.pref.aichi.jp/soshiki/shogai/kouchin-jisseki.html,9aa42c1a15415204
愛知県,クリーニング,クリーニング,少年自立援助センター北,,2315300299,突合済み,office_no,多機能型就労支援事業所シャリオ,蒲郡市,公表データ,愛知県 工賃実績（主な作業内容）,https://www.pref.aichi.jp/soshiki/shogai/kouchin-jisseki.html,a3adc26e110b0212
愛知県,クリーニング,クリーニング,就労継続支援B型松の実,,2311300772,突合済み,office_no,就労継続支援Ｂ型　松の実,名古屋市中川区,公表データ,愛知県 工賃実績（主な作業内容）,https://www.pref.aichi.jp/soshiki/shogai/kouchin-jisseki.html,a8dc1030dc4f1c74
愛知県,クリーニング,クリーニング,株式会社 クローバー,,2310000324,突合済み,office_no,キョーワ就労継続支援B型事業所　オーティス,みよし市,公表データ,愛知県 工賃実績（主な作業内容）,https://www.pref.aichi.jp/soshiki/shogai/kouchin-jisseki.html,73ad5eb6a4ff22b9
愛知県,クリーニング,クリーニング,株式会社アリスの森,,2318002082,突合済み,office_no,就労継続支援Ｂ型　はなまる,名古屋市名東区,公表データ,愛知県 工賃実績（主な作業内容）,https://www.pref.aichi.jp/soshiki/shogai/kouchin-jisseki.html,388baa2297e71f1e
愛知県,クリーニング,クリーニング,株式会社エンジョイ,,2312200377,突合済み,office_no,就労支援事業所　えんの里,江南市,公表データ,愛知県 工賃実績（主な作業内容）,https://www.pref.aichi.jp/soshiki/shogai/kouchin-jisseki.html,73a341809dc59639
愛知県,クリーニング,クリーニング,株式会社ジェティ,,2311200451,突合済み,office_no,株式会社　ジェティ,名古屋市中川区,公表データ,愛知県 工賃実績（主な作業内容）,https://www.pref.aichi.jp/soshiki/shogai/kouchin-jisseki.html,8854420ef6c9ec03
愛知県,クリーニング,クリーニング,株式会社フィンテックス,,2316401898,突合済み,office_no,就労継続支援Ｂ型Ｌｅａｐ野並,名古屋市天白区,公表データ,愛知県 工賃実績（主な作業内容）,https://www.pref.aichi.jp/soshiki/shogai/kouchin-jisseki.html,9a5dcbd8ab4e079f
愛知県,クリーニング,クリーニング,社会福祉法人憩の郷,,2318800162,突合済み,office_no,ワーキングスペースおおぶ,大府市,公表データ,愛知県 工賃実績（主な作業内容）,https://www.pref.aichi.jp/soshiki/shogai/kouchin-jisseki.html,e231d4f97338ff52
愛知県,クリーニング,クリーニング,社会福祉法人福寿園,,2318700396,突合済み,office_no,木田の里就労継続支援センター,東海市,公表データ,愛知県 工賃実績（主な作業内容）,https://www.pref.aichi.jp/soshiki/shogai/kouchin-jisseki.html,27fc9590ec67b678
愛知県,リサイクル,リサイクル,2180005016022,,2311200717,突合済み,office_no,就労継続支援Ｂ型事業所きぼう,名古屋市港区,公表データ,愛知県 工賃実績（主な作業内容）,https://www.pref.aichi.jp/soshiki/shogai/kouchin-jisseki.html,1ccf40116b55d862
愛知県,リサイクル,リサイクル,5180005017918,,2310101668,突合済み,office_no,就労継続支援Ｂ型事業所スポＮＡＧＯ　ＧＲＥＥＮ,名古屋市中村区,公表データ,愛知県 工賃実績（主な作業内容）,https://www.pref.aichi.jp/soshiki/shogai/kouchin-jisseki.html,c879d3ff613dad45
愛知県,リサイクル,リサイクル,7180305006593,,,未突合,unmatched,,,公表データ,愛知県 工賃実績（主な作業内容）,https://www.pref.aichi.jp/soshiki/shogai/kouchin-jisseki.html,
愛知県,リサイクル,リサイクル,8180005015670,,2317700884,突合済み,office_no,リーフ・イースト,春日井市,公表データ,愛知県 工賃実績（主な作業内容）,https://www.pref.aichi.jp/soshiki/shogai/kouchin-jisseki.html,5f50f6d0dac56e72
愛知県,リサイクル,リサイクル,E-work,,2315101994,突合済み,office_no,E-work,豊橋市,公表データ,愛知県 工賃実績（主な作業内容）,https://www.pref.aichi.jp/soshiki/shogai/kouchin-jisseki.html,42d3d30f5a3a807d
愛知県,リサイクル,リサイクル,TUTTI,,2318000052,突合済み,office_no,TUTTI,名古屋市名東区,公表データ,愛知県 工賃実績（主な作業内容）,https://www.pref.aichi.jp/soshiki/shogai/kouchin-jisseki.html,5eb9c33c4309c6f5
愛知県,リサイクル,リサイクル,WANNABES,,2310300674,突合済み,office_no,ＷＡＮＮＡＢＥＳ,津島市,公表データ,愛知県 工賃実績（主な作業内容）,https://www.pref.aichi.jp/soshiki/shogai/kouchin-jisseki.html,cdc6369ecd022851
愛知県,リサイクル,リサイクル,flAp,,2316100714,突合済み,office_no,ｆｌＡｐ,名古屋市南区,公表データ,愛知県 工賃実績（主な作業内容）,https://www.pref.aichi.jp/soshiki/shogai/kouchin-jisseki.html,6810ef44e40247bc
愛知県,リサイクル,リサイクル,flAp,,2316100714,突合済み,office_no,ｆｌＡｐ,名古屋市南区,公表データ,愛知県 工賃実績（主な作業内容）,https://www.pref.aichi.jp/soshiki/shogai/kouchin-jisseki.html,6810ef44e40247bc
愛知県,リサイクル,リサイクル,joWin,,2318900327,突合済み,office_no,ｊｏＷｉｎ,知多市,公表データ,愛知県 工賃実績（主な作業内容）,https://www.pref.aichi.jp/soshiki/shogai/kouchin-jisseki.html,cf1c7878c061224c
愛知県,リサイクル,リサイクル,minaka,,2315101077,突合済み,office_no,ｍｉｎａｋａ,豊橋市,公表データ,愛知県 工賃実績（主な作業内容）,https://www.pref.aichi.jp/soshiki/shogai/kouchin-jisseki.html,68e3901e74f4afb3
愛知県,リサイクル,リサイクル,あいセルプ支援センター,,2311301275,突合済み,office_no,あいセルプ支援センター,名古屋市中川区,公表データ,愛知県 工賃実績（主な作業内容）,https://www.pref.aichi.jp/soshiki/shogai/kouchin-jisseki.html,7c1531e7c10cfc4b
愛知県,リサイクル,リサイクル,あおぞら,,2312100114,突合済み,office_no,あおぞら,一宮市,公表データ,愛知県 工賃実績（主な作業内容）,https://www.pref.aichi.jp/soshiki/shogai/kouchin-jisseki.html,4f8c60dc77cf3382
愛知県,リサイクル,リサイクル,かにえワークス,,2310500018,突合済み,office_no,かにえワークス,海部郡蟹江町,公表データ,愛知県 工賃実績（主な作業内容）,https://www.pref.aichi.jp/soshiki/shogai/kouchin-jisseki.html,b3a1f32080d0cfed
愛知県,リサイクル,リサイクル,からし種,,2311200618,突合済み,office_no,からし種,名古屋市港区,公表データ,愛知県 工賃実績（主な作業内容）,https://www.pref.aichi.jp/soshiki/shogai/kouchin-jisseki.html,cd9daea7e36ccbc3
愛知県,リサイクル,リサイクル,きりり作業所,,2312300243,突合済み,office_no,きりり作業所,犬山市,公表データ,愛知県 工賃実績（主な作業内容）,https://www.pref.aichi.jp/soshiki/shogai/kouchin-jisseki.html,6610aa4dde367648
愛知県,リサイクル,リサイクル,ごとべぇの家,,2311302315,突合済み,office_no,ごとべぇの家,名古屋市中川区,公表データ,愛知県 工賃実績（主な作業内容）,https://www.pref.aichi.jp/soshiki/shogai/kouchin-jisseki.html,985c0f3b6d396a5b
愛知県,リサイクル,リサイクル,さざなみ憩いの家,,2315100434,突合済み,office_no,さざなみ憩いの家,豊橋市,公表データ,愛知県 工賃実績（主な作業内容）,https://www.pref.aichi.jp/soshiki/shogai/kouchin-jisseki.html,2fe6c1f9ee40ea5d
愛知県,リサイクル,リサイクル,さつき,,2318700024,突合済み,office_no,さつき,東海市,公表データ,愛知県 工賃実績（主な作業内容）,https://www.pref.aichi.jp/soshiki/shogai/kouchin-jisseki.html,577601245f652ef0
愛知県,リサイクル,リサイクル,じんぐう,,2311100412,突合済み,office_no,じんぐう,名古屋市熱田区,公表データ,愛知県 工賃実績（主な作業内容）,https://www.pref.aichi.jp/soshiki/shogai/kouchin-jisseki.html,f1dc4a014e9b303c
愛知県,リサイクル,リサイクル,どんぐりハウス,,2312800788,突合済み,office_no,どんぐりハウス,稲沢市,公表データ,愛知県 工賃実績（主な作業内容）,https://www.pref.aichi.jp/soshiki/shogai/kouchin-jisseki.html,5680e995c64dbc28
愛知県,リサイクル,リサイクル,ひかり,,2310300344,突合済み,office_no,ひかり,愛西市,公表データ,愛知県 工賃実績（主な作業内容）,https://www.pref.aichi.jp/soshiki/shogai/kouchin-jisseki.html,79c431ab11f12145
愛知県,リサイクル,リサイクル,ひまわり,,2317900021,突合済み,office_no,ひまわり,尾張旭市,公表データ,愛知県 工賃実績（主な作業内容）,https://www.pref.aichi.jp/soshiki/shogai/kouchin-jisseki.html,828dbbe29a13d7bb
愛知県,リサイクル,リサイクル,ふれあいみなと,,2311200386,突合済み,office_no,ふれあいみなと,名古屋市熱田区,公表データ,愛知県 工賃実績（主な作業内容）,https://www.pref.aichi.jp/soshiki/shogai/kouchin-jisseki.html,8bf004ecf0c5a25d
愛知県,リサイクル,リサイクル,ほまれの家 尾張旭店,,2317900435,突合済み,office_no,ほまれの家尾張旭店,尾張旭市,公表データ,愛知県 工賃実績（主な作業内容）,https://www.pref.aichi.jp/soshiki/shogai/kouchin-jisseki.html,ff825e1ae3a317e9
愛知県,リサイクル,リサイクル,みーる平針,,2316400601,突合済み,office_no,みーる平針,名古屋市天白区,公表データ,愛知県 工賃実績（主な作業内容）,https://www.pref.aichi.jp/soshiki/shogai/kouchin-jisseki.html,a565c67c0b078561
愛知県,リサイクル,リサイクル,ゆたか,,2311301879,突合済み,office_no+name,ゆたか,名古屋市中川区,公表データ,愛知県 工賃実績（主な作業内容）,https://www.pref.aichi.jp/soshiki/shogai/kouchin-jisseki.html,31360114a9c45181
愛知県,リサイクル,リサイクル,わーくしょっぷはんぶんこ,,,未突合,unmatched,,,公表データ,愛知県 工賃実績（主な作業内容）,https://www.pref.aichi.jp/soshiki/shogai/kouchin-jisseki.html,
愛知県,リサイクル,リサイクル,アイム産業株式会社,,2313102325,突合済み,office_no,就労継続支援B型事業所アイム,岡崎市,公表データ,愛知県 工賃実績（主な作業内容）,https://www.pref.aichi.jp/soshiki/shogai/kouchin-jisseki.html,537f45ffff17b86f
愛知県,リサイクル,リサイクル,アトリエゼロ,,2317501381,突合済み,office_no,アトリエゼロ,春日井市,公表データ,愛知県 工賃実績（主な作業内容）,https://www.pref.aichi.jp/soshiki/shogai/kouchin-jisseki.html,7b83231c40f1aa21
愛知県,リサイクル,リサイクル,ウィル・ケア,,2310500885,突合済み,office_no,ウィル・ケア,あま市,公表データ,愛知県 工賃実績（主な作業内容）,https://www.pref.aichi.jp/soshiki/shogai/kouchin-jisseki.html,afc7be5a2148c659
愛知県,リサイクル,リサイクル,ウムカウンセリングルー,,2310200411,突合済み,office_no,指定就労継続支援施設ネリネ,名古屋市北区,公表データ,愛知県 工賃実績（主な作業内容）,https://www.pref.aichi.jp/soshiki/shogai/kouchin-jisseki.html,5b0caf91cc0f1125
愛知県,リサイクル,リサイクル,エコラ東海,,2318700156,突合済み,office_no,エコラ東海,東海市,公表データ,愛知県 工賃実績（主な作業内容）,https://www.pref.aichi.jp/soshiki/shogai/kouchin-jisseki.html,57d04ce2e0413745
愛知県,リサイクル,リサイクル,オムれっと,,2315100988,突合済み,office_no,オムれっと,豊橋市,公表データ,愛知県 工賃実績（主な作業内容）,https://www.pref.aichi.jp/soshiki/shogai/kouchin-jisseki.html,1e804d1640a63e11
愛知県,リサイクル,リサイクル,ガーネット,,2310501115,突合済み,office_no,ガーネット,海部郡大治町,公表データ,愛知県 工賃実績（主な作業内容）,https://www.pref.aichi.jp/soshiki/shogai/kouchin-jisseki.html,d0140c37872ea688
愛知県,リサイクル,リサイクル,クルーサ,,2316500392,突合済み,office_no,クルーサ,日進市,公表データ,愛知県 工賃実績（主な作業内容）,https://www.pref.aichi.jp/soshiki/shogai/kouchin-jisseki.html,6bcb9f25bba504a7
愛知県,リサイクル,リサイクル,コスモス,,2312100023,突合済み,office_no,コスモス,一宮市,公表データ,愛知県 工賃実績（主な作業内容）,https://www.pref.aichi.jp/soshiki/shogai/kouchin-jisseki.html,5fcbf8893c96ec37
愛知県,リサイクル,リサイクル,サイクルサービスなごや,,2310200817,突合済み,office_no,サイクルサービスなごや,名古屋市西区,公表データ,愛知県 工賃実績（主な作業内容）,https://www.pref.aichi.jp/soshiki/shogai/kouchin-jisseki.html,84eb065454ca5dbc
愛知県,リサイクル,リサイクル,シャイン,,2310200981,突合済み,office_no,シャイン,名古屋市西区,公表データ,愛知県 工賃実績（主な作業内容）,https://www.pref.aichi.jp/soshiki/shogai/kouchin-jisseki.html,6f2a505c52223347
愛知県,リサイクル,リサイクル,シャルール,,2318200736,突合済み,office_no,就労継続支援Ｂ型事業所　シャルール,半田市,公表データ,愛知県 工賃実績（主な作業内容）,https://www.pref.aichi.jp/soshiki/shogai/kouchin-jisseki.html,72a1097d704604ea
愛知県,リサイクル,リサイクル,ジョイナスたかおか,,2313400711,突合済み,office_no+name,ジョイナスたかおか,豊田市,公表データ,愛知県 工賃実績（主な作業内容）,https://www.pref.aichi.jp/soshiki/shogai/kouchin-jisseki.html,43e7151ad36553b8
愛知県,リサイクル,リサイクル,ジョブサポートフォルテ,,2310100090,突合済み,office_no,ジョブサポートフォルテ,名古屋市中村区,公表データ,愛知県 工賃実績（主な作業内容）,https://www.pref.aichi.jp/soshiki/shogai/kouchin-jisseki.html,8a3cbc4bdda036c3
愛知県,リサイクル,リサイクル,ソラリスワーク,,2311302026,突合済み,office_no,ソラリスワーク,名古屋市中川区,公表データ,愛知県 工賃実績（主な作業内容）,https://www.pref.aichi.jp/soshiki/shogai/kouchin-jisseki.html,be9d1952b0d04935
愛知県,リサイクル,リサイクル,チャレンジハウス弥富,,2310900044,突合済み,office_no,チャレンジハウス弥富,弥富市,公表データ,愛知県 工賃実績（主な作業内容）,https://www.pref.aichi.jp/soshiki/shogai/kouchin-jisseki.html,89af35f5ed97b87d
愛知県,リサイクル,リサイクル,フェンテ,,2317101232,突合済み,office_no,フェンテ,名古屋市千種区,公表データ,愛知県 工賃実績（主な作業内容）,https://www.pref.aichi.jp/soshiki/shogai/kouchin-jisseki.html,64dea6246783e60b
愛知県,リサイクル,リサイクル,フロンティア豊田事業所,,2313401461,突合済み,office_no,カネスエ･フロンティア豊田事業所,豊田市,公表データ,愛知県 工賃実績（主な作業内容）,https://www.pref.aichi.jp/soshiki/shogai/kouchin-jisseki.html,6b66f1d253bccb2d
愛知県,リサイクル,リサイクル,リオワークス,,2316100722,突合済み,office_no,リオワークス,名古屋市中区,公表データ,愛知県 工賃実績（主な作業内容）,https://www.pref.aichi.jp/soshiki/shogai/kouchin-jisseki.html,6d7f7e7325967f45
愛知県,リサイクル,リサイクル,リサイクルみなみ作業所,,2318100019,突合済み,office_no,リサイクルみなみ作業所,名古屋市南区,公表データ,愛知県 工賃実績（主な作業内容）,https://www.pref.aichi.jp/soshiki/shogai/kouchin-jisseki.html,e94f185a73f7c557
愛知県,リサイクル,リサイクル,リサイクルセンター,,2310200643,突合済み,office_no,リサイクルセンター,名古屋市西区,公表データ,愛知県 工賃実績（主な作業内容）,https://www.pref.aichi.jp/soshiki/shogai/kouchin-jisseki.html,26a61e26b8ed84b6
愛知県,リサイクル,リサイクル,リサイクル港作業所,,2311200089,突合済み,office_no,リサイクル港作業所,名古屋市港区,公表データ,愛知県 工賃実績（主な作業内容）,https://www.pref.aichi.jp/soshiki/shogai/kouchin-jisseki.html,160d3f44387238b6
愛知県,リサイクル,リサイクル,リーフ,,2313101582,突合済み,office_no,リーフ,岡崎市,公表データ,愛知県 工賃実績（主な作業内容）,https://www.pref.aichi.jp/soshiki/shogai/kouchin-jisseki.html,904f24e2a9c3b6b7
愛知県,リサイクル,リサイクル,リーフ,,2316100664,突合済み,office_no,リーフ,名古屋市中川区,公表データ,愛知県 工賃実績（主な作業内容）,https://www.pref.aichi.jp/soshiki/shogai/kouchin-jisseki.html,4ab2aa4a9f805778
愛知県,リサイクル,リサイクル,リーフ・ウエスト,,2311302034,突合済み,office_no,リーフ・ウエスト,名古屋市中川区,公表データ,愛知県 工賃実績（主な作業内容）,https://www.pref.aichi.jp/soshiki/shogai/kouchin-jisseki.html,12fb40a53835c560
愛知県,リサイクル,リサイクル,ワクわーく,,2310000217,突合済み,office_no,ワクわーく,みよし市,公表データ,愛知県 工賃実績（主な作業内容）,https://www.pref.aichi.jp/soshiki/shogai/kouchin-jisseki.html,bc41c461eb472905
愛知県,リサイクル,リサイクル,ワークスタジオ藤が丘,,2318001480,突合済み,office_no,ワークスタジオ藤が丘,名古屋市名東区,公表データ,愛知県 工賃実績（主な作業内容）,https://www.pref.aichi.jp/soshiki/shogai/kouchin-jisseki.html,fb521452308f2018
愛知県,リサイクル,リサイクル,ワークスペースいろどり,,2311302356,突合済み,office_no,ワークスペースいろどり,名古屋市港区,公表データ,愛知県 工賃実績（主な作業内容）,https://www.pref.aichi.jp/soshiki/shogai/kouchin-jisseki.html,3494275da102ab0d
愛知県,リサイクル,リサイクル,合同会社就業支援,,2318400674,突合済み,office_no,就労継続支援Ｂ型事業所　とんぼ,知多郡阿久比町,公表データ,愛知県 工賃実績（主な作業内容）,https://www.pref.aichi.jp/soshiki/shogai/kouchin-jisseki.html,0317a33805898726
愛知県,リサイクル,リサイクル,多賀授産所,,2318400344,突合済み,office_no,多賀授産所,知多郡武豊町,公表データ,愛知県 工賃実績（主な作業内容）,https://www.pref.aichi.jp/soshiki/shogai/kouchin-jisseki.html,27948dc9c6d41352
愛知県,リサイクル,リサイクル,有限会社K＆M,,2315102240,突合済み,office_no,就労継続支援B型事業所Lino,豊橋市,公表データ,愛知県 工賃実績（主な作業内容）,https://www.pref.aichi.jp/soshiki/shogai/kouchin-jisseki.html,75c8331eee001710
愛知県,リサイクル,リサイクル,株式会社ひこうせん,,2313402188,突合済み,office_no,就労継続支援Ｂ型事業所　ＭＥらい,豊田市,公表データ,愛知県 工賃実績（主な作業内容）,https://www.pref.aichi.jp/soshiki/shogai/kouchin-jisseki.html,d7f5b738d15f8f0a
愛知県,リサイクル,リサイクル,株式会社ダンデライオン,,2313402071,突合済み,office_no,ダンデライオン,豊田市,公表データ,愛知県 工賃実績（主な作業内容）,https://www.pref.aichi.jp/soshiki/shogai/kouchin-jisseki.html,b9f7dd7271f93768
愛知県,リサイクル,リサイクル,株式会社ハートリフォーレ,,2317900351,突合済み,office_no,多機能型福祉サービス　心暖,尾張旭市,公表データ,愛知県 工賃実績（主な作業内容）,https://www.pref.aichi.jp/soshiki/shogai/kouchin-jisseki.html,fcd8c34653baf6ee
愛知県,リサイクル,リサイクル,株式会社フィンテックス,,2316401898,突合済み,office_no,就労継続支援Ｂ型Ｌｅａｐ野並,名古屋市天白区,公表データ,愛知県 工賃実績（主な作業内容）,https://www.pref.aichi.jp/soshiki/shogai/kouchin-jisseki.html,9a5dcbd8ab4e079f
愛知県,リサイクル,リサイクル,株式会社ムーンワーカー ムーンワーカーズ,,2317900211,突合済み,office_no,ムーンワーカーズ,尾張旭市,公表データ,愛知県 工賃実績（主な作業内容）,https://www.pref.aichi.jp/soshiki/shogai/kouchin-jisseki.html,ac24dd9c43c4bfdb
愛知県,リサイクル,リサイクル,株式会社清須福祉会,,2310600289,突合済み,office_no,きよすトレーニングセンター,清須市,公表データ,愛知県 工賃実績（主な作業内容）,https://www.pref.aichi.jp/soshiki/shogai/kouchin-jisseki.html,b99159084a691a61
愛知県,リサイクル,リサイクル,株式会社Ｈ.Ｔ.Ｓ,,2318200611,突合済み,office_no,就労継続支援Ｂ型事業所アクシア,半田市,公表データ,愛知県 工賃実績（主な作業内容）,https://www.pref.aichi.jp/soshiki/shogai/kouchin-jisseki.html,eb30f3300ea69c30
愛知県,リサイクル,リサイクル,社会福祉法人翌檜,,2314200177,突合済み,office_no,就労継続支援事業所B型チャレンジサポートたかはま,高浜市,公表データ,愛知県 工賃実績（主な作業内容）,https://www.pref.aichi.jp/soshiki/shogai/kouchin-jisseki.html,abefaa06aa790502
愛知県,リサイクル,リサイクル,福祉作業所さつきの家,,2310500059,突合済み,office_no,福祉作業所さつきの家,海部郡大治町,公表データ,愛知県 工賃実績（主な作業内容）,https://www.pref.aichi.jp/soshiki/shogai/kouchin-jisseki.html,eab87d49b8f17af9
愛知県,リサイクル,リサイクル,聴覚・ろう重複センター桃,,2317501175,突合済み,office_no,聴覚・ろう重複センター桃,春日井市,公表データ,愛知県 工賃実績（主な作業内容）,https://www.pref.aichi.jp/soshiki/shogai/kouchin-jisseki.html,fec8eacf3e60df73
愛知県,リサイクル,リサイクル,青ねこ広場,,2313300309,突合済み,office_no,青ねこ広場,刈谷市,公表データ,愛知県 工賃実績（主な作業内容）,https://www.pref.aichi.jp/soshiki/shogai/kouchin-jisseki.html,55ae4d7fcbad553a
愛知県,リサイクル,リサイクル,（就労継続支援B型 みら,,2318200835,突合済み,office_no,就労継続支援Ｂ型　みらいワークス,知多郡武豊町,公表データ,愛知県 工賃実績（主な作業内容）,https://www.pref.aichi.jp/soshiki/shogai/kouchin-jisseki.html,81bd4f4a039d138c
愛知県,リサイクル,リサイクル,ＣＯＰＡＩＮ,,2313400901,突合済み,office_no,株式会社ＣＯＰＡＩＮ,豊田市,公表データ,愛知県 工賃実績（主な作業内容）,https://www.pref.aichi.jp/soshiki/shogai/kouchin-jisseki.html,74fcabe317b35ba0
愛知県,リサイクル,リサイクル,Ｆａｃｅ,,2313100675,突合済み,office_no,Face,岡崎市,公表データ,愛知県 工賃実績（主な作業内容）,https://www.pref.aichi.jp/soshiki/shogai/kouchin-jisseki.html,5433f4561380357d
愛知県,印刷,印刷,5180001147982,,2312102425,突合済み,office_no,ハートフル・ステイション一宮,一宮市,公表データ,愛知県 工賃実績（主な作業内容）,https://www.pref.aichi.jp/soshiki/shogai/kouchin-jisseki.html,7f5c1121f21dafcf
愛知県,印刷,印刷,7180005002835,,2310100314,突合済み,office_no,名身連第二ワークス・第二デイサービス,名古屋市中村区,公表データ,愛知県 工賃実績（主な作業内容）,https://www.pref.aichi.jp/soshiki/shogai/kouchin-jisseki.html,d570bf0382d8a077
愛知県,印刷,印刷,7180005007438,,2317400618,突合済み,office_no,就労継続支援事業所かみああと,瀬戸市,公表データ,愛知県 工賃実績（主な作業内容）,https://www.pref.aichi.jp/soshiki/shogai/kouchin-jisseki.html,c176343af30c7ca3
愛知県,印刷,印刷,NPOすずめくらぶ,,2311200402,突合済み,office_no,NPOすずめくらぶ,名古屋市港区,公表データ,愛知県 工賃実績（主な作業内容）,https://www.pref.aichi.jp/soshiki/shogai/kouchin-jisseki.html,a889961fa1ed61af
愛知県,印刷,印刷,くすの木,,2317900013,突合済み,office_no,くすの木,尾張旭市,公表データ,愛知県 工賃実績（主な作業内容）,https://www.pref.aichi.jp/soshiki/shogai/kouchin-jisseki.html,d1c8703faf1fe0a7
愛知県,印刷,印刷,くまNECO,,2317301089,突合済み,office_no,くまＮＥＣＯ,名古屋市北区,公表データ,愛知県 工賃実績（主な作業内容）,https://www.pref.aichi.jp/soshiki/shogai/kouchin-jisseki.html,0beb25066e0a32b0
愛知県,印刷,印刷,の名称：サポートセンター,,,未突合,unmatched,,,公表データ,愛知県 工賃実績（主な作業内容）,https://www.pref.aichi.jp/soshiki/shogai/kouchin-jisseki.html,
愛知県,印刷,印刷,ら・ばるか就労訓練工場,,2315100111,突合済み,office_no,ら・ばるか就労訓練工場,豊橋市,公表データ,愛知県 工賃実績（主な作業内容）,https://www.pref.aichi.jp/soshiki/shogai/kouchin-jisseki.html,66d080d8e3c460d5
愛知県,印刷,印刷,わだちコンピュータハウス,,2316200027,突合済み,office_no,わだちコンピュータハウス,名古屋市昭和区,公表データ,愛知県 工賃実績（主な作業内容）,https://www.pref.aichi.jp/soshiki/shogai/kouchin-jisseki.html,4974cd8a41f1775e
愛知県,印刷,印刷,ウムカウンセリングルー,,2311200733,突合済み,office_no,指定就労継続支援施設まごころ工房,名古屋市港区,公表データ,愛知県 工賃実績（主な作業内容）,https://www.pref.aichi.jp/soshiki/shogai/kouchin-jisseki.html,f8ead5fc079cb9e6
愛知県,印刷,印刷,エンターテイメントアカデ,,2313402378,突合済み,office_no,就労継続支援B型事業所エンターテインメントアカデミーでじるみ豊田,豊田市,公表データ,愛知県 工賃実績（主な作業内容）,https://www.pref.aichi.jp/soshiki/shogai/kouchin-jisseki.html,000b8dd668412e8a
愛知県,印刷,印刷,エンターテインメントアカ,,2310201906,突合済み,office_no,就労継続支援Ｂ型事業所エンターテインメントアカデミーでじるみ名古屋西,名古屋市西区,公表データ,愛知県 工賃実績（主な作業内容）,https://www.pref.aichi.jp/soshiki/shogai/kouchin-jisseki.html,6ddc6e32b36fd49e
愛知県,印刷,印刷,オモロピアB,,2317502157,突合済み,office_no,オモロピアＢ,春日井市,公表データ,愛知県 工賃実績（主な作業内容）,https://www.pref.aichi.jp/soshiki/shogai/kouchin-jisseki.html,aa91299b273dbe5b
愛知県,印刷,印刷,カネハチ学び舎商店,,2311301903,突合済み,office_no,カネハチ学び舎商店,名古屋市中川区,公表データ,愛知県 工賃実績（主な作業内容）,https://www.pref.aichi.jp/soshiki/shogai/kouchin-jisseki.html,b1e84c24fa093761
愛知県,印刷,印刷,グリーンフィールドNEXT,,2315201141,突合済み,office_no,グリーンフィールドＮＥＸＴ,豊川市,公表データ,愛知県 工賃実績（主な作業内容）,https://www.pref.aichi.jp/soshiki/shogai/kouchin-jisseki.html,4a9bee6d419f6c94
愛知県,印刷,印刷,コトナスキルト,,2313300655,突合済み,office_no,コトナスキルト,刈谷市,公表データ,愛知県 工賃実績（主な作業内容）,https://www.pref.aichi.jp/soshiki/shogai/kouchin-jisseki.html,05f947bf483b681f
愛知県,印刷,印刷,セレソ,,2318000276,突合済み,office_no,セレソ,名古屋市名東区,公表データ,愛知県 工賃実績（主な作業内容）,https://www.pref.aichi.jp/soshiki/shogai/kouchin-jisseki.html,09220bd6afe1bbc0
愛知県,印刷,印刷,ターテイメントアカデミー,,2316101704,突合済み,office_no,就労継続Ｂ型事業所エンターテインメントアカデミーでじるみ名古屋金山,名古屋市中区,公表データ,愛知県 工賃実績（主な作業内容）,https://www.pref.aichi.jp/soshiki/shogai/kouchin-jisseki.html,45eab3723ee4b392
愛知県,印刷,印刷,ニー 就労継続支援B型,,2313300291,突合済み,office_no,就労継続支援Ｂ型事業所アンダンテ,刈谷市,公表データ,愛知県 工賃実績（主な作業内容）,https://www.pref.aichi.jp/soshiki/shogai/kouchin-jisseki.html,d34dd38efed5ae32
愛知県,印刷,印刷,ハートフル・ステイション,,2317700967,突合済み,office_no,ハートフル・ステイション,小牧市,公表データ,愛知県 工賃実績（主な作業内容）,https://www.pref.aichi.jp/soshiki/shogai/kouchin-jisseki.html,cf7c2c6ad91e9051
愛知県,印刷,印刷,パッソ刈谷校,,2313300689,突合済み,office_no,パッソ刈谷校,刈谷市,公表データ,愛知県 工賃実績（主な作業内容）,https://www.pref.aichi.jp/soshiki/shogai/kouchin-jisseki.html,d4f904a8aee0ae8a
愛知県,印刷,印刷,ビー・スタイル株式会社,,2313500882,突合済み,office_no,ビー・スタイル　デザインオフィス,安城市,公表データ,愛知県 工賃実績（主な作業内容）,https://www.pref.aichi.jp/soshiki/shogai/kouchin-jisseki.html,8284fd6bdc4e212c
愛知県,印刷,印刷,フィカス株式会社,,2318000581,突合済み,office_no,フィカス株式会社,名古屋市名東区,公表データ,愛知県 工賃実績（主な作業内容）,https://www.pref.aichi.jp/soshiki/shogai/kouchin-jisseki.html,89e95e69968f3e0e
愛知県,印刷,印刷,一般社団法人Ｈｉｓｈｉｇｅｎ,,2310500794,突合済み,office_no,就労継続支援Ｂ型やまもも園,海部郡大治町,公表データ,愛知県 工賃実績（主な作業内容）,https://www.pref.aichi.jp/soshiki/shogai/kouchin-jisseki.html,b2fc51fe404f6145
愛知県,印刷,印刷,仁至会,,2318800014,突合済み,office_no,障害者福祉施設サンサン大府,大府市,公表データ,愛知県 工賃実績（主な作業内容）,https://www.pref.aichi.jp/soshiki/shogai/kouchin-jisseki.html,09c8882901cb505e
愛知県,印刷,印刷,仲間の会はばたき,,2318100415,突合済み,office_no,仲間の会はばたき,名古屋市南区,公表データ,愛知県 工賃実績（主な作業内容）,https://www.pref.aichi.jp/soshiki/shogai/kouchin-jisseki.html,241f6636c4624d34
愛知県,印刷,印刷,光和寮,,2316200365,突合済み,office_no,光和寮,名古屋市昭和区,公表データ,愛知県 工賃実績（主な作業内容）,https://www.pref.aichi.jp/soshiki/shogai/kouchin-jisseki.html,27097afe628e67ca
愛知県,印刷,印刷,就労継続支援B型松の実,,2311300772,突合済み,office_no,就労継続支援Ｂ型　松の実,名古屋市中川区,公表データ,愛知県 工賃実績（主な作業内容）,https://www.pref.aichi.jp/soshiki/shogai/kouchin-jisseki.html,a8dc1030dc4f1c74
愛知県,印刷,印刷,援センターけやきワーク,,2313400554,突合済み,office_no,豊田市障がい者総合支援センターけやきワークス,豊田市,公表データ,愛知県 工賃実績（主な作業内容）,https://www.pref.aichi.jp/soshiki/shogai/kouchin-jisseki.html,6da97f54ccc36f46
愛知県,印刷,印刷,日進ワークキャンパス,,2316500475,突合済み,office_no,日進ワークキャンパス,日進市,公表データ,愛知県 工賃実績（主な作業内容）,https://www.pref.aichi.jp/soshiki/shogai/kouchin-jisseki.html,99d0e3647b5d0de7
愛知県,印刷,印刷,明和寮,,2311200022,突合済み,office_no,明和寮,名古屋市港区,公表データ,愛知県 工賃実績（主な作業内容）,https://www.pref.aichi.jp/soshiki/shogai/kouchin-jisseki.html,ea5450af86820681
愛知県,印刷,印刷,株式会社IWC,,,未突合,unmatched,,,公表データ,愛知県 工賃実績（主な作業内容）,https://www.pref.aichi.jp/soshiki/shogai/kouchin-jisseki.html,
愛知県,印刷,印刷,陸,,2315100632,突合済み,office_no,陸,豊橋市,公表データ,愛知県 工賃実績（主な作業内容）,https://www.pref.aichi.jp/soshiki/shogai/kouchin-jisseki.html,99ac63f3ac751a8a
愛知県,封入・梱包,梱包・発送,(株)みんなの福祉村,,2310201963,突合済み,office_no,とまとガーデン,名古屋市西区,公表データ,愛知県 工賃実績（主な作業内容）,https://www.pref.aichi.jp/soshiki/shogai/kouchin-jisseki.html,43b2b19b916a2880
愛知県,封入・梱包,梱包・発送,1180001105440,,2316100458,突合済み,office_no,株式会社イノベーションサービス,名古屋市中区,公表データ,愛知県 工賃実績（主な作業内容）,https://www.pref.aichi.jp/soshiki/shogai/kouchin-jisseki.html,3370184351127242
愛知県,封入・梱包,梱包・発送,1180005019067,,,未突合,unmatched,,,公表データ,愛知県 工賃実績（主な作業内容）,https://www.pref.aichi.jp/soshiki/shogai/kouchin-jisseki.html,
愛知県,封入・梱包,梱包・発送,1240001061702,,2317101547,突合済み,office_no,ＦＥＮＲＩＲ,名古屋市千種区,公表データ,愛知県 工賃実績（主な作業内容）,https://www.pref.aichi.jp/soshiki/shogai/kouchin-jisseki.html,0045d8bacdde2ecc
愛知県,封入・梱包,梱包・発送,2180003025735,,2310201757,突合済み,office_no,就労継続支援Ｂ型事業所うららか,名古屋市西区,公表データ,愛知県 工賃実績（主な作業内容）,https://www.pref.aichi.jp/soshiki/shogai/kouchin-jisseki.html,5e20d2f6b90a8f2b
愛知県,封入・梱包,梱包・発送,2180005007104,,2316401815,突合済み,office_no,指定就労継続支援施設オリーブ,名古屋市天白区,公表データ,愛知県 工賃実績（主な作業内容）,https://www.pref.aichi.jp/soshiki/shogai/kouchin-jisseki.html,d2eaf33b1e172cb4
愛知県,封入・梱包,梱包・発送,4180001110644,,2318501687,突合済み,office_no,Harerubase Arimatsu 就労継続支援B型　志,名古屋市緑区,公表データ,愛知県 工賃実績（主な作業内容）,https://www.pref.aichi.jp/soshiki/shogai/kouchin-jisseki.html,74b91d58fa1bbfaf
愛知県,封入・梱包,梱包・発送,4180005002854,,,未突合,unmatched,,,公表データ,愛知県 工賃実績（主な作業内容）,https://www.pref.aichi.jp/soshiki/shogai/kouchin-jisseki.html,
愛知県,封入・梱包,梱包・発送,4180005011715,,2318200710,突合済み,office_no,就労支援すまいるずいこう,半田市,公表データ,愛知県 工賃実績（主な作業内容）,https://www.pref.aichi.jp/soshiki/shogai/kouchin-jisseki.html,9a6abbf6125abb7a
愛知県,封入・梱包,梱包・発送,5180005002886,,2318100365,突合済み,office_no,ワークセンター　フレンズ星崎,名古屋市南区,公表データ,愛知県 工賃実績（主な作業内容）,https://www.pref.aichi.jp/soshiki/shogai/kouchin-jisseki.html,95f557c5434c3676
愛知県,封入・梱包,梱包・発送,5180005011615,,2317700579,突合済み,office_no,地球子ども村　小牧第二事業所,小牧市,公表データ,愛知県 工賃実績（主な作業内容）,https://www.pref.aichi.jp/soshiki/shogai/kouchin-jisseki.html,e0d6c3aef9a926d0
愛知県,封入・梱包,梱包・発送,6180001164390,,,未突合,unmatched,,,公表データ,愛知県 工賃実績（主な作業内容）,https://www.pref.aichi.jp/soshiki/shogai/kouchin-jisseki.html,
愛知県,封入・梱包,梱包・発送,7010405010834,,2315100905,突合済み,office_no,アイエスエフネットベネフィット豊橋,豊橋市,公表データ,愛知県 工賃実績（主な作業内容）,https://www.pref.aichi.jp/soshiki/shogai/kouchin-jisseki.html,0ef89fe9cb473944
愛知県,封入・梱包,梱包・発送,7180001148418,,2316101431,突合済み,office_no,TECH-tech PCカレッジ 丸の内駅前,名古屋市中区,公表データ,愛知県 工賃実績（主な作業内容）,https://www.pref.aichi.jp/soshiki/shogai/kouchin-jisseki.html,d837e9d40dd1e6e9
愛知県,封入・梱包,梱包・発送,7180305003987,,2315200606,突合済み,office_no,エコハウス,豊川市,公表データ,愛知県 工賃実績（主な作業内容）,https://www.pref.aichi.jp/soshiki/shogai/kouchin-jisseki.html,ad74a42ae63c07f1
愛知県,封入・梱包,梱包・発送,8180305007979,,2315101978,突合済み,office_no,QUONchocolateパウダーラボ,豊橋市,公表データ,愛知県 工賃実績（主な作業内容）,https://www.pref.aichi.jp/soshiki/shogai/kouchin-jisseki.html,18c061256800d26b
愛知県,封入・梱包,梱包・発送,ATSH RAINBOW,,2316401807,突合済み,office_no,ＡＴＳＨ　ＲＡＩＮＢＯＷ,名古屋市天白区,公表データ,愛知県 工賃実績（主な作業内容）,https://www.pref.aichi.jp/soshiki/shogai/kouchin-jisseki.html,d5dbd3ed75b312e6
愛知県,封入・梱包,梱包・発送,Azu.m.u,,2311200527,突合済み,office_no,株式会社　Azu.m.u,名古屋市港区,公表データ,愛知県 工賃実績（主な作業内容）,https://www.pref.aichi.jp/soshiki/shogai/kouchin-jisseki.html,d122bb8803baf1ec
愛知県,封入・梱包,梱包・発送,E-work,,2315101994,突合済み,office_no,E-work,豊橋市,公表データ,愛知県 工賃実績（主な作業内容）,https://www.pref.aichi.jp/soshiki/shogai/kouchin-jisseki.html,42d3d30f5a3a807d
愛知県,封入・梱包,梱包・発送,LIFE,,2310201989,突合済み,office_no,ＬＩＦＥ,名古屋市西区,公表データ,愛知県 工賃実績（主な作業内容）,https://www.pref.aichi.jp/soshiki/shogai/kouchin-jisseki.html,df236480d478a80f
愛知県,封入・梱包,梱包・発送,Leysin合同会社,,2315201067,突合済み,office_no,指定就労継続支援施設ツバメ,豊川市,公表データ,愛知県 工賃実績（主な作業内容）,https://www.pref.aichi.jp/soshiki/shogai/kouchin-jisseki.html,314e5d72d9618b8f
愛知県,封入・梱包,梱包・発送,Recovery Step Re.fine,,2312900257,突合済み,office_no,Ｒｅｃｏｖｅｒｙ　Ｓｔｅｐ　Ｒｅ．ｆｉｎｅ,岩倉市,公表データ,愛知県 工賃実績（主な作業内容）,https://www.pref.aichi.jp/soshiki/shogai/kouchin-jisseki.html,ffb5737fc461312d
愛知県,封入・梱包,梱包・発送,SunFactory,,2317100630,突合済み,office_no,SunFactory,名古屋市千種区,公表データ,愛知県 工賃実績（主な作業内容）,https://www.pref.aichi.jp/soshiki/shogai/kouchin-jisseki.html,4d7ef61ab0229739
愛知県,封入・梱包,梱包・発送,TERAS GROUP株式会社 TERRACE WORK,,2314200169,突合済み,office_no,テラスワーク,高浜市,公表データ,愛知県 工賃実績（主な作業内容）,https://www.pref.aichi.jp/soshiki/shogai/kouchin-jisseki.html,f75838928d96f49c
愛知県,封入・梱包,梱包・発送,flAp,,2316100714,突合済み,office_no,ｆｌＡｐ,名古屋市南区,公表データ,愛知県 工賃実績（主な作業内容）,https://www.pref.aichi.jp/soshiki/shogai/kouchin-jisseki.html,6810ef44e40247bc
愛知県,封入・梱包,梱包・発送,minaka,,2315101077,突合済み,office_no,ｍｉｎａｋａ,豊橋市,公表データ,愛知県 工賃実績（主な作業内容）,https://www.pref.aichi.jp/soshiki/shogai/kouchin-jisseki.html,68e3901e74f4afb3
愛知県,封入・梱包,梱包・発送,smiley,,2313101830,突合済み,office_no,Smiley,岡崎市,公表データ,愛知県 工賃実績（主な作業内容）,https://www.pref.aichi.jp/soshiki/shogai/kouchin-jisseki.html,73896cb961916833
愛知県,封入・梱包,梱包・発送,to-be,,2318100654,突合済み,office_no,to-be,名古屋市南区,公表データ,愛知県 工賃実績（主な作業内容）,https://www.pref.aichi.jp/soshiki/shogai/kouchin-jisseki.html,2658d0df87115bda
愛知県,封入・梱包,梱包・発送,あざみの家,,2317501068,突合済み,office_no+name,あざみの家,春日井市,公表データ,愛知県 工賃実績（主な作業内容）,https://www.pref.aichi.jp/soshiki/shogai/kouchin-jisseki.html,84f67a6740655d48
愛知県,封入・梱包,梱包・発送,あま市くすのきの家,,2310500216,突合済み,office_no+name,あま市くすのきの家,あま市,公表データ,愛知県 工賃実績（主な作業内容）,https://www.pref.aichi.jp/soshiki/shogai/kouchin-jisseki.html,067bc687f159e366
愛知県,封入・梱包,梱包・発送,いぶき事業所,,2317502306,突合済み,office_no,いぶき,春日井市,公表データ,愛知県 工賃実績（主な作業内容）,https://www.pref.aichi.jp/soshiki/shogai/kouchin-jisseki.html,8eefc8b51be3855d
愛知県,封入・梱包,梱包・発送,おおすの森,,2316101746,突合済み,office_no,おおすの森,名古屋市中区,公表データ,愛知県 工賃実績（主な作業内容）,https://www.pref.aichi.jp/soshiki/shogai/kouchin-jisseki.html,5c3b44adb5a3858c
愛知県,封入・梱包,梱包・発送,かすがいフォレスト,,2317500813,突合済み,office_no,かすがいフォレスト,春日井市,公表データ,愛知県 工賃実績（主な作業内容）,https://www.pref.aichi.jp/soshiki/shogai/kouchin-jisseki.html,cb13cb63567a025a
愛知県,封入・梱包,梱包・発送,かみふうせん,,2317700447,突合済み,office_no,かみふうせん,小牧市,公表データ,愛知県 工賃実績（主な作業内容）,https://www.pref.aichi.jp/soshiki/shogai/kouchin-jisseki.html,da7d054cc0905bac
愛知県,封入・梱包,梱包・発送,からふる工房 かいめい,,2312102920,突合済み,office_no,からふる工房　かいめい,一宮市,公表データ,愛知県 工賃実績（主な作業内容）,https://www.pref.aichi.jp/soshiki/shogai/kouchin-jisseki.html,307f56c90267ff5b
愛知県,封入・梱包,梱包・発送,くすの木,,2317900013,突合済み,office_no,くすの木,尾張旭市,公表データ,愛知県 工賃実績（主な作業内容）,https://www.pref.aichi.jp/soshiki/shogai/kouchin-jisseki.html,d1c8703faf1fe0a7
愛知県,封入・梱包,梱包・発送,こだまの作業所,,2317301477,突合済み,office_no,こだまの作業所,名古屋市北区,公表データ,愛知県 工賃実績（主な作業内容）,https://www.pref.aichi.jp/soshiki/shogai/kouchin-jisseki.html,e7a6eda4f94d8798
愛知県,封入・梱包,梱包・発送,こだまの作業所西,,2310201377,突合済み,office_no,こだまの作業所　西,名古屋市西区,公表データ,愛知県 工賃実績（主な作業内容）,https://www.pref.aichi.jp/soshiki/shogai/kouchin-jisseki.html,c1c9bd999f6633fe
愛知県,封入・梱包,梱包・発送,さん・すまいる・さぽーと,,2313100717,突合済み,office_no,さん・すまいる・さぽーと,岡崎市,公表データ,愛知県 工賃実績（主な作業内容）,https://www.pref.aichi.jp/soshiki/shogai/kouchin-jisseki.html,6c779b0d3624b270
愛知県,封入・梱包,梱包・発送,じょいほーむ,,2318200645,突合済み,office_no,じょいほーむ,半田市,公表データ,愛知県 工賃実績（主な作業内容）,https://www.pref.aichi.jp/soshiki/shogai/kouchin-jisseki.html,5fc09e53dec7b2f3
愛知県,封入・梱包,梱包・発送,すまいるネオ,,2317502280,突合済み,office_no,すまいるネオ,春日井市,公表データ,愛知県 工賃実績（主な作業内容）,https://www.pref.aichi.jp/soshiki/shogai/kouchin-jisseki.html,acec15bc9ff7c6f0
愛知県,封入・梱包,梱包・発送,すみれ,,2312102433,突合済み,office_no,すみれ,一宮市,公表データ,愛知県 工賃実績（主な作業内容）,https://www.pref.aichi.jp/soshiki/shogai/kouchin-jisseki.html,5ce96322e3fac90e
愛知県,封入・梱包,梱包・発送,つぐみ,,2312101476,突合済み,office_no,つぐみ,一宮市,公表データ,愛知県 工賃実績（主な作業内容）,https://www.pref.aichi.jp/soshiki/shogai/kouchin-jisseki.html,f30c1afea06b0983
愛知県,封入・梱包,梱包・発送,とけいだい,,2310600081,突合済み,office_no,とけいだい,清須市,公表データ,愛知県 工賃実績（主な作業内容）,https://www.pref.aichi.jp/soshiki/shogai/kouchin-jisseki.html,21b113850b8191bf
愛知県,封入・梱包,梱包・発送,どんぐりの家,,2317300719,突合済み,office_no,どんぐりの家,名古屋市北区,公表データ,愛知県 工賃実績（主な作業内容）,https://www.pref.aichi.jp/soshiki/shogai/kouchin-jisseki.html,b1448cd25cc71c6f
愛知県,封入・梱包,梱包・発送,なごみ,,2315100830,突合済み,office_no,なごみ,豊橋市,公表データ,愛知県 工賃実績（主な作業内容）,https://www.pref.aichi.jp/soshiki/shogai/kouchin-jisseki.html,d5850632b841dcd8
愛知県,封入・梱包,梱包・発送,にじげん刈谷,,2313300754,突合済み,office_no,にじげん刈谷,刈谷市,公表データ,愛知県 工賃実績（主な作業内容）,https://www.pref.aichi.jp/soshiki/shogai/kouchin-jisseki.html,f15b363a2d17227f
愛知県,封入・梱包,梱包・発送,にじげん名駅,,2310102021,突合済み,office_no,にじげん名駅,名古屋市中村区,公表データ,愛知県 工賃実績（主な作業内容）,https://www.pref.aichi.jp/soshiki/shogai/kouchin-jisseki.html,0b4b77924b2336b0
愛知県,封入・梱包,梱包・発送,ねこのて,,2311302281,突合済み,office_no,ねこのて,名古屋市中川区,公表データ,愛知県 工賃実績（主な作業内容）,https://www.pref.aichi.jp/soshiki/shogai/kouchin-jisseki.html,7d2fe60b1ffae2e9
愛知県,封入・梱包,梱包・発送,はっぴーらんど半田,,2318200793,突合済み,office_no,はっぴーらんど半田,半田市,公表データ,愛知県 工賃実績（主な作業内容）,https://www.pref.aichi.jp/soshiki/shogai/kouchin-jisseki.html,a8ef5a2182711165
愛知県,封入・梱包,梱包・発送,ひかり,,2310300344,突合済み,office_no,ひかり,愛西市,公表データ,愛知県 工賃実績（主な作業内容）,https://www.pref.aichi.jp/soshiki/shogai/kouchin-jisseki.html,79c431ab11f12145
愛知県,封入・梱包,梱包・発送,ふらみんご㈱,,2311400945,突合済み,office_no,就労継続支援Ｂ型ふらみんご,名古屋市瑞穂区,公表データ,愛知県 工賃実績（主な作業内容）,https://www.pref.aichi.jp/soshiki/shogai/kouchin-jisseki.html,e378ffaea7342f6f
愛知県,封入・梱包,梱包・発送,ほっとみなと,,2311201129,突合済み,office_no,ほっとみなと,名古屋市港区,公表データ,愛知県 工賃実績（主な作業内容）,https://www.pref.aichi.jp/soshiki/shogai/kouchin-jisseki.html,382e0bb34ddd7f43
愛知県,封入・梱包,梱包・発送,ほっぷ,,2311302430,突合済み,office_no,ほっぷ,名古屋市中川区,公表データ,愛知県 工賃実績（主な作業内容）,https://www.pref.aichi.jp/soshiki/shogai/kouchin-jisseki.html,d15009e8f145481a
愛知県,封入・梱包,梱包・発送,ほまれの家名古屋東店,,2317200661,突合済み,office_no,ほまれの家名古屋東店,名古屋市東区,公表データ,愛知県 工賃実績（主な作業内容）,https://www.pref.aichi.jp/soshiki/shogai/kouchin-jisseki.html,dc803cb6c19e3d10
愛知県,封入・梱包,梱包・発送,ぽこあ,,2311302083,突合済み,office_no,就労継続支援B型事業所　ぽこあ,名古屋市中川区,公表データ,愛知県 工賃実績（主な作業内容）,https://www.pref.aichi.jp/soshiki/shogai/kouchin-jisseki.html,95c38c4f5fa7a0f7
愛知県,封入・梱包,梱包・発送,まっくびーワークス春日井,,2317502330,突合済み,office_no,まっくびーワークス春日井,春日井市,公表データ,愛知県 工賃実績（主な作業内容）,https://www.pref.aichi.jp/soshiki/shogai/kouchin-jisseki.html,4abdf9a127ad55e3
愛知県,封入・梱包,梱包・発送,みらいく,,2318700230,突合済み,office_no,みらいく,東海市,公表データ,愛知県 工賃実績（主な作業内容）,https://www.pref.aichi.jp/soshiki/shogai/kouchin-jisseki.html,106029c712918bfd
愛知県,封入・梱包,梱包・発送,みらせんプラス堀田,,2311400770,突合済み,office_no,みらせんプラス堀田,名古屋市瑞穂区,公表データ,愛知県 工賃実績（主な作業内容）,https://www.pref.aichi.jp/soshiki/shogai/kouchin-jisseki.html,63abe7b31011793e
愛知県,封入・梱包,梱包・発送,めいせい元気ハウス,,2311300533,突合済み,office_no,めいせい元気ハウス,名古屋市中川区,公表データ,愛知県 工賃実績（主な作業内容）,https://www.pref.aichi.jp/soshiki/shogai/kouchin-jisseki.html,ea030735d5dfaae0
愛知県,封入・梱包,梱包・発送,ゆい,,2313600278,突合済み,office_no,ゆい,西尾市,公表データ,愛知県 工賃実績（主な作業内容）,https://www.pref.aichi.jp/soshiki/shogai/kouchin-jisseki.html,fab612ab745eb5e3
愛知県,封入・梱包,梱包・発送,ろ（就労継続支援B型 青,,2312800655,突合済み,office_no,就労継続支援Ｂ型青空工房東畑店,稲沢市,公表データ,愛知県 工賃実績（主な作業内容）,https://www.pref.aichi.jp/soshiki/shogai/kouchin-jisseki.html,78956fa6348b41cf
愛知県,封入・梱包,梱包・発送,わかばドリーム作業所,,2312101252,突合済み,office_no,わかばドリーム作業所,一宮市,公表データ,愛知県 工賃実績（主な作業内容）,https://www.pref.aichi.jp/soshiki/shogai/kouchin-jisseki.html,8b533a369e6a5e2f
愛知県,封入・梱包,梱包・発送,わくわく本郷,,2318001498,突合済み,office_no,わくわく本郷,名古屋市名東区,公表データ,愛知県 工賃実績（主な作業内容）,https://www.pref.aichi.jp/soshiki/shogai/kouchin-jisseki.html,17ad7501194b2ea3
愛知県,封入・梱包,梱包・発送,アイビス上前津,,2316101068,突合済み,office_no,アイビス上前津,名古屋市中区,公表データ,愛知県 工賃実績（主な作業内容）,https://www.pref.aichi.jp/soshiki/shogai/kouchin-jisseki.html,39a917e546a3d3f4
愛知県,封入・梱包,梱包・発送,アイビス徳重,,2318501745,突合済み,office_no,アイビス徳重,名古屋市緑区,公表データ,愛知県 工賃実績（主な作業内容）,https://www.pref.aichi.jp/soshiki/shogai/kouchin-jisseki.html,e869a9b019981225
愛知県,封入・梱包,梱包・発送,アゴラ平安通,,2317301907,突合済み,office_no,アゴラ平安通,名古屋市北区,公表データ,愛知県 工賃実績（主な作業内容）,https://www.pref.aichi.jp/soshiki/shogai/kouchin-jisseki.html,f18d5d17de414630
愛知県,封入・梱包,梱包・発送,アザレアフォルテ,,2317700256,突合済み,office_no,多機能型事業所アザレアフォルテ,小牧市,公表データ,愛知県 工賃実績（主な作業内容）,https://www.pref.aichi.jp/soshiki/shogai/kouchin-jisseki.html,47d4608c3c83fc60
愛知県,封入・梱包,梱包・発送,アスモプラス,,2317502132,突合済み,office_no,アスモプラス,春日井市,公表データ,愛知県 工賃実績（主な作業内容）,https://www.pref.aichi.jp/soshiki/shogai/kouchin-jisseki.html,543bbd74e1851660
愛知県,封入・梱包,梱包・発送,アスライト,,2310501180,突合済み,office_no,アスライト,あま市,公表データ,愛知県 工賃実績（主な作業内容）,https://www.pref.aichi.jp/soshiki/shogai/kouchin-jisseki.html,95b16ad62ecf499b
愛知県,封入・梱包,梱包・発送,アップルーム,,2311400952,突合済み,office_no,アップルーム,名古屋市瑞穂区,公表データ,愛知県 工賃実績（主な作業内容）,https://www.pref.aichi.jp/soshiki/shogai/kouchin-jisseki.html,bcfc5981f0b9dcec
愛知県,封入・梱包,梱包・発送,アネモネ,,2317302103,突合済み,pref+city+name,アネモネ,名古屋市北区,公表データ,愛知県 工賃実績（主な作業内容）,https://www.pref.aichi.jp/soshiki/shogai/kouchin-jisseki.html,18bc747c594010d9
愛知県,封入・梱包,梱包・発送,アライヴ,,2312102615,突合済み,office_no,アライヴ,一宮市,公表データ,愛知県 工賃実績（主な作業内容）,https://www.pref.aichi.jp/soshiki/shogai/kouchin-jisseki.html,8cd9df6b34de13d9
愛知県,封入・梱包,梱包・発送,アルク,,2313300226,突合済み,office_no,アルク,刈谷市,公表データ,愛知県 工賃実績（主な作業内容）,https://www.pref.aichi.jp/soshiki/shogai/kouchin-jisseki.html,b742565247fe9e9d
愛知県,封入・梱包,梱包・発送,イーネットビズ,,2315100954,突合済み,office_no,イーネットビズ,豊橋市,公表データ,愛知県 工賃実績（主な作業内容）,https://www.pref.aichi.jp/soshiki/shogai/kouchin-jisseki.html,ff8030b354687aac
愛知県,封入・梱包,梱包・発送,イープ,,2317300750,突合済み,office_no,イープ,名古屋市北区,公表データ,愛知県 工賃実績（主な作業内容）,https://www.pref.aichi.jp/soshiki/shogai/kouchin-jisseki.html,c64f2caa35749a3b
愛知県,封入・梱包,梱包・発送,ウィングス,,2315800215,突合済み,office_no,ウィングス,新城市,公表データ,愛知県 工賃実績（主な作業内容）,https://www.pref.aichi.jp/soshiki/shogai/kouchin-jisseki.html,0818f9209307e5a9
愛知県,封入・梱包,梱包・発送,ウム カウンセリングルー,,2313401677,突合済み,office_no,指定就労継続支援施設あおい,豊田市,公表データ,愛知県 工賃実績（主な作業内容）,https://www.pref.aichi.jp/soshiki/shogai/kouchin-jisseki.html,8e17888eb31011eb
愛知県,封入・梱包,梱包・発送,ウムカウンセリングルー,,2311200733,突合済み,office_no,指定就労継続支援施設まごころ工房,名古屋市港区,公表データ,愛知県 工賃実績（主な作業内容）,https://www.pref.aichi.jp/soshiki/shogai/kouchin-jisseki.html,f8ead5fc079cb9e6
愛知県,封入・梱包,梱包・発送,ウムカウンセリングルー,,2310200411,突合済み,office_no,指定就労継続支援施設ネリネ,名古屋市北区,公表データ,愛知県 工賃実績（主な作業内容）,https://www.pref.aichi.jp/soshiki/shogai/kouchin-jisseki.html,5b0caf91cc0f1125
愛知県,封入・梱包,梱包・発送,エンハンス株式会社,,2317301980,突合済み,office_no,ITキャリアサポート　名古屋北店,名古屋市北区,公表データ,愛知県 工賃実績（主な作業内容）,https://www.pref.aichi.jp/soshiki/shogai/kouchin-jisseki.html,f869cee35ef9f828
愛知県,封入・梱包,梱包・発送,オモロピアB,,2317502157,突合済み,office_no,オモロピアＢ,春日井市,公表データ,愛知県 工賃実績（主な作業内容）,https://www.pref.aichi.jp/soshiki/shogai/kouchin-jisseki.html,aa91299b273dbe5b
愛知県,封入・梱包,梱包・発送,オービット,,2317900468,突合済み,office_no,オービット,尾張旭市,公表データ,愛知県 工賃実績（主な作業内容）,https://www.pref.aichi.jp/soshiki/shogai/kouchin-jisseki.html,979d4f37cc5e3402
愛知県,封入・梱包,梱包・発送,ガジュマル,,2310900135,突合済み,office_no,ガジュマル,弥富市,公表データ,愛知県 工賃実績（主な作業内容）,https://www.pref.aichi.jp/soshiki/shogai/kouchin-jisseki.html,3063bb246747cdbf
愛知県,封入・梱包,梱包・発送,ガッキー,,2318101215,突合済み,office_no,ガッキー,名古屋市南区,公表データ,愛知県 工賃実績（主な作業内容）,https://www.pref.aichi.jp/soshiki/shogai/kouchin-jisseki.html,c3bad39e400ab24e
愛知県,封入・梱包,梱包・発送,ガーネット,,2310501115,突合済み,office_no,ガーネット,海部郡大治町,公表データ,愛知県 工賃実績（主な作業内容）,https://www.pref.aichi.jp/soshiki/shogai/kouchin-jisseki.html,d0140c37872ea688
愛知県,封入・梱包,梱包・発送,ココア,,2311302455,突合済み,office_no,ココア,名古屋市中川区,公表データ,愛知県 工賃実績（主な作業内容）,https://www.pref.aichi.jp/soshiki/shogai/kouchin-jisseki.html,a5db8a8428a2a3bc
愛知県,封入・梱包,梱包・発送,ココワーク,,2315201117,突合済み,office_no,ココワーク,豊川市,公表データ,愛知県 工賃実績（主な作業内容）,https://www.pref.aichi.jp/soshiki/shogai/kouchin-jisseki.html,80bf34c8b51ec2c2
愛知県,封入・梱包,梱包・発送,コロモリ,,2313402113,突合済み,office_no,コロモリ,豊田市,公表データ,愛知県 工賃実績（主な作業内容）,https://www.pref.aichi.jp/soshiki/shogai/kouchin-jisseki.html,6bb801bc022e44ae
愛知県,封入・梱包,梱包・発送,サンハンド,,2311302406,突合済み,office_no,サンハンド,名古屋市中川区,公表データ,愛知県 工賃実績（主な作業内容）,https://www.pref.aichi.jp/soshiki/shogai/kouchin-jisseki.html,6b2490b5d24674eb
愛知県,封入・梱包,梱包・発送,シェアリング・ライフ,,,未突合,unmatched,,,公表データ,愛知県 工賃実績（主な作業内容）,https://www.pref.aichi.jp/soshiki/shogai/kouchin-jisseki.html,
愛知県,封入・梱包,梱包・発送,シャインワーク,,2312200492,突合済み,office_no,シャインワーク,江南市,公表データ,愛知県 工賃実績（主な作業内容）,https://www.pref.aichi.jp/soshiki/shogai/kouchin-jisseki.html,7255bc5287814131
愛知県,封入・梱包,梱包・発送,ジョブサポートフォルテ,,2310100090,突合済み,office_no,ジョブサポートフォルテ,名古屋市中村区,公表データ,愛知県 工賃実績（主な作業内容）,https://www.pref.aichi.jp/soshiki/shogai/kouchin-jisseki.html,8a3cbc4bdda036c3
愛知県,封入・梱包,梱包・発送,スクラム庄内通,,2310201591,突合済み,office_no+name,スクラム庄内通,名古屋市西区,公表データ,愛知県 工賃実績（主な作業内容）,https://www.pref.aichi.jp/soshiki/shogai/kouchin-jisseki.html,c67c1157f3821edc
愛知県,封入・梱包,梱包・発送,スマイルらぼ大府,,2318800469,突合済み,office_no,スマイルらぼ大府,大府市,公表データ,愛知県 工賃実績（主な作業内容）,https://www.pref.aichi.jp/soshiki/shogai/kouchin-jisseki.html,4a0477ab23c4692a
愛知県,封入・梱包,梱包・発送,セカンドライフ,,2311302018,突合済み,office_no,セカンドライフ,名古屋市中川区,公表データ,愛知県 工賃実績（主な作業内容）,https://www.pref.aichi.jp/soshiki/shogai/kouchin-jisseki.html,bd16dfd836678435
愛知県,封入・梱包,梱包・発送,ソラリスワーク,,2311302026,突合済み,office_no,ソラリスワーク,名古屋市中川区,公表データ,愛知県 工賃実績（主な作業内容）,https://www.pref.aichi.jp/soshiki/shogai/kouchin-jisseki.html,be9d1952b0d04935
愛知県,封入・梱包,梱包・発送,ダイチのこ中村,,2310102138,突合済み,office_no,就労継続支援Ｂ型事業所ダイチのこ中村,名古屋市中村区,公表データ,愛知県 工賃実績（主な作業内容）,https://www.pref.aichi.jp/soshiki/shogai/kouchin-jisseki.html,2d4d06a68f85288e
愛知県,封入・梱包,梱包・発送,チャレンジハウスみらい,,2311301432,突合済み,office_no,チャレンジハウスみらい,名古屋市中川区,公表データ,愛知県 工賃実績（主な作業内容）,https://www.pref.aichi.jp/soshiki/shogai/kouchin-jisseki.html,54ab68f24489653b
愛知県,封入・梱包,梱包・発送,デノック,,2317900294,突合済み,office_no,デノック,尾張旭市,公表データ,愛知県 工賃実績（主な作業内容）,https://www.pref.aichi.jp/soshiki/shogai/kouchin-jisseki.html,3dbc81aed695a781
愛知県,封入・梱包,梱包・発送,デノック,,2317900294,突合済み,office_no,デノック,尾張旭市,公表データ,愛知県 工賃実績（主な作業内容）,https://www.pref.aichi.jp/soshiki/shogai/kouchin-jisseki.html,3dbc81aed695a781
愛知県,封入・梱包,梱包・発送,トリロジー,,2312200542,突合済み,office_no,トリロジー,江南市,公表データ,愛知県 工賃実績（主な作業内容）,https://www.pref.aichi.jp/soshiki/shogai/kouchin-jisseki.html,d47c6236e329286d
愛知県,封入・梱包,梱包・発送,トレトレクラフト,,2312102805,突合済み,office_no,トレトレクラフト,一宮市,公表データ,愛知県 工賃実績（主な作業内容）,https://www.pref.aichi.jp/soshiki/shogai/kouchin-jisseki.html,5609a3241bb1ac55
愛知県,封入・梱包,梱包・発送,ドリームベース,,2317400899,突合済み,office_no,ドリームベース,瀬戸市,公表データ,愛知県 工賃実績（主な作業内容）,https://www.pref.aichi.jp/soshiki/shogai/kouchin-jisseki.html,39c8e0f961d31771
愛知県,封入・梱包,梱包・発送,ハッピネス・ランド,,2313900082,突合済み,office_no,ハッピネス・ランド,額田郡幸田町,公表データ,愛知県 工賃実績（主な作業内容）,https://www.pref.aichi.jp/soshiki/shogai/kouchin-jisseki.html,2dc7944a802392a0
愛知県,封入・梱包,梱包・発送,ハッピーA型,,2310500331,突合済み,office_no,ハッピー,海部郡蟹江町,公表データ,愛知県 工賃実績（主な作業内容）,https://www.pref.aichi.jp/soshiki/shogai/kouchin-jisseki.html,45a3bd212754c150
愛知県,封入・梱包,梱包・発送,ハッピーB型,,2310500331,突合済み,office_no,ハッピー,海部郡蟹江町,公表データ,愛知県 工賃実績（主な作業内容）,https://www.pref.aichi.jp/soshiki/shogai/kouchin-jisseki.html,45a3bd212754c150
愛知県,封入・梱包,梱包・発送,ハローB型,,2310500455,突合済み,office_no,ハロー,海部郡蟹江町,公表データ,愛知県 工賃実績（主な作業内容）,https://www.pref.aichi.jp/soshiki/shogai/kouchin-jisseki.html,5624a461b376ca3b
愛知県,封入・梱包,梱包・発送,パッソ工房,,2311100420,突合済み,office_no,パッソ工房,名古屋市熱田区,公表データ,愛知県 工賃実績（主な作業内容）,https://www.pref.aichi.jp/soshiki/shogai/kouchin-jisseki.html,fb3c8f3c1aee3298
愛知県,封入・梱包,梱包・発送,ピュアサポート,,2316100540,突合済み,office_no,ピュアサポート,名古屋市中区,公表データ,愛知県 工賃実績（主な作業内容）,https://www.pref.aichi.jp/soshiki/shogai/kouchin-jisseki.html,e6f3f649254e27ab
愛知県,封入・梱包,梱包・発送,ファンプレイス,,2310500968,突合済み,office_no,就労継続支援B型事業所　ファンプレイス,海部郡大治町,公表データ,愛知県 工賃実績（主な作業内容）,https://www.pref.aichi.jp/soshiki/shogai/kouchin-jisseki.html,dea51ea8f7bbbdb1
愛知県,封入・梱包,梱包・発送,フェンテ,,2317101232,突合済み,office_no,フェンテ,名古屋市千種区,公表データ,愛知県 工賃実績（主な作業内容）,https://www.pref.aichi.jp/soshiki/shogai/kouchin-jisseki.html,64dea6246783e60b
愛知県,封入・梱包,梱包・発送,フローラ金山,,2316101290,突合済み,office_no,フローラ金山,名古屋市中区,公表データ,愛知県 工賃実績（主な作業内容）,https://www.pref.aichi.jp/soshiki/shogai/kouchin-jisseki.html,1a56f67faffc8d3b
愛知県,封入・梱包,梱包・発送,ブルーウィング,,2318700461,突合済み,office_no,ブルーウィング,東海市,公表データ,愛知県 工賃実績（主な作業内容）,https://www.pref.aichi.jp/soshiki/shogai/kouchin-jisseki.html,c0bdedce3f044d5c
愛知県,封入・梱包,梱包・発送,プラネット小牧,,2317701031,突合済み,office_no,プラネット小牧,小牧市,公表データ,愛知県 工賃実績（主な作業内容）,https://www.pref.aichi.jp/soshiki/shogai/kouchin-jisseki.html,64bba26b6779f2ca
愛知県,封入・梱包,梱包・発送,プロサポート,,2313101079,突合済み,office_no,プロサポート,岡崎市,公表データ,愛知県 工賃実績（主な作業内容）,https://www.pref.aichi.jp/soshiki/shogai/kouchin-jisseki.html,e40404c606efdf8a
愛知県,封入・梱包,梱包・発送,プロサポート２,,2313101400,突合済み,office_no,プロサポート２,岡崎市,公表データ,愛知県 工賃実績（主な作業内容）,https://www.pref.aichi.jp/soshiki/shogai/kouchin-jisseki.html,40c4ff10b1f3e719
愛知県,封入・梱包,梱包・発送,プロサポート３,,2313102101,突合済み,office_no,プロサポート３,岡崎市,公表データ,愛知県 工賃実績（主な作業内容）,https://www.pref.aichi.jp/soshiki/shogai/kouchin-jisseki.html,b004e963bfc7c2fc
愛知県,封入・梱包,梱包・発送,ヘルプステーションのどか,,2317500151,突合済み,office_no,ヘルプステーションのどか,春日井市,公表データ,愛知県 工賃実績（主な作業内容）,https://www.pref.aichi.jp/soshiki/shogai/kouchin-jisseki.html,5ff8e414ab384b48
愛知県,封入・梱包,梱包・発送,ベリービー,,2317101380,突合済み,office_no,ベリービー,名古屋市千種区,公表データ,愛知県 工賃実績（主な作業内容）,https://www.pref.aichi.jp/soshiki/shogai/kouchin-jisseki.html,e084fdc3204043e7
愛知県,封入・梱包,梱包・発送,マイン,,2316401864,突合済み,office_no,マイン,名古屋市天白区,公表データ,愛知県 工賃実績（主な作業内容）,https://www.pref.aichi.jp/soshiki/shogai/kouchin-jisseki.html,87dc348e23494dc6
愛知県,封入・梱包,梱包・発送,ミルフィーユ,,2311301648,突合済み,office_no,ミルフィーユ,名古屋市中川区,公表データ,愛知県 工賃実績（主な作業内容）,https://www.pref.aichi.jp/soshiki/shogai/kouchin-jisseki.html,121724137afc09fc
愛知県,封入・梱包,梱包・発送,リハスワーク碧南,,2313200301,突合済み,office_no,リハスワーク碧南,碧南市,公表データ,愛知県 工賃実績（主な作業内容）,https://www.pref.aichi.jp/soshiki/shogai/kouchin-jisseki.html,f8ff23318d947316
愛知県,封入・梱包,梱包・発送,リーフ,,2313101582,突合済み,office_no,リーフ,岡崎市,公表データ,愛知県 工賃実績（主な作業内容）,https://www.pref.aichi.jp/soshiki/shogai/kouchin-jisseki.html,904f24e2a9c3b6b7
愛知県,封入・梱包,梱包・発送,ワーカー鷹来,,2317500565,突合済み,office_no,ワーカー鷹来,春日井市,公表データ,愛知県 工賃実績（主な作業内容）,https://www.pref.aichi.jp/soshiki/shogai/kouchin-jisseki.html,6a864321e019cf20
愛知県,封入・梱包,梱包・発送,ワークステーション夢んぼ,,2310700261,突合済み,office_no,ワークステーション夢んぼ,愛西市,公表データ,愛知県 工賃実績（主な作業内容）,https://www.pref.aichi.jp/soshiki/shogai/kouchin-jisseki.html,4eca6e1b1a98cde2
愛知県,封入・梱包,梱包・発送,ワークスペース里,,2310501206,突合済み,office_no,ワークスペース里,あま市,公表データ,愛知県 工賃実績（主な作業内容）,https://www.pref.aichi.jp/soshiki/shogai/kouchin-jisseki.html,af354c1141032a7f
愛知県,封入・梱包,梱包・発送,ワークハウスビバーチェ,,2318400609,突合済み,office_no,ワークハウスビバーチェ,知多郡阿久比町,公表データ,愛知県 工賃実績（主な作業内容）,https://www.pref.aichi.jp/soshiki/shogai/kouchin-jisseki.html,b8c41b45904abaf8
愛知県,封入・梱包,梱包・発送,一般社団法人 太陽,,2312102243,突合済み,office_no,就労支援生活介護虹彩十音,一宮市,公表データ,愛知県 工賃実績（主な作業内容）,https://www.pref.aichi.jp/soshiki/shogai/kouchin-jisseki.html,69763bda3ad572e6
愛知県,封入・梱包,梱包・発送,一般社団法人チャレンジ 彩樹今池,,,未突合,unmatched,,,公表データ,愛知県 工賃実績（主な作業内容）,https://www.pref.aichi.jp/soshiki/shogai/kouchin-jisseki.html,
愛知県,封入・梱包,梱包・発送,一般社団法人チャレンジ 彩樹高畑,,2311301309,突合済み,office_no,彩樹高畑,名古屋市中川区,公表データ,愛知県 工賃実績（主な作業内容）,https://www.pref.aichi.jp/soshiki/shogai/kouchin-jisseki.html,8134fb53fb9577d6
愛知県,封入・梱包,梱包・発送,仲間の会はばたき,,2318100415,突合済み,office_no,仲間の会はばたき,名古屋市南区,公表データ,愛知県 工賃実績（主な作業内容）,https://www.pref.aichi.jp/soshiki/shogai/kouchin-jisseki.html,241f6636c4624d34
愛知県,封入・梱包,梱包・発送,合同会社コンパス,,2313200293,突合済み,office_no,就労継続支援B型事業所コンパス,碧南市,公表データ,愛知県 工賃実績（主な作業内容）,https://www.pref.aichi.jp/soshiki/shogai/kouchin-jisseki.html,d536f977643a792c
愛知県,封入・梱包,梱包・発送,合同会社ライアート,,2317400600,突合済み,office_no,ビーハイブ,瀬戸市,公表データ,愛知県 工賃実績（主な作業内容）,https://www.pref.aichi.jp/soshiki/shogai/kouchin-jisseki.html,30c253415f84ce3a
愛知県,封入・梱包,梱包・発送,合同会社ｇｉｖｅ＆ｇｉｖｅ,,2310500588,突合済み,office_no,就労継続支援B型事業所　つむぐ,あま市,公表データ,愛知県 工賃実績（主な作業内容）,https://www.pref.aichi.jp/soshiki/shogai/kouchin-jisseki.html,d5fe5345b01026ec
愛知県,封入・梱包,梱包・発送,多機能型事業所あるむ,,2312800747,突合済み,office_no,多機能型事務所あるむ　就労継続支援B型あるむ,稲沢市,公表データ,愛知県 工賃実績（主な作業内容）,https://www.pref.aichi.jp/soshiki/shogai/kouchin-jisseki.html,d7ce759561744ba6
愛知県,封入・梱包,梱包・発送,夢尊ワークス春田,,2311302547,突合済み,office_no,就労継続支援B型事業所夢尊ワークス春田,名古屋市中川区,公表データ,愛知県 工賃実績（主な作業内容）,https://www.pref.aichi.jp/soshiki/shogai/kouchin-jisseki.html,d7352e9568ee444b
愛知県,封入・梱包,梱包・発送,大森授産所,,2317600092,突合済み,office_no,大森授産所,名古屋市守山区,公表データ,愛知県 工賃実績（主な作業内容）,https://www.pref.aichi.jp/soshiki/shogai/kouchin-jisseki.html,1f0dc7c89ad6355d
愛知県,封入・梱包,梱包・発送,就労支援 すぷらうと,,2313900140,突合済み,office_no,就労支援すぷらうと,額田郡幸田町,公表データ,愛知県 工賃実績（主な作業内容）,https://www.pref.aichi.jp/soshiki/shogai/kouchin-jisseki.html,e91e2599106b5bc9
愛知県,封入・梱包,梱包・発送,就労支援事業所アームズ,,2319000168,突合済み,office_no,アームズ,豊明市,公表データ,愛知県 工賃実績（主な作業内容）,https://www.pref.aichi.jp/soshiki/shogai/kouchin-jisseki.html,6027b55f444cc067
愛知県,封入・梱包,梱包・発送,就労継続支援 太陽,,2312102722,突合済み,office_no,就労継続支援　太陽,一宮市,公表データ,愛知県 工賃実績（主な作業内容）,https://www.pref.aichi.jp/soshiki/shogai/kouchin-jisseki.html,4700341ae306b8e9
愛知県,封入・梱包,梱包・発送,就労継続支援 青空工房,,2312800556,突合済み,office_no,就労継続支援　青空工房,稲沢市,公表データ,愛知県 工賃実績（主な作業内容）,https://www.pref.aichi.jp/soshiki/shogai/kouchin-jisseki.html,e1cba488c13eab8b
愛知県,封入・梱包,梱包・発送,就労継続支援B型Leap,,2316401344,突合済み,office_no,就労継続支援Ｂ型Ｌｅａｐ,名古屋市天白区,公表データ,愛知県 工賃実績（主な作業内容）,https://www.pref.aichi.jp/soshiki/shogai/kouchin-jisseki.html,8253c2b83f58983e
愛知県,封入・梱包,梱包・発送,就労継続支援ブリッジ,,2313102234,突合済み,office_no,就労継続支援B型事業所無限,岡崎市,公表データ,愛知県 工賃実績（主な作業内容）,https://www.pref.aichi.jp/soshiki/shogai/kouchin-jisseki.html,a2019410233404a1
愛知県,封入・梱包,梱包・発送,就労継続支援施設 ゆず,,2312101567,突合済み,office_no,就労継続支援施設　ゆず,一宮市,公表データ,愛知県 工賃実績（主な作業内容）,https://www.pref.aichi.jp/soshiki/shogai/kouchin-jisseki.html,363d193ab10b7752
愛知県,封入・梱包,梱包・発送,日進ワークキャンパス,,2316500475,突合済み,office_no,日進ワークキャンパス,日進市,公表データ,愛知県 工賃実績（主な作業内容）,https://www.pref.aichi.jp/soshiki/shogai/kouchin-jisseki.html,99d0e3647b5d0de7
愛知県,封入・梱包,梱包・発送,春日井ハート,,2317502264,突合済み,office_no,春日井ハート,春日井市,公表データ,愛知県 工賃実績（主な作業内容）,https://www.pref.aichi.jp/soshiki/shogai/kouchin-jisseki.html,6cc7c5e2d09cff27
愛知県,封入・梱包,梱包・発送,有限会社 マルケイ,,2310700394,突合済み,office_no,就労継続支援B型事業所　つぼみ,愛西市,公表データ,愛知県 工賃実績（主な作業内容）,https://www.pref.aichi.jp/soshiki/shogai/kouchin-jisseki.html,857fad9d78d9c619
愛知県,封入・梱包,梱包・発送,有限会社オールパーパス どーなっつ,,2318101330,突合済み,office_no,どーなっつ,名古屋市南区,公表データ,愛知県 工賃実績（主な作業内容）,https://www.pref.aichi.jp/soshiki/shogai/kouchin-jisseki.html,3e0ab9c6642a61f9
愛知県,封入・梱包,梱包・発送,有限会社愛興,,2310201583,突合済み,office_no,就労継続支援Ｂ型事業所　あいこう,名古屋市西区,公表データ,愛知県 工賃実績（主な作業内容）,https://www.pref.aichi.jp/soshiki/shogai/kouchin-jisseki.html,e121adbbf2691cad
愛知県,封入・梱包,梱包・発送,杜の風,,2316100631,突合済み,office_no,杜の風,名古屋市中区,公表データ,愛知県 工賃実績（主な作業内容）,https://www.pref.aichi.jp/soshiki/shogai/kouchin-jisseki.html,68655facdbd8b546
愛知県,封入・梱包,梱包・発送,株式会社 クローバー,,2310000324,突合済み,office_no,キョーワ就労継続支援B型事業所　オーティス,みよし市,公表データ,愛知県 工賃実績（主な作業内容）,https://www.pref.aichi.jp/soshiki/shogai/kouchin-jisseki.html,73ad5eb6a4ff22b9
愛知県,封入・梱包,梱包・発送,株式会社 ヨツ葉,,2311302562,突合済み,office_no,よつば荒子,名古屋市中川区,公表データ,愛知県 工賃実績（主な作業内容）,https://www.pref.aichi.jp/soshiki/shogai/kouchin-jisseki.html,27f97bb8a2d5d94e
愛知県,封入・梱包,梱包・発送,株式会社 夢尊ワークス 夢尊ワークス 三河豊田,,2313401875,突合済み,office_no,夢尊ワークス　三河豊田,豊田市,公表データ,愛知県 工賃実績（主な作業内容）,https://www.pref.aichi.jp/soshiki/shogai/kouchin-jisseki.html,f1473697c65a72d1
愛知県,封入・梱包,梱包・発送,株式会社 夢尊ワークス 夢尊ワークス 豊田駅前,,2313401693,突合済み,office_no,夢尊ワークス　豊田駅前,豊田市,公表データ,愛知県 工賃実績（主な作業内容）,https://www.pref.aichi.jp/soshiki/shogai/kouchin-jisseki.html,60acfacb5ef9b482
愛知県,封入・梱包,梱包・発送,株式会社 誠,,2316401401,突合済み,office_no,就労継続支援Ｂ型やまととなでしこ名古屋,名古屋市天白区,公表データ,愛知県 工賃実績（主な作業内容）,https://www.pref.aichi.jp/soshiki/shogai/kouchin-jisseki.html,fc8859e0e2037343
愛知県,封入・梱包,梱包・発送,株式会社AAAsupport,,2313500700,突合済み,office_no,ＡＡＡＧａｍｅｓ,安城市,公表データ,愛知県 工賃実績（主な作業内容）,https://www.pref.aichi.jp/soshiki/shogai/kouchin-jisseki.html,d7ae9f5794677993
愛知県,封入・梱包,梱包・発送,株式会社NEXUS,,2310201872,突合済み,office_no,あいびー名古屋,名古屋市西区,公表データ,愛知県 工賃実績（主な作業内容）,https://www.pref.aichi.jp/soshiki/shogai/kouchin-jisseki.html,24cc15538f2d1250
愛知県,封入・梱包,梱包・発送,株式会社SENSE,,2318501604,突合済み,office_no,久遠チョコレート名古屋滝ノ水店,名古屋市緑区,公表データ,愛知県 工賃実績（主な作業内容）,https://www.pref.aichi.jp/soshiki/shogai/kouchin-jisseki.html,744799bdaf2b25fd
愛知県,封入・梱包,梱包・発送,株式会社eDEL,,2310500943,突合済み,office_no,指定就労継続支援施設スピカ,海部郡大治町,公表データ,愛知県 工賃実績（主な作業内容）,https://www.pref.aichi.jp/soshiki/shogai/kouchin-jisseki.html,4696486e780d6de1
愛知県,封入・梱包,梱包・発送,株式会社ぴぃす,,2319000374,突合済み,office_no,じょぶぴぃす,豊明市,公表データ,愛知県 工賃実績（主な作業内容）,https://www.pref.aichi.jp/soshiki/shogai/kouchin-jisseki.html,82930324f225d208
愛知県,封入・梱包,梱包・発送,株式会社ガイアカンパニー みかん,,2310101635,突合済み,office_no,みかん,名古屋市中村区,公表データ,愛知県 工賃実績（主な作業内容）,https://www.pref.aichi.jp/soshiki/shogai/kouchin-jisseki.html,539e1a7342539b6a
愛知県,封入・梱包,梱包・発送,株式会社ネイブレイン,,2313102143,突合済み,office_no,就労継続支援B型事業所TALACO岡崎洞町,岡崎市,公表データ,愛知県 工賃実績（主な作業内容）,https://www.pref.aichi.jp/soshiki/shogai/kouchin-jisseki.html,cddce4ae2cad6d8f
愛知県,封入・梱包,梱包・発送,株式会社フィンテックス,,2316401898,突合済み,office_no,就労継続支援Ｂ型Ｌｅａｐ野並,名古屋市天白区,公表データ,愛知県 工賃実績（主な作業内容）,https://www.pref.aichi.jp/soshiki/shogai/kouchin-jisseki.html,9a5dcbd8ab4e079f
愛知県,封入・梱包,梱包・発送,株式会社ライフワーク,,2318001464,突合済み,office_no,ライフワーク名東,名古屋市名東区,公表データ,愛知県 工賃実績（主な作業内容）,https://www.pref.aichi.jp/soshiki/shogai/kouchin-jisseki.html,6135f284bf1e26e6
愛知県,封入・梱包,梱包・発送,株式会社ルーク,,2317301675,突合済み,office_no,就労継続支援B型事業所　サンライク楠,名古屋市北区,公表データ,愛知県 工賃実績（主な作業内容）,https://www.pref.aichi.jp/soshiki/shogai/kouchin-jisseki.html,9dfc92e83f098d03
愛知県,封入・梱包,梱包・発送,株式会社ルーク,,2317501399,突合済み,office_no,就労継続支援B型事業所　サンライク,春日井市,公表データ,愛知県 工賃実績（主な作業内容）,https://www.pref.aichi.jp/soshiki/shogai/kouchin-jisseki.html,68825e22f60d73aa
愛知県,封入・梱包,梱包・発送,株式会社ルーク,,2317501597,突合済み,office_no,就労継続支援Ｂ型事業所　サンライク　高蔵寺,春日井市,公表データ,愛知県 工賃実績（主な作業内容）,https://www.pref.aichi.jp/soshiki/shogai/kouchin-jisseki.html,cc80d5cee0aca05c
愛知県,封入・梱包,梱包・発送,株式会社レボ,,2317502678,突合済み,office_no,就労継続支援B型事業所すてっぷ,春日井市,公表データ,愛知県 工賃実績（主な作業内容）,https://www.pref.aichi.jp/soshiki/shogai/kouchin-jisseki.html,d154fea217890c5e
愛知県,封入・梱包,梱包・発送,株式会社白,,,未突合,unmatched,,,公表データ,愛知県 工賃実績（主な作業内容）,https://www.pref.aichi.jp/soshiki/shogai/kouchin-jisseki.html,
愛知県,封入・梱包,梱包・発送,株式会社白,,2310501008,突合済み,office_no,就労支援B型事業所アリス,あま市,公表データ,愛知県 工賃実績（主な作業内容）,https://www.pref.aichi.jp/soshiki/shogai/kouchin-jisseki.html,4bad3d59dd940d96
愛知県,封入・梱包,梱包・発送,株式会社白,,2310500729,突合済み,office_no,障がい者就労支援Ｂ型事業所クララ,あま市,公表データ,愛知県 工賃実績（主な作業内容）,https://www.pref.aichi.jp/soshiki/shogai/kouchin-jisseki.html,4a621dc8c6df8255
愛知県,封入・梱包,梱包・発送,株式会社青空,,2312102417,突合済み,office_no,就労継続支援A型事業所あおぞら,一宮市,公表データ,愛知県 工賃実績（主な作業内容）,https://www.pref.aichi.jp/soshiki/shogai/kouchin-jisseki.html,e6a83ba12e4066fb
愛知県,封入・梱包,梱包・発送,桜木授産所,,2310200049,突合済み,office_no+name,桜木授産所,名古屋市西区,公表データ,愛知県 工賃実績（主な作業内容）,https://www.pref.aichi.jp/soshiki/shogai/kouchin-jisseki.html,69d6f71021c0b6cb
愛知県,封入・梱包,梱包・発送,知らす池下,,2317101125,突合済み,office_no,知らす池下,名古屋市千種区,公表データ,愛知県 工賃実績（主な作業内容）,https://www.pref.aichi.jp/soshiki/shogai/kouchin-jisseki.html,04c16432b223e940
愛知県,封入・梱包,梱包・発送,結 阿久比,,2318400740,突合済み,office_no,就労継続支援Ｂ型結〜むすび〜阿久比,知多郡阿久比町,公表データ,愛知県 工賃実績（主な作業内容）,https://www.pref.aichi.jp/soshiki/shogai/kouchin-jisseki.html,bdc18fd2e47a9f29
愛知県,封入・梱包,梱包・発送,藤森作業所,,2318000342,突合済み,office_no,藤森作業所,名古屋市名東区,公表データ,愛知県 工賃実績（主な作業内容）,https://www.pref.aichi.jp/soshiki/shogai/kouchin-jisseki.html,94ccff6487f7c0d3
愛知県,封入・梱包,梱包・発送,障害者雇用創造センター まきの木,,2310700147,突合済み,office_no,まきの木,愛西市,公表データ,愛知県 工賃実績（主な作業内容）,https://www.pref.aichi.jp/soshiki/shogai/kouchin-jisseki.html,4ef9da3e27e50788
愛知県,封入・梱包,梱包・発送,障害者雇用創造センター フレーベル,,2310900192,突合済み,office_no,フレーベル,弥富市,公表データ,愛知県 工賃実績（主な作業内容）,https://www.pref.aichi.jp/soshiki/shogai/kouchin-jisseki.html,52d04cde69121a2b
愛知県,封入・梱包,梱包・発送,ＨＹＵＧＡ,,2316300256,突合済み,office_no,就労継続支援B型事業所　あさひな,愛知郡東郷町,公表データ,愛知県 工賃実績（主な作業内容）,https://www.pref.aichi.jp/soshiki/shogai/kouchin-jisseki.html,e31380ec791a683a
愛知県,小物雑貨・生活用品,小物雑貨の製造・販売,OnenessA,,2311302075,突合済み,office_no,OnenessA,名古屋市中川区,公表データ,愛知県 工賃実績（主な作業内容）,https://www.pref.aichi.jp/soshiki/shogai/kouchin-jisseki.html,8457582223e79018
愛知県,小物雑貨・生活用品,小物雑貨の製造・販売,にこまるサポート,,2317501464,突合済み,office_no,にこまるサポート,春日井市,公表データ,愛知県 工賃実績（主な作業内容）,https://www.pref.aichi.jp/soshiki/shogai/kouchin-jisseki.html,96a6469ab721471e
愛知県,小物雑貨・生活用品,小物雑貨の製造・販売,はっぴーらんど,,2318100894,突合済み,office_no,はっぴーらんど,名古屋市南区,公表データ,愛知県 工賃実績（主な作業内容）,https://www.pref.aichi.jp/soshiki/shogai/kouchin-jisseki.html,57c5c8db3810905e
愛知県,小物雑貨・生活用品,小物雑貨の製造・販売,はっぴーらんど半田,,2318200793,突合済み,office_no,はっぴーらんど半田,半田市,公表データ,愛知県 工賃実績（主な作業内容）,https://www.pref.aichi.jp/soshiki/shogai/kouchin-jisseki.html,a8ef5a2182711165
愛知県,小物雑貨・生活用品,小物雑貨の製造・販売,ほっと一息,,2316100730,突合済み,office_no,ほっと一息,名古屋市中区,公表データ,愛知県 工賃実績（主な作業内容）,https://www.pref.aichi.jp/soshiki/shogai/kouchin-jisseki.html,936af7acc3cf47eb
愛知県,小物雑貨・生活用品,小物雑貨の製造・販売,ほまれの家てんとうむし,,2318001530,突合済み,office_no,ほまれの家てんとうむし,名古屋市名東区,公表データ,愛知県 工賃実績（主な作業内容）,https://www.pref.aichi.jp/soshiki/shogai/kouchin-jisseki.html,ae08b143c0031d82
愛知県,小物雑貨・生活用品,小物雑貨の製造・販売,ほまれの家名古屋南店,,2318101116,突合済み,office_no,ほまれの家名古屋南店,名古屋市南区,公表データ,愛知県 工賃実績（主な作業内容）,https://www.pref.aichi.jp/soshiki/shogai/kouchin-jisseki.html,755ab167559890d9
愛知県,小物雑貨・生活用品,小物雑貨の製造・販売,アルク,,2313300226,突合済み,office_no,アルク,刈谷市,公表データ,愛知県 工賃実績（主な作業内容）,https://www.pref.aichi.jp/soshiki/shogai/kouchin-jisseki.html,b742565247fe9e9d
愛知県,小物雑貨・生活用品,小物雑貨の製造・販売,イーネ,,2312800390,突合済み,office_no,イーネ,稲沢市,公表データ,愛知県 工賃実績（主な作業内容）,https://www.pref.aichi.jp/soshiki/shogai/kouchin-jisseki.html,126f0e4318e1c41c
愛知県,小物雑貨・生活用品,小物雑貨の製造・販売,イーネットビズ,,2315100954,突合済み,office_no,イーネットビズ,豊橋市,公表データ,愛知県 工賃実績（主な作業内容）,https://www.pref.aichi.jp/soshiki/shogai/kouchin-jisseki.html,ff8030b354687aac
愛知県,小物雑貨・生活用品,小物雑貨の製造・販売,ウェルサポート,,2317502272,突合済み,office_no,ウェルサポート,春日井市,公表データ,愛知県 工賃実績（主な作業内容）,https://www.pref.aichi.jp/soshiki/shogai/kouchin-jisseki.html,0c82b9290634aca1
愛知県,小物雑貨・生活用品,小物雑貨の製造・販売,カドル株式会社,,2317900567,突合済み,office_no,就労継続支援事業所多機能型　Ｂｉｌｄ,尾張旭市,公表データ,愛知県 工賃実績（主な作業内容）,https://www.pref.aichi.jp/soshiki/shogai/kouchin-jisseki.html,2571313bb862fd2f
愛知県,小物雑貨・生活用品,小物雑貨の製造・販売,サンハウス,,2316200456,突合済み,office_no,サンハウス,名古屋市昭和区,公表データ,愛知県 工賃実績（主な作業内容）,https://www.pref.aichi.jp/soshiki/shogai/kouchin-jisseki.html,fb11d735dfa33d61
愛知県,小物雑貨・生活用品,小物雑貨の製造・販売,テクノプロ,,2317302301,突合済み,office_no,テクノプロ,名古屋市北区,公表データ,愛知県 工賃実績（主な作業内容）,https://www.pref.aichi.jp/soshiki/shogai/kouchin-jisseki.html,f29a944b86e18bd3
愛知県,小物雑貨・生活用品,小物雑貨の製造・販売,ハートジョブ,,2318000821,突合済み,office_no,ハートジョブ,名古屋市名東区,公表データ,愛知県 工賃実績（主な作業内容）,https://www.pref.aichi.jp/soshiki/shogai/kouchin-jisseki.html,97b9ba0872a70bff
愛知県,小物雑貨・生活用品,小物雑貨の製造・販売,フィカス株式会社,,2318000581,突合済み,office_no,フィカス株式会社,名古屋市名東区,公表データ,愛知県 工賃実績（主な作業内容）,https://www.pref.aichi.jp/soshiki/shogai/kouchin-jisseki.html,89e95e69968f3e0e
愛知県,小物雑貨・生活用品,小物雑貨の製造・販売,ワークスタジオ藤が丘,,2318001480,突合済み,office_no,ワークスタジオ藤が丘,名古屋市名東区,公表データ,愛知県 工賃実績（主な作業内容）,https://www.pref.aichi.jp/soshiki/shogai/kouchin-jisseki.html,fb521452308f2018
愛知県,小物雑貨・生活用品,小物雑貨の製造・販売,椿,,2313401776,突合済み,office_no,椿,豊田市,公表データ,愛知県 工賃実績（主な作業内容）,https://www.pref.aichi.jp/soshiki/shogai/kouchin-jisseki.html,1ddaccf99b9ebb4c
愛知県,情報処理・データ入力,情報処理・テープ起こし,9180303005174,,2314200151,突合済み,office_no,就労継続支援Ａ型事業所トライワーク,高浜市,公表データ,愛知県 工賃実績（主な作業内容）,https://www.pref.aichi.jp/soshiki/shogai/kouchin-jisseki.html,2dfd76ed7c932dd5
愛知県,情報処理・データ入力,情報処理・テープ起こし,CoBiTo,,2316101043,突合済み,office_no,ＣｏＢｉＴｏ,名古屋市東区,公表データ,愛知県 工賃実績（主な作業内容）,https://www.pref.aichi.jp/soshiki/shogai/kouchin-jisseki.html,4d06f4cdc8ac564b
愛知県,情報処理・データ入力,情報処理・テープ起こし,YKG,,2310200916,突合済み,office_no,ＹＫＧ,名古屋市西区,公表データ,愛知県 工賃実績（主な作業内容）,https://www.pref.aichi.jp/soshiki/shogai/kouchin-jisseki.html,9b350aa5f8776d90
愛知県,情報処理・データ入力,情報処理・テープ起こし,がじゅまる,,2316101910,突合済み,office_no,就労継続支援Ａ型事業所　がじゅまる,名古屋市中区,公表データ,愛知県 工賃実績（主な作業内容）,https://www.pref.aichi.jp/soshiki/shogai/kouchin-jisseki.html,6ccccfcba2c17efc
愛知県,情報処理・データ入力,情報処理・テープ起こし,こもれび第8,,2314300233,突合済み,office_no,こもれび第8,安城市,公表データ,愛知県 工賃実績（主な作業内容）,https://www.pref.aichi.jp/soshiki/shogai/kouchin-jisseki.html,695ca9603d870e9e
愛知県,情報処理・データ入力,情報処理・テープ起こし,たなごころ金山LAB,,2311100776,突合済み,office_no,たなごころ 金山ＬＡＢ,名古屋市熱田区,公表データ,愛知県 工賃実績（主な作業内容）,https://www.pref.aichi.jp/soshiki/shogai/kouchin-jisseki.html,53afb9a764c87399
愛知県,情報処理・データ入力,情報処理・テープ起こし,はっぴーらんど,,2318100894,突合済み,office_no,はっぴーらんど,名古屋市南区,公表データ,愛知県 工賃実績（主な作業内容）,https://www.pref.aichi.jp/soshiki/shogai/kouchin-jisseki.html,57c5c8db3810905e
愛知県,情報処理・データ入力,情報処理・テープ起こし,はっぴーらんど半田,,2318200793,突合済み,office_no,はっぴーらんど半田,半田市,公表データ,愛知県 工賃実績（主な作業内容）,https://www.pref.aichi.jp/soshiki/shogai/kouchin-jisseki.html,a8ef5a2182711165
愛知県,情報処理・データ入力,情報処理・テープ起こし,ひだまり,,2318100498,突合済み,office_no,ひだまり,名古屋市南区,公表データ,愛知県 工賃実績（主な作業内容）,https://www.pref.aichi.jp/soshiki/shogai/kouchin-jisseki.html,b76cda4f912b00d3
愛知県,情報処理・データ入力,情報処理・テープ起こし,まっくびーの丘 太閤通,,2310100686,突合済み,office_no,まっくびーの丘　太閤通,名古屋市中村区,公表データ,愛知県 工賃実績（主な作業内容）,https://www.pref.aichi.jp/soshiki/shogai/kouchin-jisseki.html,982e43d6e0eca3b6
愛知県,情報処理・データ入力,情報処理・テープ起こし,アドバンスアップ株式会社 アドバンスアップ,,2316101159,突合済み,office_no,アドバンスアップ,名古屋市中区,公表データ,愛知県 工賃実績（主な作業内容）,https://www.pref.aichi.jp/soshiki/shogai/kouchin-jisseki.html,8f1c5f4be797d2df
愛知県,情報処理・データ入力,情報処理・テープ起こし,イーネットビズ,,2315100954,突合済み,office_no,イーネットビズ,豊橋市,公表データ,愛知県 工賃実績（主な作業内容）,https://www.pref.aichi.jp/soshiki/shogai/kouchin-jisseki.html,ff8030b354687aac
愛知県,情報処理・データ入力,情報処理・テープ起こし,エスリンク,,2317200372,突合済み,office_no,エスリンク,名古屋市東区,公表データ,愛知県 工賃実績（主な作業内容）,https://www.pref.aichi.jp/soshiki/shogai/kouchin-jisseki.html,75801fac9eb5ba87
愛知県,情報処理・データ入力,情報処理・テープ起こし,オレンジ,,2310201336,突合済み,office_no,オレンジ,名古屋市西区,公表データ,愛知県 工賃実績（主な作業内容）,https://www.pref.aichi.jp/soshiki/shogai/kouchin-jisseki.html,ff0b46b30ef3ee4d
愛知県,情報処理・データ入力,情報処理・テープ起こし,クローバー,,2310100488,突合済み,office_no,クローバー,名古屋市中村区,公表データ,愛知県 工賃実績（主な作業内容）,https://www.pref.aichi.jp/soshiki/shogai/kouchin-jisseki.html,a03550268d6ccc5c
愛知県,情報処理・データ入力,情報処理・テープ起こし,ジョイキャス,,2316401518,突合済み,office_no,ジョイキャス,名古屋市天白区,公表データ,愛知県 工賃実績（主な作業内容）,https://www.pref.aichi.jp/soshiki/shogai/kouchin-jisseki.html,4b73e5783327c2c9
愛知県,情報処理・データ入力,情報処理・テープ起こし,ステラワークス,,2317101422,突合済み,office_no,ステラワークス,名古屋市千種区,公表データ,愛知県 工賃実績（主な作業内容）,https://www.pref.aichi.jp/soshiki/shogai/kouchin-jisseki.html,13f36afbf9bbcaef
愛知県,情報処理・データ入力,情報処理・テープ起こし,テリオス,,2316100599,突合済み,office_no,テリオス,名古屋市中区,公表データ,愛知県 工賃実績（主な作業内容）,https://www.pref.aichi.jp/soshiki/shogai/kouchin-jisseki.html,a06741bb7f11f6f2
愛知県,情報処理・データ入力,情報処理・テープ起こし,テリオスAlpha,,2316100854,突合済み,office_no,テリオスＡｌｐｈａ,名古屋市中区,公表データ,愛知県 工賃実績（主な作業内容）,https://www.pref.aichi.jp/soshiki/shogai/kouchin-jisseki.html,706b2107e28b8677
愛知県,情報処理・データ入力,情報処理・テープ起こし,ネクスト・ステージ,,2316100532,突合済み,office_no,ネクスト・ステージ,名古屋市中区,公表データ,愛知県 工賃実績（主な作業内容）,https://www.pref.aichi.jp/soshiki/shogai/kouchin-jisseki.html,19fd5c6286365e0e
愛知県,情報処理・データ入力,情報処理・テープ起こし,フィカス株式会社,,2318000581,突合済み,office_no,フィカス株式会社,名古屋市名東区,公表データ,愛知県 工賃実績（主な作業内容）,https://www.pref.aichi.jp/soshiki/shogai/kouchin-jisseki.html,89e95e69968f3e0e
愛知県,情報処理・データ入力,情報処理・テープ起こし,フローラ,,2311300962,突合済み,office_no,フローラ,名古屋市中川区,公表データ,愛知県 工賃実績（主な作業内容）,https://www.pref.aichi.jp/soshiki/shogai/kouchin-jisseki.html,7af35610f204d2c5
愛知県,情報処理・データ入力,情報処理・テープ起こし,ベリービー,,2317101380,突合済み,office_no,ベリービー,名古屋市千種区,公表データ,愛知県 工賃実績（主な作業内容）,https://www.pref.aichi.jp/soshiki/shogai/kouchin-jisseki.html,e084fdc3204043e7
愛知県,情報処理・データ入力,情報処理・テープ起こし,ロングサポート,,2316100516,突合済み,office_no,ロングサポート,名古屋市中区,公表データ,愛知県 工賃実績（主な作業内容）,https://www.pref.aichi.jp/soshiki/shogai/kouchin-jisseki.html,4906281b5b782170
愛知県,情報処理・データ入力,情報処理・テープ起こし,中部福祉事業株式会社,,2318100829,突合済み,office_no,中部福祉事業株式会社,名古屋市南区,公表データ,愛知県 工賃実績（主な作業内容）,https://www.pref.aichi.jp/soshiki/shogai/kouchin-jisseki.html,a8b5d33d0d5bdf18
愛知県,情報処理・データ入力,情報処理・テープ起こし,合同会社ライアート,,2317400600,突合済み,office_no,ビーハイブ,瀬戸市,公表データ,愛知県 工賃実績（主な作業内容）,https://www.pref.aichi.jp/soshiki/shogai/kouchin-jisseki.html,30c253415f84ce3a
愛知県,情報処理・データ入力,情報処理・テープ起こし,株式会社エイトプラン,,,未突合,unmatched,,,公表データ,愛知県 工賃実績（主な作業内容）,https://www.pref.aichi.jp/soshiki/shogai/kouchin-jisseki.html,
愛知県,情報処理・データ入力,情報処理・テープ起こし,株式会社スポNAGO,,2310101494,突合済み,office_no,就労継続支援Ａ型事業所スポＮＡＧＯ,名古屋市中村区,公表データ,愛知県 工賃実績（主な作業内容）,https://www.pref.aichi.jp/soshiki/shogai/kouchin-jisseki.html,31a7349adbbe2967
愛知県,情報処理・データ入力,情報処理・テープ起こし,株式会社マーシフルハート ハーモニー,,2311300558,突合済み,office_no,ハーモニー,名古屋市中川区,公表データ,愛知県 工賃実績（主な作業内容）,https://www.pref.aichi.jp/soshiki/shogai/kouchin-jisseki.html,e6338046f69c2cb2
愛知県,情報処理・データ入力,情報処理・テープ起こし,社会福祉法人tomoni plus UNIBO Tech 新栄,,2316101894,突合済み,office_no,ＵＮＩＢＯＴｅｃｈ新栄,名古屋市中区,公表データ,愛知県 工賃実績（主な作業内容）,https://www.pref.aichi.jp/soshiki/shogai/kouchin-jisseki.html,9bf0652fcb68eb2e
愛知県,情報処理・データ入力,情報処理・テープ起こし,雇用促進組合,,2314300340,突合済み,office_no,雇用促進組合,知立市,公表データ,愛知県 工賃実績（主な作業内容）,https://www.pref.aichi.jp/soshiki/shogai/kouchin-jisseki.html,763cdff5d976f8cf
愛知県,情報処理・データ入力,情報処理・テープ起こし,＠めぐみる名駅,,2316101365,突合済み,office_no+name,＠めぐみる名駅,名古屋市中区,公表データ,愛知県 工賃実績（主な作業内容）,https://www.pref.aichi.jp/soshiki/shogai/kouchin-jisseki.html,9a8210b990bb784c
愛知県,情報処理・データ入力,情報処理・テープ起こし,＠めぐみる金山,,2316101092,突合済み,office_no+name,＠めぐみる金山,名古屋市中区,公表データ,愛知県 工賃実績（主な作業内容）,https://www.pref.aichi.jp/soshiki/shogai/kouchin-jisseki.html,243d4637aba2d1b2
愛知県,清掃・施設管理,清掃・施設管理,1180305004009,,2315200382,突合済み,office_no,就労支援事業所どんぐり工房,豊川市,公表データ,愛知県 工賃実績（主な作業内容）,https://www.pref.aichi.jp/soshiki/shogai/kouchin-jisseki.html,f07311a4919a8157
愛知県,清掃・施設管理,清掃・施設管理,2180005007104,,2316401815,突合済み,office_no,指定就労継続支援施設オリーブ,名古屋市天白区,公表データ,愛知県 工賃実績（主な作業内容）,https://www.pref.aichi.jp/soshiki/shogai/kouchin-jisseki.html,d2eaf33b1e172cb4
愛知県,清掃・施設管理,清掃・施設管理,2180005016022,,2311100834,突合済み,office_no,就労継続支援Ｂ型事業所きぼうⅢ,名古屋市熱田区,公表データ,愛知県 工賃実績（主な作業内容）,https://www.pref.aichi.jp/soshiki/shogai/kouchin-jisseki.html,49354e437e3d9568
愛知県,清掃・施設管理,清掃・施設管理,2180005016022,,2311200717,突合済み,office_no,就労継続支援Ｂ型事業所きぼう,名古屋市港区,公表データ,愛知県 工賃実績（主な作業内容）,https://www.pref.aichi.jp/soshiki/shogai/kouchin-jisseki.html,1ccf40116b55d862
愛知県,清掃・施設管理,清掃・施設管理,4180005002854,,,未突合,unmatched,,,公表データ,愛知県 工賃実績（主な作業内容）,https://www.pref.aichi.jp/soshiki/shogai/kouchin-jisseki.html,
愛知県,清掃・施設管理,清掃・施設管理,6180305002437,,,未突合,unmatched,,,公表データ,愛知県 工賃実績（主な作業内容）,https://www.pref.aichi.jp/soshiki/shogai/kouchin-jisseki.html,
愛知県,清掃・施設管理,清掃・施設管理,7180005002760,,2317700538,突合済み,office_no,ななつぼし葡萄酒工房,小牧市,公表データ,愛知県 工賃実績（主な作業内容）,https://www.pref.aichi.jp/soshiki/shogai/kouchin-jisseki.html,7dcb5d91073fcd2f
愛知県,清掃・施設管理,清掃・施設管理,7180305003426,,2315102083,突合済み,office_no,アウトリーチとよはし「まちなか」,豊橋市,公表データ,愛知県 工賃実績（主な作業内容）,https://www.pref.aichi.jp/soshiki/shogai/kouchin-jisseki.html,8cd958d7e48c8650
愛知県,清掃・施設管理,清掃・施設管理,7180305006593,,,未突合,unmatched,,,公表データ,愛知県 工賃実績（主な作業内容）,https://www.pref.aichi.jp/soshiki/shogai/kouchin-jisseki.html,
愛知県,清掃・施設管理,清掃・施設管理,7180305009150,,2313101723,突合済み,office_no,就労継続支援B型アルクス,岡崎市,公表データ,愛知県 工賃実績（主な作業内容）,https://www.pref.aichi.jp/soshiki/shogai/kouchin-jisseki.html,09d205b53af2a581
愛知県,清掃・施設管理,清掃・施設管理,8180005016776,,2312800614,突合済み,office_no,就労継続支援青空工房　高御堂店,稲沢市,公表データ,愛知県 工賃実績（主な作業内容）,https://www.pref.aichi.jp/soshiki/shogai/kouchin-jisseki.html,c03f7833a875a73a
愛知県,清掃・施設管理,清掃・施設管理,8180303006410,,,未突合,unmatched,,,公表データ,愛知県 工賃実績（主な作業内容）,https://www.pref.aichi.jp/soshiki/shogai/kouchin-jisseki.html,
愛知県,清掃・施設管理,清掃・施設管理,8180305003391,,,未突合,unmatched,,,公表データ,愛知県 工賃実績（主な作業内容）,https://www.pref.aichi.jp/soshiki/shogai/kouchin-jisseki.html,
愛知県,清掃・施設管理,清掃・施設管理,9180305007846,,2315800199,突合済み,office_no,レインボーのお菓子やさん,新城市,公表データ,愛知県 工賃実績（主な作業内容）,https://www.pref.aichi.jp/soshiki/shogai/kouchin-jisseki.html,de7defe2a5fb9485
愛知県,清掃・施設管理,清掃・施設管理,As1Piece,,2313101046,突合済み,office_no,As1Piece,岡崎市,公表データ,愛知県 工賃実績（主な作業内容）,https://www.pref.aichi.jp/soshiki/shogai/kouchin-jisseki.html,4504aaaefdf19255
愛知県,清掃・施設管理,清掃・施設管理,Connect,,2316100995,突合済み,office_no,Ｃｏｎｎｅｃｔ,名古屋市千種区,公表データ,愛知県 工賃実績（主な作業内容）,https://www.pref.aichi.jp/soshiki/shogai/kouchin-jisseki.html,d7deb43552879e8d
愛知県,清掃・施設管理,清掃・施設管理,Daysグループ（ワークス）,,2310500810,突合済み,office_no,Ｄａｙｓワークス,清須市,公表データ,愛知県 工賃実績（主な作業内容）,https://www.pref.aichi.jp/soshiki/shogai/kouchin-jisseki.html,0fd1396f00863629
愛知県,清掃・施設管理,清掃・施設管理,J'sワークス,,2313401958,突合済み,office_no,Ｊ’ｓワークス,豊田市,公表データ,愛知県 工賃実績（主な作業内容）,https://www.pref.aichi.jp/soshiki/shogai/kouchin-jisseki.html,98d1d951d40f33dc
愛知県,清掃・施設管理,清掃・施設管理,LAVITA,,2310100884,突合済み,office_no,ＬＡＶＩＴＡ,名古屋市中村区,公表データ,愛知県 工賃実績（主な作業内容）,https://www.pref.aichi.jp/soshiki/shogai/kouchin-jisseki.html,482c23783d511825
愛知県,清掃・施設管理,清掃・施設管理,NEVERLAND＆STORY,,2318400542,突合済み,office_no+name,ＮＥＶＥＲＬＡＮＤ＆STORY,知多郡南知多町,公表データ,愛知県 工賃実績（主な作業内容）,https://www.pref.aichi.jp/soshiki/shogai/kouchin-jisseki.html,b537aad5d776bc86
愛知県,清掃・施設管理,清掃・施設管理,NOAH,,2310100876,突合済み,office_no,ＮＯＡＨ,名古屋市中村区,公表データ,愛知県 工賃実績（主な作業内容）,https://www.pref.aichi.jp/soshiki/shogai/kouchin-jisseki.html,77da9dfcca091e8a
愛知県,清掃・施設管理,清掃・施設管理,ONEGAME名古屋名東,,2318001779,突合済み,office_no,ＯＮＥＧＡＭＥ名古屋名東,名古屋市名東区,公表データ,愛知県 工賃実績（主な作業内容）,https://www.pref.aichi.jp/soshiki/shogai/kouchin-jisseki.html,e03a8a8dccd6df35
愛知県,清掃・施設管理,清掃・施設管理,SMILE LIFE KURA,,2315201166,突合済み,office_no,就労継続支援B型　ＳＭＩＬＥ　ＬＩＦＥ　ＫＵＲＡ,豊川市,公表データ,愛知県 工賃実績（主な作業内容）,https://www.pref.aichi.jp/soshiki/shogai/kouchin-jisseki.html,feb1af8b315852a2
愛知県,清掃・施設管理,清掃・施設管理,ZORN,,2317101257,突合済み,office_no,ＺＯＲＮ,名古屋市千種区,公表データ,愛知県 工賃実績（主な作業内容）,https://www.pref.aichi.jp/soshiki/shogai/kouchin-jisseki.html,0cca2ba06fb353cf
愛知県,清掃・施設管理,清掃・施設管理,joWin,,2318900327,突合済み,office_no,ｊｏＷｉｎ,知多市,公表データ,愛知県 工賃実績（主な作業内容）,https://www.pref.aichi.jp/soshiki/shogai/kouchin-jisseki.html,cf1c7878c061224c
愛知県,清掃・施設管理,清掃・施設管理,minaka,,2315101077,突合済み,office_no,ｍｉｎａｋａ,豊橋市,公表データ,愛知県 工賃実績（主な作業内容）,https://www.pref.aichi.jp/soshiki/shogai/kouchin-jisseki.html,68e3901e74f4afb3
愛知県,清掃・施設管理,清掃・施設管理,あいわ福祉サービス,,2317301592,突合済み,office_no,あいわ福祉サービス,名古屋市北区,公表データ,愛知県 工賃実績（主な作業内容）,https://www.pref.aichi.jp/soshiki/shogai/kouchin-jisseki.html,d7ec3c972cd6ece0
愛知県,清掃・施設管理,清掃・施設管理,あけびの実,,2318800220,突合済み,office_no,あけびの実,大府市,公表データ,愛知県 工賃実績（主な作業内容）,https://www.pref.aichi.jp/soshiki/shogai/kouchin-jisseki.html,f3bc2a5e40845de5
愛知県,清掃・施設管理,清掃・施設管理,あけび苑,,2318800048,突合済み,office_no,あけび苑,大府市,公表データ,愛知県 工賃実績（主な作業内容）,https://www.pref.aichi.jp/soshiki/shogai/kouchin-jisseki.html,4c31a9afa01deb53
愛知県,清掃・施設管理,清掃・施設管理,あじま作業所第二,,2317300693,突合済み,office_no,あじま作業所第二,名古屋市北区,公表データ,愛知県 工賃実績（主な作業内容）,https://www.pref.aichi.jp/soshiki/shogai/kouchin-jisseki.html,be56e1c95060ef1c
愛知県,清掃・施設管理,清掃・施設管理,いぼりの里,,2312800044,突合済み,office_no,いぼりの里,稲沢市,公表データ,愛知県 工賃実績（主な作業内容）,https://www.pref.aichi.jp/soshiki/shogai/kouchin-jisseki.html,8b4539a5c9d394c8
愛知県,清掃・施設管理,清掃・施設管理,い～まL&O.C.S守山,,2317100820,突合済み,office_no,い〜まＬ＆Ｏ．Ｃ．Ｓ守山,名古屋市守山区,公表データ,愛知県 工賃実績（主な作業内容）,https://www.pref.aichi.jp/soshiki/shogai/kouchin-jisseki.html,879ebcc5f325223d
愛知県,清掃・施設管理,清掃・施設管理,い～まL＆O.C.S大治,,2310500802,突合済み,office_no,いーまＬ＆Ｏ.Ｃ.Ｓ大治,海部郡大治町,公表データ,愛知県 工賃実績（主な作業内容）,https://www.pref.aichi.jp/soshiki/shogai/kouchin-jisseki.html,001e9e8e3dee089b
愛知県,清掃・施設管理,清掃・施設管理,かなえ,,2317501373,突合済み,office_no,かなえ,春日井市,公表データ,愛知県 工賃実績（主な作業内容）,https://www.pref.aichi.jp/soshiki/shogai/kouchin-jisseki.html,043660628d362815
愛知県,清掃・施設管理,清掃・施設管理,げんき,,2313101343,突合済み,office_no,げんき,岡崎市,公表データ,愛知県 工賃実績（主な作業内容）,https://www.pref.aichi.jp/soshiki/shogai/kouchin-jisseki.html,a1b89c707907277b
愛知県,清掃・施設管理,清掃・施設管理,こだま,,2318501513,突合済み,office_no,こだま,名古屋市緑区,公表データ,愛知県 工賃実績（主な作業内容）,https://www.pref.aichi.jp/soshiki/shogai/kouchin-jisseki.html,36c0e0d6d6b10090
愛知県,清掃・施設管理,清掃・施設管理,さいおワークス,,2317501209,突合済み,office_no,さいおワークス,春日井市,公表データ,愛知県 工賃実績（主な作業内容）,https://www.pref.aichi.jp/soshiki/shogai/kouchin-jisseki.html,ccf452bdbb7a9768
愛知県,清掃・施設管理,清掃・施設管理,さくら・ワーク,,2312900091,突合済み,office_no,さくら・ワーク,岩倉市,公表データ,愛知県 工賃実績（主な作業内容）,https://www.pref.aichi.jp/soshiki/shogai/kouchin-jisseki.html,93f1a81d3dfc79f5
愛知県,清掃・施設管理,清掃・施設管理,すまいる工房,,2312102623,突合済み,office_no,すまいる工房,一宮市,公表データ,愛知県 工賃実績（主な作業内容）,https://www.pref.aichi.jp/soshiki/shogai/kouchin-jisseki.html,aacd8b4fa34f6426
愛知県,清掃・施設管理,清掃・施設管理,つゆはし作業所,,2311300020,突合済み,office_no,つゆはし作業所,名古屋市中川区,公表データ,愛知県 工賃実績（主な作業内容）,https://www.pref.aichi.jp/soshiki/shogai/kouchin-jisseki.html,bbe422676d14aecb
愛知県,清掃・施設管理,清掃・施設管理,てあてる豊橋,,2315101416,突合済み,office_no,てあてる豊橋,豊橋市,公表データ,愛知県 工賃実績（主な作業内容）,https://www.pref.aichi.jp/soshiki/shogai/kouchin-jisseki.html,0823341b3ced2477
愛知県,清掃・施設管理,清掃・施設管理,なないろ,,2313400885,突合済み,office_no,なないろ,豊田市,公表データ,愛知県 工賃実績（主な作業内容）,https://www.pref.aichi.jp/soshiki/shogai/kouchin-jisseki.html,124174f4e24fdee6
愛知県,清掃・施設管理,清掃・施設管理,なるみ作業所,,2318500036,突合済み,office_no,なるみ作業所,名古屋市緑区,公表データ,愛知県 工賃実績（主な作業内容）,https://www.pref.aichi.jp/soshiki/shogai/kouchin-jisseki.html,942b105b40979bb2
愛知県,清掃・施設管理,清掃・施設管理,にこまるサポート,,2317501464,突合済み,office_no,にこまるサポート,春日井市,公表データ,愛知県 工賃実績（主な作業内容）,https://www.pref.aichi.jp/soshiki/shogai/kouchin-jisseki.html,96a6469ab721471e
愛知県,清掃・施設管理,清掃・施設管理,にじいろワーク千音寺,,2311301283,突合済み,office_no,にじいろワーク千音寺,名古屋市中川区,公表データ,愛知県 工賃実績（主な作業内容）,https://www.pref.aichi.jp/soshiki/shogai/kouchin-jisseki.html,696dde0a94ba3dc5
愛知県,清掃・施設管理,清掃・施設管理,のぞみ,,2318700248,突合済み,office_no,のぞみ,東海市,公表データ,愛知県 工賃実績（主な作業内容）,https://www.pref.aichi.jp/soshiki/shogai/kouchin-jisseki.html,138517e4380380ad
愛知県,清掃・施設管理,清掃・施設管理,ひかりのさとファーム,,2318400062,突合済み,office_no,ひかりのさとファーム,知多郡東浦町,公表データ,愛知県 工賃実績（主な作業内容）,https://www.pref.aichi.jp/soshiki/shogai/kouchin-jisseki.html,7a44870427f2c528
愛知県,清掃・施設管理,清掃・施設管理,ふぅえん,,2310100751,突合済み,office_no,ふぅえん,名古屋市中川区,公表データ,愛知県 工賃実績（主な作業内容）,https://www.pref.aichi.jp/soshiki/shogai/kouchin-jisseki.html,c089432decde198d
愛知県,清掃・施設管理,清掃・施設管理,ふたばドリーム作業所,,2312101088,突合済み,office_no,ふたばドリーム作業所,一宮市,公表データ,愛知県 工賃実績（主な作業内容）,https://www.pref.aichi.jp/soshiki/shogai/kouchin-jisseki.html,3de16deb8f0d86d7
愛知県,清掃・施設管理,清掃・施設管理,ふたば作業所,,2317400055,突合済み,office_no,ふたば作業所,瀬戸市,公表データ,愛知県 工賃実績（主な作業内容）,https://www.pref.aichi.jp/soshiki/shogai/kouchin-jisseki.html,206e70b962536e30
愛知県,清掃・施設管理,清掃・施設管理,ふれあい工房アルゴ,,2313200103,突合済み,office_no,ふれあい工房　アルゴ,碧南市,公表データ,愛知県 工賃実績（主な作業内容）,https://www.pref.aichi.jp/soshiki/shogai/kouchin-jisseki.html,9322c599b73dd7e7
愛知県,清掃・施設管理,清掃・施設管理,ほまれの家中部,,2310500471,突合済み,office_no,ほまれの家中部,海部郡大治町,公表データ,愛知県 工賃実績（主な作業内容）,https://www.pref.aichi.jp/soshiki/shogai/kouchin-jisseki.html,ea17ca14b47ed23b
愛知県,清掃・施設管理,清掃・施設管理,ほまれの家千種,,2317101323,突合済み,office_no,ほまれの家千種,名古屋市千種区,公表データ,愛知県 工賃実績（主な作業内容）,https://www.pref.aichi.jp/soshiki/shogai/kouchin-jisseki.html,9d2fadfee126d7e1
愛知県,清掃・施設管理,清掃・施設管理,ほまれの家清須店,,2310600230,突合済み,office_no,ほまれの家清須店,清須市,公表データ,愛知県 工賃実績（主な作業内容）,https://www.pref.aichi.jp/soshiki/shogai/kouchin-jisseki.html,d2058f2f259d8e76
愛知県,清掃・施設管理,清掃・施設管理,みらくる,,2313300143,突合済み,office_no,みらくる,刈谷市,公表データ,愛知県 工賃実績（主な作業内容）,https://www.pref.aichi.jp/soshiki/shogai/kouchin-jisseki.html,a009ffac92b5792b
愛知県,清掃・施設管理,清掃・施設管理,めいせい元気ハウス,,2311300533,突合済み,office_no,めいせい元気ハウス,名古屋市中川区,公表データ,愛知県 工賃実績（主な作業内容）,https://www.pref.aichi.jp/soshiki/shogai/kouchin-jisseki.html,ea030735d5dfaae0
愛知県,清掃・施設管理,清掃・施設管理,ゆくりカネハチ,,2311302497,突合済み,office_no,ゆくりカネハチ,名古屋市中川区,公表データ,愛知県 工賃実績（主な作業内容）,https://www.pref.aichi.jp/soshiki/shogai/kouchin-jisseki.html,0c328567b938bc87
愛知県,清掃・施設管理,清掃・施設管理,るっくコーポレーション,,2318100696,突合済み,office_no,るっくコーポレーション,名古屋市南区,公表データ,愛知県 工賃実績（主な作業内容）,https://www.pref.aichi.jp/soshiki/shogai/kouchin-jisseki.html,60cb08413005f70c
愛知県,清掃・施設管理,清掃・施設管理,アイルBe,,2316401559,突合済み,office_no,アイルＢｅ,名古屋市天白区,公表データ,愛知県 工賃実績（主な作業内容）,https://www.pref.aichi.jp/soshiki/shogai/kouchin-jisseki.html,fa428c8c3f18ff9a
愛知県,清掃・施設管理,清掃・施設管理,アイル植田,,2316400965,突合済み,office_no,アイル植田,名古屋市天白区,公表データ,愛知県 工賃実績（主な作業内容）,https://www.pref.aichi.jp/soshiki/shogai/kouchin-jisseki.html,c1f6384585d0dea4
愛知県,清掃・施設管理,清掃・施設管理,アウトリーチとよはし,,2315100871,突合済み,corp_no+name,アウトリーチとよはし,豊橋市,公表データ,愛知県 工賃実績（主な作業内容）,https://www.pref.aichi.jp/soshiki/shogai/kouchin-jisseki.html,8fccaa35b8fabac6
愛知県,清掃・施設管理,清掃・施設管理,アウトリーチとよはし,,2315100871,突合済み,office_no,アウトリーチとよはし,豊橋市,公表データ,愛知県 工賃実績（主な作業内容）,https://www.pref.aichi.jp/soshiki/shogai/kouchin-jisseki.html,8fccaa35b8fabac6
愛知県,清掃・施設管理,清掃・施設管理,アクアキッチン,,2318700313,突合済み,office_no,アクアキッチン,東海市,公表データ,愛知県 工賃実績（主な作業内容）,https://www.pref.aichi.jp/soshiki/shogai/kouchin-jisseki.html,9b86601de8ae12ce
愛知県,清掃・施設管理,清掃・施設管理,アスミオン,,2313600526,突合済み,office_no,アスミオン,西尾市,公表データ,愛知県 工賃実績（主な作業内容）,https://www.pref.aichi.jp/soshiki/shogai/kouchin-jisseki.html,0e9d3726162f8bbc
愛知県,清掃・施設管理,清掃・施設管理,アルク,,2313300226,突合済み,office_no,アルク,刈谷市,公表データ,愛知県 工賃実績（主な作業内容）,https://www.pref.aichi.jp/soshiki/shogai/kouchin-jisseki.html,b742565247fe9e9d
愛知県,清掃・施設管理,清掃・施設管理,アース新瑞橋,,2311400986,突合済み,office_no,アース新瑞橋,名古屋市瑞穂区,公表データ,愛知県 工賃実績（主な作業内容）,https://www.pref.aichi.jp/soshiki/shogai/kouchin-jisseki.html,6cb152aa096bfacf
愛知県,清掃・施設管理,清掃・施設管理,アース春日井,,2317502645,突合済み,office_no,アース春日井,春日井市,公表データ,愛知県 工賃実績（主な作業内容）,https://www.pref.aichi.jp/soshiki/shogai/kouchin-jisseki.html,1ae4d3bd1406354c
愛知県,清掃・施設管理,清掃・施設管理,イーネ,,2312800390,突合済み,office_no,イーネ,稲沢市,公表データ,愛知県 工賃実績（主な作業内容）,https://www.pref.aichi.jp/soshiki/shogai/kouchin-jisseki.html,126f0e4318e1c41c
愛知県,清掃・施設管理,清掃・施設管理,イープB型事業所,,2317300750,突合済み,office_no,イープB型事業所,名古屋市東区,公表データ,愛知県 工賃実績（主な作業内容）,https://www.pref.aichi.jp/soshiki/shogai/kouchin-jisseki.html,de2aefa8f86842ee
愛知県,清掃・施設管理,清掃・施設管理,ウムカウンセリングルー,,2310200882,突合済み,office_no,指定就労継続支援施設ストック,名古屋市中川区,公表データ,愛知県 工賃実績（主な作業内容）,https://www.pref.aichi.jp/soshiki/shogai/kouchin-jisseki.html,fff9b0bdd47c20d8
愛知県,清掃・施設管理,清掃・施設管理,ウムカウンセリングルー,,2311200733,突合済み,office_no,指定就労継続支援施設まごころ工房,名古屋市港区,公表データ,愛知県 工賃実績（主な作業内容）,https://www.pref.aichi.jp/soshiki/shogai/kouchin-jisseki.html,f8ead5fc079cb9e6
愛知県,清掃・施設管理,清掃・施設管理,ウムカウンセリングルー,,2310200411,突合済み,office_no,指定就労継続支援施設ネリネ,名古屋市北区,公表データ,愛知県 工賃実績（主な作業内容）,https://www.pref.aichi.jp/soshiki/shogai/kouchin-jisseki.html,5b0caf91cc0f1125
愛知県,清掃・施設管理,清掃・施設管理,エスリンク,,2317200372,突合済み,office_no,エスリンク,名古屋市東区,公表データ,愛知県 工賃実績（主な作業内容）,https://www.pref.aichi.jp/soshiki/shogai/kouchin-jisseki.html,75801fac9eb5ba87
愛知県,清掃・施設管理,清掃・施設管理,オズ（OZ）,,2310101247,突合済み,office_no,オズ（ＯＺ）,名古屋市天白区,公表データ,愛知県 工賃実績（主な作業内容）,https://www.pref.aichi.jp/soshiki/shogai/kouchin-jisseki.html,5ea5e89a2e10ac40
愛知県,清掃・施設管理,清掃・施設管理,オレンジホーム,,2315300125,突合済み,office_no+name,オレンジホーム,蒲郡市,公表データ,愛知県 工賃実績（主な作業内容）,https://www.pref.aichi.jp/soshiki/shogai/kouchin-jisseki.html,dbb97abbb8d25a6e
愛知県,清掃・施設管理,清掃・施設管理,カネハチ学び舎商店,,2311301903,突合済み,office_no,カネハチ学び舎商店,名古屋市中川区,公表データ,愛知県 工賃実績（主な作業内容）,https://www.pref.aichi.jp/soshiki/shogai/kouchin-jisseki.html,b1e84c24fa093761
愛知県,清掃・施設管理,清掃・施設管理,ガーネット,,2310501115,突合済み,office_no,ガーネット,海部郡大治町,公表データ,愛知県 工賃実績（主な作業内容）,https://www.pref.aichi.jp/soshiki/shogai/kouchin-jisseki.html,d0140c37872ea688
愛知県,清掃・施設管理,清掃・施設管理,グリーンサービスメイトウ,,2318000474,突合済み,office_no,グリーンサービスメイトウ,名古屋市名東区,公表データ,愛知県 工賃実績（主な作業内容）,https://www.pref.aichi.jp/soshiki/shogai/kouchin-jisseki.html,0c389f5acd419113
愛知県,清掃・施設管理,清掃・施設管理,グリーンフィールド,,2315200747,突合済み,office_no,グリーンフィールド,豊川市,公表データ,愛知県 工賃実績（主な作業内容）,https://www.pref.aichi.jp/soshiki/shogai/kouchin-jisseki.html,f288d208eba73334
愛知県,清掃・施設管理,清掃・施設管理,コトナスキルト,,2313300655,突合済み,office_no,コトナスキルト,刈谷市,公表データ,愛知県 工賃実績（主な作業内容）,https://www.pref.aichi.jp/soshiki/shogai/kouchin-jisseki.html,05f947bf483b681f
愛知県,清掃・施設管理,清掃・施設管理,コロモリ,,2313402113,突合済み,office_no,コロモリ,豊田市,公表データ,愛知県 工賃実績（主な作業内容）,https://www.pref.aichi.jp/soshiki/shogai/kouchin-jisseki.html,6bb801bc022e44ae
愛知県,清掃・施設管理,清掃・施設管理,サイクルサービスなごや,,2310200817,突合済み,office_no,サイクルサービスなごや,名古屋市西区,公表データ,愛知県 工賃実績（主な作業内容）,https://www.pref.aichi.jp/soshiki/shogai/kouchin-jisseki.html,84eb065454ca5dbc
愛知県,清掃・施設管理,清掃・施設管理,サンタ工場,,2310000258,突合済み,office_no+name,サンタ工場,みよし市,公表データ,愛知県 工賃実績（主な作業内容）,https://www.pref.aichi.jp/soshiki/shogai/kouchin-jisseki.html,8896aa18cc4004b8
愛知県,清掃・施設管理,清掃・施設管理,サンワーク,,2317100291,突合済み,office_no,サンワーク,名古屋市東区,公表データ,愛知県 工賃実績（主な作業内容）,https://www.pref.aichi.jp/soshiki/shogai/kouchin-jisseki.html,be645b5ffb232db0
愛知県,清掃・施設管理,清掃・施設管理,シエンテラス,,2317502520,突合済み,office_no,シエンテラス,春日井市,公表データ,愛知県 工賃実績（主な作業内容）,https://www.pref.aichi.jp/soshiki/shogai/kouchin-jisseki.html,ee731e8e10564859
愛知県,清掃・施設管理,清掃・施設管理,シンプルライフ,,2316100607,突合済み,office_no,シンプルライフ,名古屋市中区,公表データ,愛知県 工賃実績（主な作業内容）,https://www.pref.aichi.jp/soshiki/shogai/kouchin-jisseki.html,c500ea14a5901339
愛知県,清掃・施設管理,清掃・施設管理,ジョイナスえかく,,2313400745,突合済み,office_no,ジョイナスえかく,豊田市,公表データ,愛知県 工賃実績（主な作業内容）,https://www.pref.aichi.jp/soshiki/shogai/kouchin-jisseki.html,fb015e4ca5dd2feb
愛知県,清掃・施設管理,清掃・施設管理,ジョイナスたかおか,,2313400711,突合済み,office_no+name,ジョイナスたかおか,豊田市,公表データ,愛知県 工賃実績（主な作業内容）,https://www.pref.aichi.jp/soshiki/shogai/kouchin-jisseki.html,43e7151ad36553b8
愛知県,清掃・施設管理,清掃・施設管理,ジョイナスふれあい,,2313400703,突合済み,office_no+name,ジョイナスふれあい,豊田市,公表データ,愛知県 工賃実績（主な作業内容）,https://www.pref.aichi.jp/soshiki/shogai/kouchin-jisseki.html,cdf240b353afa5eb
愛知県,清掃・施設管理,清掃・施設管理,ジョブコラボ半田,,2318200421,突合済み,office_no,ジョブコラボ半田,半田市,公表データ,愛知県 工賃実績（主な作業内容）,https://www.pref.aichi.jp/soshiki/shogai/kouchin-jisseki.html,2ef5436e278935f9
愛知県,清掃・施設管理,清掃・施設管理,ジョブスマイルサービス,,2314200052,突合済み,office_no,ジョブスマイルサービス,高浜市,公表データ,愛知県 工賃実績（主な作業内容）,https://www.pref.aichi.jp/soshiki/shogai/kouchin-jisseki.html,a80b73f29bbb5011
愛知県,清掃・施設管理,清掃・施設管理,ジョブハウスむつみ,,2315200275,突合済み,office_no,就労継続支援事業所　ジョブハウスむつみ,豊川市,公表データ,愛知県 工賃実績（主な作業内容）,https://www.pref.aichi.jp/soshiki/shogai/kouchin-jisseki.html,42b242273138775b
愛知県,清掃・施設管理,清掃・施設管理,セレソ,,2318000276,突合済み,office_no,セレソ,名古屋市名東区,公表データ,愛知県 工賃実績（主な作業内容）,https://www.pref.aichi.jp/soshiki/shogai/kouchin-jisseki.html,09220bd6afe1bbc0
愛知県,清掃・施設管理,清掃・施設管理,ソレイユ中村,,2310101171,突合済み,office_no,ソレイユ中村,名古屋市中村区,公表データ,愛知県 工賃実績（主な作業内容）,https://www.pref.aichi.jp/soshiki/shogai/kouchin-jisseki.html,e058f37efe2d1c33
愛知県,清掃・施設管理,清掃・施設管理,チャレンジハウス弥富,,2310900044,突合済み,office_no,チャレンジハウス弥富,弥富市,公表データ,愛知県 工賃実績（主な作業内容）,https://www.pref.aichi.jp/soshiki/shogai/kouchin-jisseki.html,89af35f5ed97b87d
愛知県,清掃・施設管理,清掃・施設管理,チャレンジライフ,,2316100615,突合済み,office_no,チャレンジライフ,名古屋市中区,公表データ,愛知県 工賃実績（主な作業内容）,https://www.pref.aichi.jp/soshiki/shogai/kouchin-jisseki.html,861814aa0d3177d8
愛知県,清掃・施設管理,清掃・施設管理,ドリフ株式会社,,2317701072,突合済み,office_no,障がい者就労継続支援Ｂ型事業所　ドリフ３ｒｄ,小牧市,公表データ,愛知県 工賃実績（主な作業内容）,https://www.pref.aichi.jp/soshiki/shogai/kouchin-jisseki.html,a94492f8430de472
愛知県,清掃・施設管理,清掃・施設管理,ドリームハウス,,2318300056,突合済み,office_no+name,ドリームハウス,東海市,公表データ,愛知県 工賃実績（主な作業内容）,https://www.pref.aichi.jp/soshiki/shogai/kouchin-jisseki.html,443e86c933cdd716
愛知県,清掃・施設管理,清掃・施設管理,ドルフィンくん,,2310100934,突合済み,office_no,ドルフィンくん,名古屋市中村区,公表データ,愛知県 工賃実績（主な作業内容）,https://www.pref.aichi.jp/soshiki/shogai/kouchin-jisseki.html,4abfb1804be62bd3
愛知県,清掃・施設管理,清掃・施設管理,ハッピーA型,,2310500331,突合済み,office_no,ハッピー,海部郡蟹江町,公表データ,愛知県 工賃実績（主な作業内容）,https://www.pref.aichi.jp/soshiki/shogai/kouchin-jisseki.html,45a3bd212754c150
愛知県,清掃・施設管理,清掃・施設管理,ハッピーB型,,2310500331,突合済み,office_no,ハッピー,海部郡蟹江町,公表データ,愛知県 工賃実績（主な作業内容）,https://www.pref.aichi.jp/soshiki/shogai/kouchin-jisseki.html,45a3bd212754c150
愛知県,清掃・施設管理,清掃・施設管理,ハニービー名古屋,,2310101684,突合済み,office_no,ハニービー名古屋,名古屋市中村区,公表データ,愛知県 工賃実績（主な作業内容）,https://www.pref.aichi.jp/soshiki/shogai/kouchin-jisseki.html,ac97ad527ea6badd
愛知県,清掃・施設管理,清掃・施設管理,ハートジョブ,,2318000821,突合済み,office_no,ハートジョブ,名古屋市名東区,公表データ,愛知県 工賃実績（主な作業内容）,https://www.pref.aichi.jp/soshiki/shogai/kouchin-jisseki.html,97b9ba0872a70bff
愛知県,清掃・施設管理,清掃・施設管理,ハートフルサポート,,2315101135,突合済み,office_no,ハートフルサポート,豊橋市,公表データ,愛知県 工賃実績（主な作業内容）,https://www.pref.aichi.jp/soshiki/shogai/kouchin-jisseki.html,dab90c44234b6eb6
愛知県,清掃・施設管理,清掃・施設管理,パンプキン,,2311200394,突合済み,office_no,パンプキン,名古屋市港区,公表データ,愛知県 工賃実績（主な作業内容）,https://www.pref.aichi.jp/soshiki/shogai/kouchin-jisseki.html,1e246503ad6d10ab
愛知県,清掃・施設管理,清掃・施設管理,ヒビキ福祉農園,,2319000358,突合済み,office_no,就労継続支援事業所　ヒビキ福祉農園,豊明市,公表データ,愛知県 工賃実績（主な作業内容）,https://www.pref.aichi.jp/soshiki/shogai/kouchin-jisseki.html,080b02ec10f3b3c2
愛知県,清掃・施設管理,清掃・施設管理,ピース,,2313600419,突合済み,office_no,ピース,西尾市,公表データ,愛知県 工賃実績（主な作業内容）,https://www.pref.aichi.jp/soshiki/shogai/kouchin-jisseki.html,8b1c91ce183f40c6
愛知県,清掃・施設管理,清掃・施設管理,フレンドいぼりの里,,2312800457,突合済み,office_no,フレンドいぼりの里,稲沢市,公表データ,愛知県 工賃実績（主な作業内容）,https://www.pref.aichi.jp/soshiki/shogai/kouchin-jisseki.html,f72d40114b90c3c5
愛知県,清掃・施設管理,清掃・施設管理,ブルーウィング,,2318700461,突合済み,office_no,ブルーウィング,東海市,公表データ,愛知県 工賃実績（主な作業内容）,https://www.pref.aichi.jp/soshiki/shogai/kouchin-jisseki.html,c0bdedce3f044d5c
愛知県,清掃・施設管理,清掃・施設管理,ブレイクスルー,,2315101622,突合済み,office_no,ブレイクスルー,豊橋市,公表データ,愛知県 工賃実績（主な作業内容）,https://www.pref.aichi.jp/soshiki/shogai/kouchin-jisseki.html,f8a8785fee19492d
愛知県,清掃・施設管理,清掃・施設管理,プラネット小牧,,2317701031,突合済み,office_no,プラネット小牧,小牧市,公表データ,愛知県 工賃実績（主な作業内容）,https://www.pref.aichi.jp/soshiki/shogai/kouchin-jisseki.html,64bba26b6779f2ca
愛知県,清掃・施設管理,清掃・施設管理,プラネット岡崎六名,,2313102481,突合済み,office_no,プラネット岡崎六名,岡崎市,公表データ,愛知県 工賃実績（主な作業内容）,https://www.pref.aichi.jp/soshiki/shogai/kouchin-jisseki.html,56aabb43f5c0faf2
愛知県,清掃・施設管理,清掃・施設管理,プラネット新瑞橋,,2311400994,突合済み,office_no,プラネット新瑞橋,名古屋市瑞穂区,公表データ,愛知県 工賃実績（主な作業内容）,https://www.pref.aichi.jp/soshiki/shogai/kouchin-jisseki.html,bbdca5a3bfef70fc
愛知県,清掃・施設管理,清掃・施設管理,プログレス,,2310300393,突合済み,office_no,プログレス,津島市,公表データ,愛知県 工賃実績（主な作業内容）,https://www.pref.aichi.jp/soshiki/shogai/kouchin-jisseki.html,28cdccd3e10d7347
愛知県,清掃・施設管理,清掃・施設管理,ヘルプステーションのどか,,2317500151,突合済み,office_no,ヘルプステーションのどか,春日井市,公表データ,愛知県 工賃実績（主な作業内容）,https://www.pref.aichi.jp/soshiki/shogai/kouchin-jisseki.html,5ff8e414ab384b48
愛知県,清掃・施設管理,清掃・施設管理,ベリービー,,2317101380,突合済み,office_no,ベリービー,名古屋市千種区,公表データ,愛知県 工賃実績（主な作業内容）,https://www.pref.aichi.jp/soshiki/shogai/kouchin-jisseki.html,e084fdc3204043e7
愛知県,清掃・施設管理,清掃・施設管理,ホンダ美創合同会社,,2318400666,突合済み,office_no,就労継続支援B型事業所　ココロもみもみ,知多郡南知多町,公表データ,愛知県 工賃実績（主な作業内容）,https://www.pref.aichi.jp/soshiki/shogai/kouchin-jisseki.html,df452b101b33be2a
愛知県,清掃・施設管理,清掃・施設管理,ホームワーク大樹寺,,2313101467,突合済み,office_no,ホームワーク大樹寺,岡崎市,公表データ,愛知県 工賃実績（主な作業内容）,https://www.pref.aichi.jp/soshiki/shogai/kouchin-jisseki.html,e17a229eb0c14760
愛知県,清掃・施設管理,清掃・施設管理,マーベラス,,2313100592,突合済み,office_no,マーベラス,岡崎市,公表データ,愛知県 工賃実績（主な作業内容）,https://www.pref.aichi.jp/soshiki/shogai/kouchin-jisseki.html,c05500a8485b8f09
愛知県,清掃・施設管理,清掃・施設管理,マーベラスⅡ,,2313101178,突合済み,office_no,マーベラスⅡ,岡崎市,公表データ,愛知県 工賃実績（主な作業内容）,https://www.pref.aichi.jp/soshiki/shogai/kouchin-jisseki.html,5bed879f0cb95478
愛知県,清掃・施設管理,清掃・施設管理,リハスワークせと,,2317400808,突合済み,office_no,リハスワークせと,瀬戸市,公表データ,愛知県 工賃実績（主な作業内容）,https://www.pref.aichi.jp/soshiki/shogai/kouchin-jisseki.html,11bf9af65f63236e
愛知県,清掃・施設管理,清掃・施設管理,リーフ原駅前事業所,,2316101126,突合済み,office_no+name,リーフ原駅前事業所,名古屋市天白区,公表データ,愛知県 工賃実績（主な作業内容）,https://www.pref.aichi.jp/soshiki/shogai/kouchin-jisseki.html,0ddbca42f525c474
愛知県,清掃・施設管理,清掃・施設管理,リーフ天白事業所,,2316401039,突合済み,office_no,リーフ天白事業所,名古屋市天白区,公表データ,愛知県 工賃実績（主な作業内容）,https://www.pref.aichi.jp/soshiki/shogai/kouchin-jisseki.html,808a171e092fafaa
愛知県,清掃・施設管理,清掃・施設管理,レインボーホーム,,2315200341,突合済み,office_no,就労継続支援事業所　レインボーホーム,豊川市,公表データ,愛知県 工賃実績（主な作業内容）,https://www.pref.aichi.jp/soshiki/shogai/kouchin-jisseki.html,da3f5ea549cbb40b
愛知県,清掃・施設管理,清掃・施設管理,レインボーワークス,,2317601546,突合済み,office_no,レインボーワークス,名古屋市守山区,公表データ,愛知県 工賃実績（主な作業内容）,https://www.pref.aichi.jp/soshiki/shogai/kouchin-jisseki.html,1de6123a4d908185
愛知県,清掃・施設管理,清掃・施設管理,ワークいぼりの里,,2312800291,突合済み,office_no,ワークいぼりの里,稲沢市,公表データ,愛知県 工賃実績（主な作業内容）,https://www.pref.aichi.jp/soshiki/shogai/kouchin-jisseki.html,146817f5987fc098
愛知県,清掃・施設管理,清掃・施設管理,ワークスタジオ藤が丘,,2318001480,突合済み,office_no,ワークスタジオ藤が丘,名古屋市名東区,公表データ,愛知県 工賃実績（主な作業内容）,https://www.pref.aichi.jp/soshiki/shogai/kouchin-jisseki.html,fb521452308f2018
愛知県,清掃・施設管理,清掃・施設管理,ワークセンターメイプル,,2318500853,突合済み,office_no,ワークセンターメイプル,名古屋市緑区,公表データ,愛知県 工賃実績（主な作業内容）,https://www.pref.aichi.jp/soshiki/shogai/kouchin-jisseki.html,f7bf02aba935f9e2
愛知県,清掃・施設管理,清掃・施設管理,ワークハウスみかんやま,,2316100326,突合済み,office_no,ワークハウスみかんやま,名古屋市中区,公表データ,愛知県 工賃実績（主な作業内容）,https://www.pref.aichi.jp/soshiki/shogai/kouchin-jisseki.html,3fe7daaa9ee729f1
愛知県,清掃・施設管理,清掃・施設管理,ワークプレイスまごころ,,2311201095,突合済み,office_no,ワークプレイスまごころ,名古屋市港区,公表データ,愛知県 工賃実績（主な作業内容）,https://www.pref.aichi.jp/soshiki/shogai/kouchin-jisseki.html,d52a0a26dd6fa131
愛知県,清掃・施設管理,清掃・施設管理,ワークホームハピネス,,2315200531,突合済み,office_no,就労継続支援事業所　ワークホーム　ハピネス,豊川市,公表データ,愛知県 工賃実績（主な作業内容）,https://www.pref.aichi.jp/soshiki/shogai/kouchin-jisseki.html,a12efdab39f8932e
愛知県,清掃・施設管理,清掃・施設管理,ワーク・ステップ,,2315102042,突合済み,office_no,ワーク・ステップ,豊橋市,公表データ,愛知県 工賃実績（主な作業内容）,https://www.pref.aichi.jp/soshiki/shogai/kouchin-jisseki.html,6862d3a1b6d5791b
愛知県,清掃・施設管理,清掃・施設管理,一般社団法人バンデ,,,未突合,unmatched,,,公表データ,愛知県 工賃実績（主な作業内容）,https://www.pref.aichi.jp/soshiki/shogai/kouchin-jisseki.html,
愛知県,清掃・施設管理,清掃・施設管理,中部メディカルサポート,,2315101051,突合済み,office_no,中部メディカルサポート,豊橋市,公表データ,愛知県 工賃実績（主な作業内容）,https://www.pref.aichi.jp/soshiki/shogai/kouchin-jisseki.html,ecae1899ae7e9801
愛知県,清掃・施設管理,清掃・施設管理,作業所のどか,,2317600548,突合済み,office_no,作業所のどか,名古屋市守山区,公表データ,愛知県 工賃実績（主な作業内容）,https://www.pref.aichi.jp/soshiki/shogai/kouchin-jisseki.html,8b6a3df6caf14491
愛知県,清掃・施設管理,清掃・施設管理,光和寮,,2316200365,突合済み,office_no,光和寮,名古屋市昭和区,公表データ,愛知県 工賃実績（主な作業内容）,https://www.pref.aichi.jp/soshiki/shogai/kouchin-jisseki.html,27097afe628e67ca
愛知県,清掃・施設管理,清掃・施設管理,医療法人 豊和会,,2313400257,突合済み,office_no,障害者自立支援施設　アーム,豊田市,公表データ,愛知県 工賃実績（主な作業内容）,https://www.pref.aichi.jp/soshiki/shogai/kouchin-jisseki.html,ad7ff58c63b4e4d4
愛知県,清掃・施設管理,清掃・施設管理,南医療生活協同組合,,2318501265,突合済み,office_no,南医療生協就労継続支援Ｂ型ま〜るいところ,名古屋市緑区,公表データ,愛知県 工賃実績（主な作業内容）,https://www.pref.aichi.jp/soshiki/shogai/kouchin-jisseki.html,decd7518fb259e87
愛知県,清掃・施設管理,清掃・施設管理,合同会社MOpower,,2310101759,突合済み,office_no,就労継続支援Ｂ型事業所Ｂチームズ,名古屋市中村区,公表データ,愛知県 工賃実績（主な作業内容）,https://www.pref.aichi.jp/soshiki/shogai/kouchin-jisseki.html,d53b1d5cacebc5e9
愛知県,清掃・施設管理,清掃・施設管理,多機能型事業所わかた,,2318501349,突合済み,office_no,多機能型事業所わかた,名古屋市緑区,公表データ,愛知県 工賃実績（主な作業内容）,https://www.pref.aichi.jp/soshiki/shogai/kouchin-jisseki.html,f9d0946be828688d
愛知県,清掃・施設管理,清掃・施設管理,多機能型事業所ハピラコ,,,未突合,unmatched,,,公表データ,愛知県 工賃実績（主な作業内容）,https://www.pref.aichi.jp/soshiki/shogai/kouchin-jisseki.html,
愛知県,清掃・施設管理,清掃・施設管理,安城市虹の家,,2313500239,突合済み,office_no,安城市虹の家,安城市,公表データ,愛知県 工賃実績（主な作業内容）,https://www.pref.aichi.jp/soshiki/shogai/kouchin-jisseki.html,b2aea8080b7b0fe1
愛知県,清掃・施設管理,清掃・施設管理,少年自立援助センター北,,2315300299,突合済み,office_no,多機能型就労支援事業所シャリオ,蒲郡市,公表データ,愛知県 工賃実績（主な作業内容）,https://www.pref.aichi.jp/soshiki/shogai/kouchin-jisseki.html,a3adc26e110b0212
愛知県,清掃・施設管理,清掃・施設管理,就労支援 きずな,,2313100774,突合済み,office_no,就労支援 きずな,岡崎市,公表データ,愛知県 工賃実績（主な作業内容）,https://www.pref.aichi.jp/soshiki/shogai/kouchin-jisseki.html,8f4c8d4a39fbc1ae
愛知県,清掃・施設管理,清掃・施設管理,就労支援 すぷらうと,,2313900140,突合済み,office_no,就労支援すぷらうと,額田郡幸田町,公表データ,愛知県 工賃実績（主な作業内容）,https://www.pref.aichi.jp/soshiki/shogai/kouchin-jisseki.html,e91e2599106b5bc9
愛知県,清掃・施設管理,清掃・施設管理,就労支援「楽種子」,,2318600299,突合済み,office_no,就労支援　楽種子,長久手市,公表データ,愛知県 工賃実績（主な作業内容）,https://www.pref.aichi.jp/soshiki/shogai/kouchin-jisseki.html,e06b5caec708a56e
愛知県,清掃・施設管理,清掃・施設管理,就労継続支援B型松の実,,2311300772,突合済み,office_no,就労継続支援Ｂ型　松の実,名古屋市中川区,公表データ,愛知県 工賃実績（主な作業内容）,https://www.pref.aichi.jp/soshiki/shogai/kouchin-jisseki.html,a8dc1030dc4f1c74
愛知県,清掃・施設管理,清掃・施設管理,春日井市福祉作業所,,2317500672,突合済み,office_no,春日井市福祉作業所,春日井市,公表データ,愛知県 工賃実績（主な作業内容）,https://www.pref.aichi.jp/soshiki/shogai/kouchin-jisseki.html,d415cb91bd754046
愛知県,清掃・施設管理,清掃・施設管理,有限会社メディアマガジン,,2318200900,突合済み,office_no,就労継続支援A型事業所　Ｓｉｌｕｓ,半田市,公表データ,愛知県 工賃実績（主な作業内容）,https://www.pref.aichi.jp/soshiki/shogai/kouchin-jisseki.html,ef4e3e0a8c8e2cf0
愛知県,清掃・施設管理,清掃・施設管理,有限会社愛興,,2310201583,突合済み,office_no,就労継続支援Ｂ型事業所　あいこう,名古屋市西区,公表データ,愛知県 工賃実績（主な作業内容）,https://www.pref.aichi.jp/soshiki/shogai/kouchin-jisseki.html,e121adbbf2691cad
愛知県,清掃・施設管理,清掃・施設管理,本郷作業所,,2318000946,突合済み,office_no,本郷作業所,名古屋市名東区,公表データ,愛知県 工賃実績（主な作業内容）,https://www.pref.aichi.jp/soshiki/shogai/kouchin-jisseki.html,c25e9b0e68160305
愛知県,清掃・施設管理,清掃・施設管理,東あけび苑,,2318800030,突合済み,office_no,東あけび苑,大府市,公表データ,愛知県 工賃実績（主な作業内容）,https://www.pref.aichi.jp/soshiki/shogai/kouchin-jisseki.html,6917033a5cf5d5ce
愛知県,清掃・施設管理,清掃・施設管理,東岡ワークス,,2313101095,突合済み,office_no,東岡ワークス,岡崎市,公表データ,愛知県 工賃実績（主な作業内容）,https://www.pref.aichi.jp/soshiki/shogai/kouchin-jisseki.html,17e4f68078b08ed0
愛知県,清掃・施設管理,清掃・施設管理,株式会社 さくらサポート こすもす,,2317502074,突合済み,office_no,こすもす,春日井市,公表データ,愛知県 工賃実績（主な作業内容）,https://www.pref.aichi.jp/soshiki/shogai/kouchin-jisseki.html,4db7c7d26316cf8e
愛知県,清掃・施設管理,清掃・施設管理,株式会社 さくらサポート ひまわり,,2317501720,突合済み,office_no,ひまわり,春日井市,公表データ,愛知県 工賃実績（主な作業内容）,https://www.pref.aichi.jp/soshiki/shogai/kouchin-jisseki.html,2e89688e90854118
愛知県,清掃・施設管理,清掃・施設管理,株式会社 テイウェル,,2317700793,突合済み,office_no,就労支援事業所テイウェル,小牧市,公表データ,愛知県 工賃実績（主な作業内容）,https://www.pref.aichi.jp/soshiki/shogai/kouchin-jisseki.html,77c43df0631107f3
愛知県,清掃・施設管理,清掃・施設管理,株式会社 縁案,,2315300349,突合済み,office_no,就労継続支援B型事業所　エニシアン・オフィス,蒲郡市,公表データ,愛知県 工賃実績（主な作業内容）,https://www.pref.aichi.jp/soshiki/shogai/kouchin-jisseki.html,df632899e6b1d070
愛知県,清掃・施設管理,清掃・施設管理,株式会社DIPPS,,,未突合,unmatched,,,公表データ,愛知県 工賃実績（主な作業内容）,https://www.pref.aichi.jp/soshiki/shogai/kouchin-jisseki.html,
愛知県,清掃・施設管理,清掃・施設管理,株式会社IQOL,,2312102839,突合済み,office_no,就労継続支援B型事業所　あいね,一宮市,公表データ,愛知県 工賃実績（主な作業内容）,https://www.pref.aichi.jp/soshiki/shogai/kouchin-jisseki.html,e1a4ed23bb3fae7e
愛知県,清掃・施設管理,清掃・施設管理,株式会社Y・シェノン,,2310700378,突合済み,office_no,多機能型事業所いしずえん,愛西市,公表データ,愛知県 工賃実績（主な作業内容）,https://www.pref.aichi.jp/soshiki/shogai/kouchin-jisseki.html,8cfc073a89ff6499
愛知県,清掃・施設管理,清掃・施設管理,株式会社e-DEL,,2310500950,突合済み,office_no,指定就労継続支援施設ダリア,あま市,公表データ,愛知県 工賃実績（主な作業内容）,https://www.pref.aichi.jp/soshiki/shogai/kouchin-jisseki.html,5c8003bbc2e1de55
愛知県,清掃・施設管理,清掃・施設管理,株式会社ひまわり,,2310101361,突合済み,office_no,ひまわりキッチン,名古屋市中村区,公表データ,愛知県 工賃実績（主な作業内容）,https://www.pref.aichi.jp/soshiki/shogai/kouchin-jisseki.html,750ac52c6f8f6845
愛知県,清掃・施設管理,清掃・施設管理,株式会社エンジョイ,,2312200377,突合済み,office_no,就労支援事業所　えんの里,江南市,公表データ,愛知県 工賃実績（主な作業内容）,https://www.pref.aichi.jp/soshiki/shogai/kouchin-jisseki.html,73a341809dc59639
愛知県,清掃・施設管理,清掃・施設管理,株式会社ザイゼン,,2316200902,突合済み,office_no,はるひな,名古屋市昭和区,公表データ,愛知県 工賃実績（主な作業内容）,https://www.pref.aichi.jp/soshiki/shogai/kouchin-jisseki.html,3a840c25f974736d
愛知県,清掃・施設管理,清掃・施設管理,株式会社ネイブレイン,,2313102143,突合済み,office_no,就労継続支援B型事業所TALACO岡崎洞町,岡崎市,公表データ,愛知県 工賃実績（主な作業内容）,https://www.pref.aichi.jp/soshiki/shogai/kouchin-jisseki.html,cddce4ae2cad6d8f
愛知県,清掃・施設管理,清掃・施設管理,株式会社ネオネット,,,未突合,unmatched,,,公表データ,愛知県 工賃実績（主な作業内容）,https://www.pref.aichi.jp/soshiki/shogai/kouchin-jisseki.html,
愛知県,清掃・施設管理,清掃・施設管理,株式会社メビコラボ,,2318400351,突合済み,office_no,株式会社メビコラボ,知多郡阿久比町,公表データ,愛知県 工賃実績（主な作業内容）,https://www.pref.aichi.jp/soshiki/shogai/kouchin-jisseki.html,3ff8d2f1913d9349
愛知県,清掃・施設管理,清掃・施設管理,株式会社ワニナル,,2310500745,突合済み,office_no,ほまれの家ＮＥＸＴ,海部郡大治町,公表データ,愛知県 工賃実績（主な作業内容）,https://www.pref.aichi.jp/soshiki/shogai/kouchin-jisseki.html,c479cc6f765b978e
愛知県,清掃・施設管理,清掃・施設管理,株式会社夢実の郷,,2315101234,突合済み,office_no,就労継続支援Ｂ型事業所　カラフル,豊橋市,公表データ,愛知県 工賃実績（主な作業内容）,https://www.pref.aichi.jp/soshiki/shogai/kouchin-jisseki.html,38f8395856c37937
愛知県,清掃・施設管理,清掃・施設管理,株式会社恕菴,,2318001050,突合済み,office_no,リボンワークス,名古屋市名東区,公表データ,愛知県 工賃実績（主な作業内容）,https://www.pref.aichi.jp/soshiki/shogai/kouchin-jisseki.html,7ff08e9b05101733
愛知県,清掃・施設管理,清掃・施設管理,株式会社清須福祉会,,2310600289,突合済み,office_no,きよすトレーニングセンター,清須市,公表データ,愛知県 工賃実績（主な作業内容）,https://www.pref.aichi.jp/soshiki/shogai/kouchin-jisseki.html,b99159084a691a61
愛知県,清掃・施設管理,清掃・施設管理,株式会社白,,2310300526,突合済み,office_no,障がい者就労支援Ｂ型事業所マリアハウス,津島市,公表データ,愛知県 工賃実績（主な作業内容）,https://www.pref.aichi.jp/soshiki/shogai/kouchin-jisseki.html,e718a1d8b9c628fe
愛知県,清掃・施設管理,清掃・施設管理,株式会社ＡＬＩＶＥ,,2313401651,突合済み,office_no,就労支援センタージョルノ若林,豊田市,公表データ,愛知県 工賃実績（主な作業内容）,https://www.pref.aichi.jp/soshiki/shogai/kouchin-jisseki.html,f6f0e7d23a3c7e7a
愛知県,清掃・施設管理,清掃・施設管理,清須市社会福祉協議会,,2310600057,突合済み,office_no,きよす障害者就労継続支援センター飛鳥,清須市,公表データ,愛知県 工賃実績（主な作業内容）,https://www.pref.aichi.jp/soshiki/shogai/kouchin-jisseki.html,e7317496f88e1bbf
愛知県,清掃・施設管理,清掃・施設管理,知多福祉会,,2318900079,突合済み,office_no,知多市障がい者活動センター やまもも第２,知多市,公表データ,愛知県 工賃実績（主な作業内容）,https://www.pref.aichi.jp/soshiki/shogai/kouchin-jisseki.html,6d315839a5e4cb8a
愛知県,清掃・施設管理,清掃・施設管理,社会福祉法人憩の郷,,2318800162,突合済み,office_no,ワーキングスペースおおぶ,大府市,公表データ,愛知県 工賃実績（主な作業内容）,https://www.pref.aichi.jp/soshiki/shogai/kouchin-jisseki.html,e231d4f97338ff52
愛知県,清掃・施設管理,清掃・施設管理,社会福祉法人福寿園,,2318700396,突合済み,office_no,木田の里就労継続支援センター,東海市,公表データ,愛知県 工賃実績（主な作業内容）,https://www.pref.aichi.jp/soshiki/shogai/kouchin-jisseki.html,27fc9590ec67b678
愛知県,清掃・施設管理,清掃・施設管理,社会福祉法人翌檜,,2314200177,突合済み,office_no,就労継続支援事業所B型チャレンジサポートたかはま,高浜市,公表データ,愛知県 工賃実績（主な作業内容）,https://www.pref.aichi.jp/soshiki/shogai/kouchin-jisseki.html,abefaa06aa790502
愛知県,清掃・施設管理,清掃・施設管理,緑風,,2317100481,突合済み,office_no,緑風,名古屋市千種区,公表データ,愛知県 工賃実績（主な作業内容）,https://www.pref.aichi.jp/soshiki/shogai/kouchin-jisseki.html,00bfee65cba58c11
愛知県,清掃・施設管理,清掃・施設管理,美緑,,2315101325,突合済み,office_no,美緑,豊橋市,公表データ,愛知県 工賃実績（主な作業内容）,https://www.pref.aichi.jp/soshiki/shogai/kouchin-jisseki.html,327e4ac0f0dab1df
愛知県,清掃・施設管理,清掃・施設管理,花名,,2315102224,突合済み,office_no,花名,豊橋市,公表データ,愛知県 工賃実績（主な作業内容）,https://www.pref.aichi.jp/soshiki/shogai/kouchin-jisseki.html,bf70d271fb3056c7
愛知県,清掃・施設管理,清掃・施設管理,＠めぐみる名駅,,2316101365,突合済み,office_no+name,＠めぐみる名駅,名古屋市中区,公表データ,愛知県 工賃実績（主な作業内容）,https://www.pref.aichi.jp/soshiki/shogai/kouchin-jisseki.html,9a8210b990bb784c
愛知県,清掃・施設管理,清掃・施設管理,ＡＷひまわり,,2318200371,突合済み,office_no,ＡＷひまわり,半田市,公表データ,愛知県 工賃実績（主な作業内容）,https://www.pref.aichi.jp/soshiki/shogai/kouchin-jisseki.html,5beb4c69a86d5b42
愛知県,清掃・施設管理,清掃・施設管理,Ｐｅｔｅｒ Ｐａｎ,,2313402220,突合済み,office_no,Peter Pan,豊田市,公表データ,愛知県 工賃実績（主な作業内容）,https://www.pref.aichi.jp/soshiki/shogai/kouchin-jisseki.html,5e474feab7d4be27
愛知県,飲食店運営,飲食店等の運営,1180305002078,,2313101194,突合済み,office_no,多機能型事業所ふきのとう,岡崎市,公表データ,愛知県 工賃実績（主な作業内容）,https://www.pref.aichi.jp/soshiki/shogai/kouchin-jisseki.html,3c2031d83f7c3253
愛知県,飲食店運営,飲食店等の運営,1180305005295,,2314200094,突合済み,office_no,カフェ＆ベーカリーふるふる,高浜市,公表データ,愛知県 工賃実績（主な作業内容）,https://www.pref.aichi.jp/soshiki/shogai/kouchin-jisseki.html,c377414c26572bac
愛知県,飲食店運営,飲食店等の運営,2180005014216,,2318200777,突合済み,office_no,ＤＥＬＩ ＣＡＦＥどりーむ,半田市,公表データ,愛知県 工賃実績（主な作業内容）,https://www.pref.aichi.jp/soshiki/shogai/kouchin-jisseki.html,a2ece0af97dd9bb2
愛知県,飲食店運営,飲食店等の運営,2180005019611,,2317900674,突合済み,office_no,就労継続支援B型事業所　イロドリ,尾張旭市,公表データ,愛知県 工賃実績（主な作業内容）,https://www.pref.aichi.jp/soshiki/shogai/kouchin-jisseki.html,0b844ce3b446caa1
愛知県,飲食店運営,飲食店等の運営,2180305008438,,2313900124,突合済み,office_no,就労継続支援B型ルリアンＪＵＭＰ,額田郡幸田町,公表データ,愛知県 工賃実績（主な作業内容）,https://www.pref.aichi.jp/soshiki/shogai/kouchin-jisseki.html,dc1834130966bc28
愛知県,飲食店運営,飲食店等の運営,3180005011716,,,未突合,unmatched,,,公表データ,愛知県 工賃実績（主な作業内容）,https://www.pref.aichi.jp/soshiki/shogai/kouchin-jisseki.html,
愛知県,飲食店運営,飲食店等の運営,3180305001086,,2313900157,突合済み,office_no,就労継続支援B型　流・隆（野場）,額田郡幸田町,公表データ,愛知県 工賃実績（主な作業内容）,https://www.pref.aichi.jp/soshiki/shogai/kouchin-jisseki.html,9e3c5a606ef950a0
愛知県,飲食店運営,飲食店等の運営,5180000509659,,2312100072,突合済み,office_no,一宮市立いずみ第２作業所,一宮市,公表データ,愛知県 工賃実績（主な作業内容）,https://www.pref.aichi.jp/soshiki/shogai/kouchin-jisseki.html,4f6fe9252f8eac79
愛知県,飲食店運営,飲食店等の運営,5180005007828,,2313402147,突合済み,office_no,UNIBO T-face店,豊田市,公表データ,愛知県 工賃実績（主な作業内容）,https://www.pref.aichi.jp/soshiki/shogai/kouchin-jisseki.html,50eca2cba60165dd
愛知県,飲食店運営,飲食店等の運営,7180005002760,,2317700538,突合済み,office_no,ななつぼし葡萄酒工房,小牧市,公表データ,愛知県 工賃実績（主な作業内容）,https://www.pref.aichi.jp/soshiki/shogai/kouchin-jisseki.html,7dcb5d91073fcd2f
愛知県,飲食店運営,飲食店等の運営,7180005007652,,,未突合,unmatched,,,公表データ,愛知県 工賃実績（主な作業内容）,https://www.pref.aichi.jp/soshiki/shogai/kouchin-jisseki.html,
愛知県,飲食店運営,飲食店等の運営,9180005012477,,2318900269,突合済み,office_no,就労継続支援Ｂ型事業所　つみき福祉工房　桜の里,知多市,公表データ,愛知県 工賃実績（主な作業内容）,https://www.pref.aichi.jp/soshiki/shogai/kouchin-jisseki.html,db23e87e16f321e1
愛知県,飲食店運営,飲食店等の運営,Aleseed,,2313500486,突合済み,office_no,Ａｌｅｓｅｅｄ,安城市,公表データ,愛知県 工賃実績（主な作業内容）,https://www.pref.aichi.jp/soshiki/shogai/kouchin-jisseki.html,f27298a7caa28ce2
愛知県,飲食店運営,飲食店等の運営,Beレンジャーきらきら蛙,,2310500844,突合済み,office_no,Ｂｅレンジャーきらきら蛙,あま市,公表データ,愛知県 工賃実績（主な作業内容）,https://www.pref.aichi.jp/soshiki/shogai/kouchin-jisseki.html,71a9ce3d1dec683b
愛知県,飲食店運営,飲食店等の運営,Cafeあすなろ,,2313101509,突合済み,office_no,Cafeあすなろ,岡崎市,公表データ,愛知県 工賃実績（主な作業内容）,https://www.pref.aichi.jp/soshiki/shogai/kouchin-jisseki.html,2a6600f518b4aeeb
愛知県,飲食店運営,飲食店等の運営,Caféいろは,,2313600500,突合済み,office_no,Ｃａｆｅいろは,西尾市,公表データ,愛知県 工賃実績（主な作業内容）,https://www.pref.aichi.jp/soshiki/shogai/kouchin-jisseki.html,37b4c40bbdd209a8
愛知県,飲食店運営,飲食店等の運営,IMOM丸の内,,2316101258,突合済み,office_no+name,ＩＭＯＭ丸の内,名古屋市中区,公表データ,愛知県 工賃実績（主な作業内容）,https://www.pref.aichi.jp/soshiki/shogai/kouchin-jisseki.html,d71d405df2104fe5
愛知県,飲食店運営,飲食店等の運営,IMOM丸の内駅前,,2316101902,突合済み,office_no,イムオム丸の内駅前,名古屋市中区,公表データ,愛知県 工賃実績（主な作業内容）,https://www.pref.aichi.jp/soshiki/shogai/kouchin-jisseki.html,826dfae1a3cf98ff
愛知県,飲食店運営,飲食店等の運営,IMOM藤が丘,,2318002041,突合済み,office_no,イムオム藤が丘,名古屋市名東区,公表データ,愛知県 工賃実績（主な作業内容）,https://www.pref.aichi.jp/soshiki/shogai/kouchin-jisseki.html,387e4856a34f1fa5
愛知県,飲食店運営,飲食店等の運営,IMOM金山東,,2316101779,突合済み,office_no,イムオム金山東,名古屋市中区,公表データ,愛知県 工賃実績（主な作業内容）,https://www.pref.aichi.jp/soshiki/shogai/kouchin-jisseki.html,a0280c28fe5b97d5
愛知県,飲食店運営,飲食店等の運営,IMOM長者町,,2316100987,突合済み,office_no+name,IMOM長者町,名古屋市中区,公表データ,愛知県 工賃実績（主な作業内容）,https://www.pref.aichi.jp/soshiki/shogai/kouchin-jisseki.html,cae6b2b86cb90809
愛知県,飲食店運営,飲食店等の運営,KURA,,2315101390,突合済み,office_no,KURA,豊橋市,公表データ,愛知県 工賃実績（主な作業内容）,https://www.pref.aichi.jp/soshiki/shogai/kouchin-jisseki.html,7fa629f21bba3f1b
愛知県,飲食店運営,飲食店等の運営,LAVITA,,2310100884,突合済み,office_no,ＬＡＶＩＴＡ,名古屋市中村区,公表データ,愛知県 工賃実績（主な作業内容）,https://www.pref.aichi.jp/soshiki/shogai/kouchin-jisseki.html,482c23783d511825
愛知県,飲食店運営,飲食店等の運営,LIEFDE TOYOTA,,2313402154,突合済み,office_no,LIEFDE TOYOTA,豊田市,公表データ,愛知県 工賃実績（主な作業内容）,https://www.pref.aichi.jp/soshiki/shogai/kouchin-jisseki.html,f964a22b1c2fd22a
愛知県,飲食店運営,飲食店等の運営,Link,,2313600260,突合済み,corp_no+name,Ｌｉｎｋ,西尾市,公表データ,愛知県 工賃実績（主な作業内容）,https://www.pref.aichi.jp/soshiki/shogai/kouchin-jisseki.html,791ae435bcc448c0
愛知県,飲食店運営,飲食店等の運営,UMS,,2312101245,突合済み,office_no,UMS,一宮市,公表データ,愛知県 工賃実績（主な作業内容）,https://www.pref.aichi.jp/soshiki/shogai/kouchin-jisseki.html,4e2d88a63713c8e8
愛知県,飲食店運営,飲食店等の運営,WORKHOUSE,,2318501539,突合済み,office_no,ＷＯＲＫ　ＨＯＵＳＥ,名古屋市緑区,公表データ,愛知県 工賃実績（主な作業内容）,https://www.pref.aichi.jp/soshiki/shogai/kouchin-jisseki.html,a628c48604202591
愛知県,飲食店運営,飲食店等の運営,あじさい,,2318700032,突合済み,office_no,あじさい,東海市,公表データ,愛知県 工賃実績（主な作業内容）,https://www.pref.aichi.jp/soshiki/shogai/kouchin-jisseki.html,8c0eb02cc6351f7d
愛知県,飲食店運営,飲食店等の運営,かしの木サポートプラザ,,2312100734,突合済み,office_no,かしの木サポートプラザ,一宮市,公表データ,愛知県 工賃実績（主な作業内容）,https://www.pref.aichi.jp/soshiki/shogai/kouchin-jisseki.html,6c63ef139d98e902
愛知県,飲食店運営,飲食店等の運営,きゃらっとICHI,,2315102307,突合済み,office_no,きゃらっとICHI,豊橋市,公表データ,愛知県 工賃実績（主な作業内容）,https://www.pref.aichi.jp/soshiki/shogai/kouchin-jisseki.html,55fc7b2cf9b37ad1
愛知県,飲食店運営,飲食店等の運営,くすの木,,2317900013,突合済み,office_no,くすの木,尾張旭市,公表データ,愛知県 工賃実績（主な作業内容）,https://www.pref.aichi.jp/soshiki/shogai/kouchin-jisseki.html,d1c8703faf1fe0a7
愛知県,飲食店運営,飲食店等の運営,くるみのお店,,2312200211,突合済み,office_no,くるみのお店,江南市,公表データ,愛知県 工賃実績（主な作業内容）,https://www.pref.aichi.jp/soshiki/shogai/kouchin-jisseki.html,0f11d2183a14b973
愛知県,飲食店運営,飲食店等の運営,こねっこ,,2316200746,突合済み,office_no+name,こねっこ,名古屋市昭和区,公表データ,愛知県 工賃実績（主な作業内容）,https://www.pref.aichi.jp/soshiki/shogai/kouchin-jisseki.html,e235c5dd2a401e72
愛知県,飲食店運営,飲食店等の運営,さくら・ワーク,,2312900091,突合済み,office_no,さくら・ワーク,岩倉市,公表データ,愛知県 工賃実績（主な作業内容）,https://www.pref.aichi.jp/soshiki/shogai/kouchin-jisseki.html,93f1a81d3dfc79f5
愛知県,飲食店運営,飲食店等の運営,さん・さんギャロップ,,2312101724,突合済み,office_no,さん・さんギャロップ,一宮市,公表データ,愛知県 工賃実績（主な作業内容）,https://www.pref.aichi.jp/soshiki/shogai/kouchin-jisseki.html,0e702d12444c427a
愛知県,飲食店運営,飲食店等の運営,さん・さん小牧,,2317700835,突合済み,office_no,さん・さん小牧,小牧市,公表データ,愛知県 工賃実績（主な作業内容）,https://www.pref.aichi.jp/soshiki/shogai/kouchin-jisseki.html,7ab982ed73da5c5e
愛知県,飲食店運営,飲食店等の運営,さん・さん木曽川,,2312101914,突合済み,office_no,さん・さん木曽川,一宮市,公表データ,愛知県 工賃実績（主な作業内容）,https://www.pref.aichi.jp/soshiki/shogai/kouchin-jisseki.html,5e1e1f8fe3b6a66e
愛知県,飲食店運営,飲食店等の運営,さん・すまいる・さぽーと,,2313100717,突合済み,office_no,さん・すまいる・さぽーと,岡崎市,公表データ,愛知県 工賃実績（主な作業内容）,https://www.pref.aichi.jp/soshiki/shogai/kouchin-jisseki.html,6c779b0d3624b270
愛知県,飲食店運営,飲食店等の運営,すてっぷ工房『あかね』,,2318000987,突合済み,office_no,すてっぷ工房『あかね』,名古屋市名東区,公表データ,愛知県 工賃実績（主な作業内容）,https://www.pref.aichi.jp/soshiki/shogai/kouchin-jisseki.html,3b7bc704b98cf049
愛知県,飲食店運営,飲食店等の運営,ていくYOUあ！たいむ,,2314300365,突合済み,office_no,ていくYOUあ！たいむ,知立市,公表データ,愛知県 工賃実績（主な作業内容）,https://www.pref.aichi.jp/soshiki/shogai/kouchin-jisseki.html,5a1dd3cabcbe16a2
愛知県,飲食店運営,飲食店等の運営,なごみ,,2315100830,突合済み,office_no,なごみ,豊橋市,公表データ,愛知県 工賃実績（主な作業内容）,https://www.pref.aichi.jp/soshiki/shogai/kouchin-jisseki.html,d5850632b841dcd8
愛知県,飲食店運営,飲食店等の運営,ひかりのさとファーム,,2318400062,突合済み,office_no,ひかりのさとファーム,知多郡東浦町,公表データ,愛知県 工賃実績（主な作業内容）,https://www.pref.aichi.jp/soshiki/shogai/kouchin-jisseki.html,7a44870427f2c528
愛知県,飲食店運営,飲食店等の運営,ひまわりの丘,,2310300476,突合済み,office_no,ひまわりの丘,津島市,公表データ,愛知県 工賃実績（主な作業内容）,https://www.pref.aichi.jp/soshiki/shogai/kouchin-jisseki.html,63f54d43c3cf25c3
愛知県,飲食店運営,飲食店等の運営,ぶれんど,,2312101765,突合済み,office_no,ぶれんど,一宮市,公表データ,愛知県 工賃実績（主な作業内容）,https://www.pref.aichi.jp/soshiki/shogai/kouchin-jisseki.html,efd98b378b8430f6
愛知県,飲食店運営,飲食店等の運営,ほっと一息,,2316100730,突合済み,office_no,ほっと一息,名古屋市中区,公表データ,愛知県 工賃実績（主な作業内容）,https://www.pref.aichi.jp/soshiki/shogai/kouchin-jisseki.html,936af7acc3cf47eb
愛知県,飲食店運営,飲食店等の運営,ほまれの家愛西町方店,,2310700444,突合済み,office_no,ほまれの家愛西町方店,愛西市,公表データ,愛知県 工賃実績（主な作業内容）,https://www.pref.aichi.jp/soshiki/shogai/kouchin-jisseki.html,4753ba9b944f7c24
愛知県,飲食店運営,飲食店等の運営,みらせんプラス堀田,,2311400770,突合済み,office_no,みらせんプラス堀田,名古屋市瑞穂区,公表データ,愛知県 工賃実績（主な作業内容）,https://www.pref.aichi.jp/soshiki/shogai/kouchin-jisseki.html,63abe7b31011793e
愛知県,飲食店運営,飲食店等の運営,むもんカンパニー,,2313400919,突合済み,office_no,むもんカンパニー,豊田市,公表データ,愛知県 工賃実績（主な作業内容）,https://www.pref.aichi.jp/soshiki/shogai/kouchin-jisseki.html,be69ba2643d0ff06
愛知県,飲食店運営,飲食店等の運営,ゆったり工房,,2316500129,突合済み,office_no+name,ゆったり工房,日進市,公表データ,愛知県 工賃実績（主な作業内容）,https://www.pref.aichi.jp/soshiki/shogai/kouchin-jisseki.html,739e93dc8a3b8fae
愛知県,飲食店運営,飲食店等の運営,わいYOUほーぷ,,2314300084,突合済み,office_no,わいYOUほーぷ,知立市,公表データ,愛知県 工賃実績（主な作業内容）,https://www.pref.aichi.jp/soshiki/shogai/kouchin-jisseki.html,1f79820853d053d9
愛知県,飲食店運営,飲食店等の運営,アトリエビーバー,,2316401500,突合済み,office_no,就労継続支援Ｂ型事業所アトリエビーバー,名古屋市天白区,公表データ,愛知県 工賃実績（主な作業内容）,https://www.pref.aichi.jp/soshiki/shogai/kouchin-jisseki.html,2ccb2cf822357855
愛知県,飲食店運営,飲食店等の運営,イムオム金山,,2311100826,突合済み,office_no+name,イムオム金山,名古屋市熱田区,公表データ,愛知県 工賃実績（主な作業内容）,https://www.pref.aichi.jp/soshiki/shogai/kouchin-jisseki.html,c08621fc7c1f0d77
愛知県,飲食店運営,飲食店等の運営,エッグウェル,,2315100970,突合済み,office_no,エッグウェル,豊橋市,公表データ,愛知県 工賃実績（主な作業内容）,https://www.pref.aichi.jp/soshiki/shogai/kouchin-jisseki.html,45a5827bf9b5e546
愛知県,飲食店運営,飲食店等の運営,ギャラリーリバーサル,,2316101613,突合済み,office_no,ギャラリーリバーサル,名古屋市中区,公表データ,愛知県 工賃実績（主な作業内容）,https://www.pref.aichi.jp/soshiki/shogai/kouchin-jisseki.html,901b273ef9e4918b
愛知県,飲食店運営,飲食店等の運営,クッキングジョブズ,,,未突合,unmatched,,,公表データ,愛知県 工賃実績（主な作業内容）,https://www.pref.aichi.jp/soshiki/shogai/kouchin-jisseki.html,
愛知県,飲食店運営,飲食店等の運営,コーヒーハウスさざなみ,,2315100962,突合済み,office_no,コーヒーハウス　さざなみ,豊橋市,公表データ,愛知県 工賃実績（主な作業内容）,https://www.pref.aichi.jp/soshiki/shogai/kouchin-jisseki.html,b63cdc2dc721d64b
愛知県,飲食店運営,飲食店等の運営,サンタ工場,,2310000258,突合済み,office_no+name,サンタ工場,みよし市,公表データ,愛知県 工賃実績（主な作業内容）,https://www.pref.aichi.jp/soshiki/shogai/kouchin-jisseki.html,8896aa18cc4004b8
愛知県,飲食店運営,飲食店等の運営,ジョイナスえかく,,2313400745,突合済み,office_no,ジョイナスえかく,豊田市,公表データ,愛知県 工賃実績（主な作業内容）,https://www.pref.aichi.jp/soshiki/shogai/kouchin-jisseki.html,fb015e4ca5dd2feb
愛知県,飲食店運営,飲食店等の運営,セブンス・ファクトリー,,2316500442,突合済み,office_no,セブンス・ファクトリー,日進市,公表データ,愛知県 工賃実績（主な作業内容）,https://www.pref.aichi.jp/soshiki/shogai/kouchin-jisseki.html,23cc8f626e5a5b61
愛知県,飲食店運営,飲食店等の運営,セブンデイズファーム,,2310600198,突合済み,office_no,セブンデイズファーム,清須市,公表データ,愛知県 工賃実績（主な作業内容）,https://www.pref.aichi.jp/soshiki/shogai/kouchin-jisseki.html,651bb2fe4572d903
愛知県,飲食店運営,飲食店等の運営,ソーネおおぞね,,2317301394,突合済み,office_no,ソーネおおぞね,名古屋市北区,公表データ,愛知県 工賃実績（主な作業内容）,https://www.pref.aichi.jp/soshiki/shogai/kouchin-jisseki.html,1934d4a8e5f2bc84
愛知県,飲食店運営,飲食店等の運営,チャレンジキッチン,,2310200619,突合済み,office_no,チャレンジキッチン,名古屋市西区,公表データ,愛知県 工賃実績（主な作業内容）,https://www.pref.aichi.jp/soshiki/shogai/kouchin-jisseki.html,72ac350bb7d25c78
愛知県,飲食店運営,飲食店等の運営,ニー 就労継続支援B型,,2313300291,突合済み,office_no,就労継続支援Ｂ型事業所アンダンテ,刈谷市,公表データ,愛知県 工賃実績（主な作業内容）,https://www.pref.aichi.jp/soshiki/shogai/kouchin-jisseki.html,d34dd38efed5ae32
愛知県,飲食店運営,飲食店等の運営,ハミング,,2312101815,突合済み,office_no,ハミング,一宮市,公表データ,愛知県 工賃実績（主な作業内容）,https://www.pref.aichi.jp/soshiki/shogai/kouchin-jisseki.html,0865fabc24962e06
愛知県,飲食店運営,飲食店等の運営,ハートフルサポート,,2315101135,突合済み,office_no,ハートフルサポート,豊橋市,公表データ,愛知県 工賃実績（主な作業内容）,https://www.pref.aichi.jp/soshiki/shogai/kouchin-jisseki.html,dab90c44234b6eb6
愛知県,飲食店運営,飲食店等の運営,ポニーハウス,,2310201708,突合済み,office_no,ポニーハウス,名古屋市西区,公表データ,愛知県 工賃実績（主な作業内容）,https://www.pref.aichi.jp/soshiki/shogai/kouchin-jisseki.html,986640f676a02b13
愛知県,飲食店運営,飲食店等の運営,ライムぷらす,,2318800246,突合済み,office_no+name,ライムぷらす,大府市,公表データ,愛知県 工賃実績（主な作業内容）,https://www.pref.aichi.jp/soshiki/shogai/kouchin-jisseki.html,2d8677f579202b2c
愛知県,飲食店運営,飲食店等の運営,ワークハウスみかんやま,,2316100326,突合済み,office_no,ワークハウスみかんやま,名古屋市中区,公表データ,愛知県 工賃実績（主な作業内容）,https://www.pref.aichi.jp/soshiki/shogai/kouchin-jisseki.html,3fe7daaa9ee729f1
愛知県,飲食店運営,飲食店等の運営,一般社団法人あしたば,,2312800671,突合済み,office_no,就労支援事業所ＡＳＨＩＴＡＢＡ,稲沢市,公表データ,愛知県 工賃実績（主な作業内容）,https://www.pref.aichi.jp/soshiki/shogai/kouchin-jisseki.html,3541798fd0bf9734
愛知県,飲食店運営,飲食店等の運営,医療法人 芳精会,,2313900165,突合済み,office_no,就労継続支援B型事業所　サニー,額田郡幸田町,公表データ,愛知県 工賃実績（主な作業内容）,https://www.pref.aichi.jp/soshiki/shogai/kouchin-jisseki.html,0248976039989265
愛知県,飲食店運営,飲食店等の運営,医療法人憩心会,,2313500494,突合済み,office_no,医療法人憩心会和み　ぼちぼちカフェ,安城市,公表データ,愛知県 工賃実績（主な作業内容）,https://www.pref.aichi.jp/soshiki/shogai/kouchin-jisseki.html,2324a594ad07ad75
愛知県,飲食店運営,飲食店等の運営,地球子ども村,,2317700298,突合済み,office_no,地球子ども村,小牧市,公表データ,愛知県 工賃実績（主な作業内容）,https://www.pref.aichi.jp/soshiki/shogai/kouchin-jisseki.html,1a05953b8e87fee3
愛知県,飲食店運営,飲食店等の運営,多機能型事業所わかた,,2318501349,突合済み,office_no,多機能型事業所わかた,名古屋市緑区,公表データ,愛知県 工賃実績（主な作業内容）,https://www.pref.aichi.jp/soshiki/shogai/kouchin-jisseki.html,f9d0946be828688d
愛知県,飲食店運営,飲食店等の運営,就労支援「楽種子」,,2318600299,突合済み,office_no,就労支援　楽種子,長久手市,公表データ,愛知県 工賃実績（主な作業内容）,https://www.pref.aichi.jp/soshiki/shogai/kouchin-jisseki.html,e06b5caec708a56e
愛知県,飲食店運営,飲食店等の運営,愛厚半田の里,,2318200249,突合済み,office_no,愛厚半田の里,半田市,公表データ,愛知県 工賃実績（主な作業内容）,https://www.pref.aichi.jp/soshiki/shogai/kouchin-jisseki.html,ae78757fe1195c45
愛知県,飲食店運営,飲食店等の運営,愛厚希全の里,,2315200028,突合済み,office_no,愛厚希全の里,豊川市,公表データ,愛知県 工賃実績（主な作業内容）,https://www.pref.aichi.jp/soshiki/shogai/kouchin-jisseki.html,57275104552f2c1e
愛知県,飲食店運営,飲食店等の運営,日中支援センター八兵衛,,2315300414,突合済み,office_no,日中支援センター八兵衛,蒲郡市,公表データ,愛知県 工賃実績（主な作業内容）,https://www.pref.aichi.jp/soshiki/shogai/kouchin-jisseki.html,43035566aebb3790
愛知県,飲食店運営,飲食店等の運営,有限会社オールパーパス どーなっつ,,2318101330,突合済み,office_no,どーなっつ,名古屋市南区,公表データ,愛知県 工賃実績（主な作業内容）,https://www.pref.aichi.jp/soshiki/shogai/kouchin-jisseki.html,3e0ab9c6642a61f9
愛知県,飲食店運営,飲食店等の運営,株式会社 DIGITALbutter,,2316101340,突合済み,office_no,デジタルアートセンター名古屋,名古屋市中区,公表データ,愛知県 工賃実績（主な作業内容）,https://www.pref.aichi.jp/soshiki/shogai/kouchin-jisseki.html,88b3ff1e5cf19bdb
愛知県,飲食店運営,飲食店等の運営,株式会社 SMIRING,,,未突合,unmatched,,,公表データ,愛知県 工賃実績（主な作業内容）,https://www.pref.aichi.jp/soshiki/shogai/kouchin-jisseki.html,
愛知県,飲食店運営,飲食店等の運営,株式会社 ルーク,,2317200786,突合済み,office_no,就労継続支援B型事業所　サンライク大曽根,名古屋市東区,公表データ,愛知県 工賃実績（主な作業内容）,https://www.pref.aichi.jp/soshiki/shogai/kouchin-jisseki.html,1e52799f7c55e76e
愛知県,飲食店運営,飲食店等の運営,株式会社DIPPS,,2316200977,突合済み,office_no,就労・コミュニティセンターＡｂｂｅｙ表山,名古屋市天白区,公表データ,愛知県 工賃実績（主な作業内容）,https://www.pref.aichi.jp/soshiki/shogai/kouchin-jisseki.html,500ac33d05ed2bf7
愛知県,飲食店運営,飲食店等の運営,株式会社DIPPS,,,未突合,unmatched,,,公表データ,愛知県 工賃実績（主な作業内容）,https://www.pref.aichi.jp/soshiki/shogai/kouchin-jisseki.html,
愛知県,飲食店運営,飲食店等の運営,株式会社ひまわり,,2310101361,突合済み,office_no,ひまわりキッチン,名古屋市中村区,公表データ,愛知県 工賃実績（主な作業内容）,https://www.pref.aichi.jp/soshiki/shogai/kouchin-jisseki.html,750ac52c6f8f6845
愛知県,飲食店運営,飲食店等の運営,株式会社ＩＲ,,2311301440,突合済み,office_no,就労継続支援Ｂ型カラオケＲＯＯＭ,名古屋市中川区,公表データ,愛知県 工賃実績（主な作業内容）,https://www.pref.aichi.jp/soshiki/shogai/kouchin-jisseki.html,3bc55d501db9da53
愛知県,飲食店運営,飲食店等の運営,特定非営利活動法人楽歩,,2318600109,突合済み,office_no,就労支援舞星　ジョブ長久手,長久手市,公表データ,愛知県 工賃実績（主な作業内容）,https://www.pref.aichi.jp/soshiki/shogai/kouchin-jisseki.html,d37718a0caada4be
愛知県,飲食店運営,飲食店等の運営,社会福祉法人ほっとはむ,,,未突合,unmatched,,,公表データ,愛知県 工賃実績（主な作業内容）,https://www.pref.aichi.jp/soshiki/shogai/kouchin-jisseki.html,
愛知県,飲食店運営,飲食店等の運営,社会福祉法人わたぼうし こもれび,,2318200702,突合済み,office_no,こもれび,半田市,公表データ,愛知県 工賃実績（主な作業内容）,https://www.pref.aichi.jp/soshiki/shogai/kouchin-jisseki.html,374d1d313382990a
愛知県,飲食店運営,飲食店等の運営,社会福祉法人福寿園,,2318700396,突合済み,office_no,木田の里就労継続支援センター,東海市,公表データ,愛知県 工賃実績（主な作業内容）,https://www.pref.aichi.jp/soshiki/shogai/kouchin-jisseki.html,27fc9590ec67b678
愛知県,飲食店運営,飲食店等の運営,福智会,,2317100895,突合済み,office_no,イマーゴ,名古屋市千種区,公表データ,愛知県 工賃実績（主な作業内容）,https://www.pref.aichi.jp/soshiki/shogai/kouchin-jisseki.html,1d2063c507ea4c64
愛知県,飲食店運営,飲食店等の運営,笑わらのお家名城公園,,2317301576,突合済み,office_no,笑わらのお家　名城公園,名古屋市北区,公表データ,愛知県 工賃実績（主な作業内容）,https://www.pref.aichi.jp/soshiki/shogai/kouchin-jisseki.html,bded211c76636aed
愛知県,飲食店運営,飲食店等の運営,花名,,2315102224,突合済み,office_no,花名,豊橋市,公表データ,愛知県 工賃実績（主な作業内容）,https://www.pref.aichi.jp/soshiki/shogai/kouchin-jisseki.html,bf70d271fb3056c7
愛知県,飲食店運営,飲食店等の運営,阿久比町立 もちの木園,,2318400385,突合済み,office_no,阿久比町立もちの木園,知多郡阿久比町,公表データ,愛知県 工賃実績（主な作業内容）,https://www.pref.aichi.jp/soshiki/shogai/kouchin-jisseki.html,858c1594967db4cf
愛知県,飲食店運営,飲食店等の運営,集,,2318100522,突合済み,office_no,集,名古屋市南区,公表データ,愛知県 工賃実績（主な作業内容）,https://www.pref.aichi.jp/soshiki/shogai/kouchin-jisseki.html,56485e73471c029a
愛知県,飲食店運営,飲食店等の運営,風の子スクエア,,2310900127,突合済み,office_no+name,風の子スクエア,弥富市,公表データ,愛知県 工賃実績（主な作業内容）,https://www.pref.aichi.jp/soshiki/shogai/kouchin-jisseki.html,3cd157c067ea9900
愛知県,飲食店運営,飲食店等の運営,Ａ－ｃｏｎｎｅｃｔｉｏｎ株式会社 ほまれの家一宮店,,2312101708,突合済み,office_no,ほまれの家一宮店,一宮市,公表データ,愛知県 工賃実績（主な作業内容）,https://www.pref.aichi.jp/soshiki/shogai/kouchin-jisseki.html,2c5584c54b1f5bbd
東京都,その他サービス,その他,ENTAS,プラスチック製品等の組立・検品・バリ取りほか,1311101750,突合済み,pref+city+name,ＥＮＴＡＳ,大田区,公表データ,物品・役務の情報リスト（全分類）,https://www.fukushi.metro.tokyo.lg.jp/shougai//shougai_shisaku/sokusin/buppin_ekimulist.html,2d619e0d39735d69
東京都,その他サービス,その他,HOPE,動画編集,1310601057,突合済み,pref+city+name,HOPE,台東区,公表データ,物品・役務の情報リスト（全分類）,https://www.fukushi.metro.tokyo.lg.jp/shougai//shougai_shisaku/sokusin/buppin_ekimulist.html,0ae7c1f3378815f1
東京都,その他サービス,その他,HSCレスタブル,オリジナルTシャツの製造。企業のロゴやイベント用のオリジナルTシャツ等、デザイン等ご要望にも応じます。,1313202952,突合済み,pref+city+name,ＨＳＣレスタブル,町田市,公表データ,物品・役務の情報リスト（全分類）,https://www.fukushi.metro.tokyo.lg.jp/shougai//shougai_shisaku/sokusin/buppin_ekimulist.html,4de9e6e0c5e7be76
東京都,その他サービス,その他,ION第１事業所,ポスティング、洗車作業、お菓子の箱作り,1313900902,突合済み,pref+city+name,ＩＯＮ第１事業所,西東京市,公表データ,物品・役務の情報リスト（全分類）,https://www.fukushi.metro.tokyo.lg.jp/shougai//shougai_shisaku/sokusin/buppin_ekimulist.html,9a5f56e6d2da7dae
東京都,その他サービス,その他,ION第２事業所,ネット通販の発送代行,1312601139,突合済み,pref+city+name,ＩＯＮ第2事業所,武蔵野市,公表データ,物品・役務の情報リスト（全分類）,https://www.fukushi.metro.tokyo.lg.jp/shougai//shougai_shisaku/sokusin/buppin_ekimulist.html,d99bd4e3b9dff898
東京都,その他サービス,その他,S.Uストリート,衣類のクリーニング,1311501223,突合済み,pref+city+name,Ｓ．Ｕストリート,杉並区,公表データ,物品・役務の情報リスト（全分類）,https://www.fukushi.metro.tokyo.lg.jp/shougai//shougai_shisaku/sokusin/buppin_ekimulist.html,bbae301873ff342b
東京都,その他サービス,その他,Will,依存症についての勉強会・ワークショップ・講演会,1310402902,突合済み,pref+city+name,Will,新宿区,公表データ,物品・役務の情報リスト（全分類）,https://www.fukushi.metro.tokyo.lg.jp/shougai//shougai_shisaku/sokusin/buppin_ekimulist.html,ce7a7a93b3160d7a
東京都,その他サービス,その他,nicoRe,ラベル貼り、シール貼り、精密な作業,1311201782,突合済み,pref+city+name,ｎｉｃｏＲｅ,世田谷区,公表データ,物品・役務の情報リスト（全分類）,https://www.fukushi.metro.tokyo.lg.jp/shougai//shougai_shisaku/sokusin/buppin_ekimulist.html,ed061ee94d3fce33
東京都,その他サービス,その他,olino wood,薪,1312800996,突合済み,pref+city+name,olino wood,青梅市,公表データ,物品・役務の情報リスト（全分類）,https://www.fukushi.metro.tokyo.lg.jp/shougai//shougai_shisaku/sokusin/buppin_ekimulist.html,da3ba900ae3b60b4
東京都,その他サービス,その他,あいアイ工房,絵画作品および作品データ提供、デザイン制作、アクリル盾製作、グッズ制作（缶バッチ・トートバック・マグカップ・Tシャツ）,1311701708,突合済み,pref+city+name,あいアイ工房,北区,公表データ,物品・役務の情報リスト（全分類）,https://www.fukushi.metro.tokyo.lg.jp/shougai//shougai_shisaku/sokusin/buppin_ekimulist.html,dbfa3938a747a3ea
東京都,その他サービス,その他,あかつき授産所,古着よりリサイクルウエスを製造・販売、箱折を中心とした軽作業,1314600071,突合済み,pref+city+name,あかつき授産所,武蔵村山市,公表データ,物品・役務の情報リスト（全分類）,https://www.fukushi.metro.tokyo.lg.jp/shougai//shougai_shisaku/sokusin/buppin_ekimulist.html,8555ceb90df7efc0
東京都,その他サービス,その他,あしたば作業所,木製パズル・組木・その他、木工製品・レーザー加工による彫刻等。,1313400549,突合済み,pref+city+name,あしたば作業所,小平市,公表データ,物品・役務の情報リスト（全分類）,https://www.fukushi.metro.tokyo.lg.jp/shougai//shougai_shisaku/sokusin/buppin_ekimulist.html,00dd0e57d5ee5df3
東京都,その他サービス,その他,いいあさファーム,農耕作業,1312800723,突合済み,pref+city+name,いいあさファーム,青梅市,公表データ,物品・役務の情報リスト（全分類）,https://www.fukushi.metro.tokyo.lg.jp/shougai//shougai_shisaku/sokusin/buppin_ekimulist.html,f5a630596fe15f44
東京都,その他サービス,その他,いけぶくろ茜の里,清掃用クロス洗濯,,未突合,ambiguous,,,公表データ,物品・役務の情報リスト（全分類）,https://www.fukushi.metro.tokyo.lg.jp/shougai//shougai_shisaku/sokusin/buppin_ekimulist.html,
東京都,その他サービス,その他,えいぶる,アルミ缶回収,1314500362,突合済み,pref+city+name,えいぶる,東久留米市,公表データ,物品・役務の情報リスト（全分類）,https://www.fukushi.metro.tokyo.lg.jp/shougai//shougai_shisaku/sokusin/buppin_ekimulist.html,039adac6b0e2f506
東京都,その他サービス,その他,かがやき,ダリアの種,1313201145,突合済み,pref+city+name,かがやき,町田市,公表データ,物品・役務の情報リスト（全分類）,https://www.fukushi.metro.tokyo.lg.jp/shougai//shougai_shisaku/sokusin/buppin_ekimulist.html,593e24754adf59b2
東京都,その他サービス,その他,こすもす浅草橋,撮影・動画編集,1310600976,突合済み,pref+city+name,こすもす浅草橋,台東区,公表データ,物品・役務の情報リスト（全分類）,https://www.fukushi.metro.tokyo.lg.jp/shougai//shougai_shisaku/sokusin/buppin_ekimulist.html,9db47ce414681599
東京都,その他サービス,その他,ことのは,メール便仕分け、ラベル貼り、アッセンブリ、資源・古紙回収、発送代行、縫製代行、手作り品代行,1312901752,突合済み,pref+city+name,ことのは,府中市,公表データ,物品・役務の情報リスト（全分類）,https://www.fukushi.metro.tokyo.lg.jp/shougai//shougai_shisaku/sokusin/buppin_ekimulist.html,1c3a87fe43d23ba4
東京都,その他サービス,その他,すまいる・フォレスト,刺繍,1312003575,突合済み,pref+city+name,すまいる・フォレスト,練馬区,公表データ,物品・役務の情報リスト（全分類）,https://www.fukushi.metro.tokyo.lg.jp/shougai//shougai_shisaku/sokusin/buppin_ekimulist.html,6b12b2d8338e59b9
東京都,その他サービス,その他,とちの実作業所,缶バッチ(サイズ直径54ミリ),1311101669,突合済み,pref+city+name,とちの実作業所,大田区,公表データ,物品・役務の情報リスト（全分類）,https://www.fukushi.metro.tokyo.lg.jp/shougai//shougai_shisaku/sokusin/buppin_ekimulist.html,05d16e21cd5983d0
東京都,その他サービス,その他,なないろ,宛名・ラベル張り,,未突合,unmatched,,,公表データ,物品・役務の情報リスト（全分類）,https://www.fukushi.metro.tokyo.lg.jp/shougai//shougai_shisaku/sokusin/buppin_ekimulist.html,
東京都,その他サービス,その他,にこにこファクトリー,不要PC・周辺機器無料引取り・解体,1313300541,突合済み,pref+city+name,にこにこファクトリー,小金井市,公表データ,物品・役務の情報リスト（全分類）,https://www.fukushi.metro.tokyo.lg.jp/shougai//shougai_shisaku/sokusin/buppin_ekimulist.html,8ce439c2b559229a
東京都,その他サービス,その他,ねりま第二事業所,藍染製品の製作販売,1312001819,突合済み,pref+city+name,ねりま第二事業所,練馬区,公表データ,物品・役務の情報リスト（全分類）,https://www.fukushi.metro.tokyo.lg.jp/shougai//shougai_shisaku/sokusin/buppin_ekimulist.html,78fb20c45a591a43
東京都,その他サービス,その他,ひなげし,リユース食器レンタル業,1312403643,突合済み,pref+city+name,ひなげし,八王子市,公表データ,物品・役務の情報リスト（全分類）,https://www.fukushi.metro.tokyo.lg.jp/shougai//shougai_shisaku/sokusin/buppin_ekimulist.html,fc97b4d87525812e
東京都,その他サービス,その他,ひなたの道就労継続支援B型,資源・古紙回収,,未突合,unmatched,,,公表データ,物品・役務の情報リスト（全分類）,https://www.fukushi.metro.tokyo.lg.jp/shougai//shougai_shisaku/sokusin/buppin_ekimulist.html,
東京都,その他サービス,その他,ひなたの道生活介護事業所,ポスティング作業,,未突合,unmatched,,,公表データ,物品・役務の情報リスト（全分類）,https://www.fukushi.metro.tokyo.lg.jp/shougai//shougai_shisaku/sokusin/buppin_ekimulist.html,
東京都,その他サービス,その他,ひなたの道生活介護事業所,古紙回収,,未突合,unmatched,,,公表データ,物品・役務の情報リスト（全分類）,https://www.fukushi.metro.tokyo.lg.jp/shougai//shougai_shisaku/sokusin/buppin_ekimulist.html,
東京都,その他サービス,その他,みどりの森,資源・古紙回収,1313600387,突合済み,pref+city+name,みどりの森,東村山市,公表データ,物品・役務の情報リスト（全分類）,https://www.fukushi.metro.tokyo.lg.jp/shougai//shougai_shisaku/sokusin/buppin_ekimulist.html,30649bce356195b6
東京都,その他サービス,その他,ゆいのもりわかば,家具の耐震補強作業,1313000190,突合済み,pref+city+name,ゆいのもりわかば,昭島市,公表データ,物品・役務の情報リスト（全分類）,https://www.fukushi.metro.tokyo.lg.jp/shougai//shougai_shisaku/sokusin/buppin_ekimulist.html,5efc38ec300d3dd8
東京都,その他サービス,その他,ゆうあい製作所,ダイレクトメールの封入・封緘・宛名シール貼り、商品の箱詰め・袋詰めなどの軽作業,,未突合,ambiguous,,,公表データ,物品・役務の情報リスト（全分類）,https://www.fukushi.metro.tokyo.lg.jp/shougai//shougai_shisaku/sokusin/buppin_ekimulist.html,
東京都,その他サービス,その他,アイビー,発送・納品代行業務,1310200686,突合済み,pref+city+name,アイビー,中央区,公表データ,物品・役務の情報リスト（全分類）,https://www.fukushi.metro.tokyo.lg.jp/shougai//shougai_shisaku/sokusin/buppin_ekimulist.html,c3d94f53de35a0cf
東京都,その他サービス,その他,アトリエにっと,アート創作、デザイン作成、デジタルサイネージ入稿、イベント企画・運営,1310802515,突合済み,pref+city+name,アトリエにっと,江東区,公表データ,物品・役務の情報リスト（全分類）,https://www.fukushi.metro.tokyo.lg.jp/shougai//shougai_shisaku/sokusin/buppin_ekimulist.html,4987e2659e141a7d
東京都,その他サービス,その他,アトリエ・レダクラフト,フラッグ及びPR用バナーのアップサイクル,1310301252,突合済み,pref+city+name,アトリエ・レダクラフト,港区,公表データ,物品・役務の情報リスト（全分類）,https://www.fukushi.metro.tokyo.lg.jp/shougai//shougai_shisaku/sokusin/buppin_ekimulist.html,678ba1aa3cba740e
東京都,その他サービス,その他,アビーム,パソコン回収,1310500416,突合済み,pref+city+name,アビーム,文京区,公表データ,物品・役務の情報リスト（全分類）,https://www.fukushi.metro.tokyo.lg.jp/shougai//shougai_shisaku/sokusin/buppin_ekimulist.html,d3cf2541cd33bfce
東京都,その他サービス,その他,アポイント,軽作業（加工・組立・検査・梱包）,1312403932,突合済み,pref+city+name,アポイント,八王子市,公表データ,物品・役務の情報リスト（全分類）,https://www.fukushi.metro.tokyo.lg.jp/shougai//shougai_shisaku/sokusin/buppin_ekimulist.html,8e3db283ba811bce
東京都,その他サービス,その他,ケアチーム大芽,封入封緘、部品組み立て,1312901422,突合済み,pref+city+name,ケアチーム大芽,府中市,公表データ,物品・役務の情報リスト（全分類）,https://www.fukushi.metro.tokyo.lg.jp/shougai//shougai_shisaku/sokusin/buppin_ekimulist.html,967de0dad6ed1b9e
東京都,その他サービス,その他,コア・デイケア・センター,ポスティング,,未突合,ambiguous,,,公表データ,物品・役務の情報リスト（全分類）,https://www.fukushi.metro.tokyo.lg.jp/shougai//shougai_shisaku/sokusin/buppin_ekimulist.html,
東京都,その他サービス,その他,コア・デイケア・センター,シール貼り作業,,未突合,ambiguous,,,公表データ,物品・役務の情報リスト（全分類）,https://www.fukushi.metro.tokyo.lg.jp/shougai//shougai_shisaku/sokusin/buppin_ekimulist.html,
東京都,その他サービス,その他,コラボたまワークセンターつくし,ポスティング,1314700251,突合済み,pref+city+name,コラボたま　ワークセンターつくし,多摩市,公表データ,物品・役務の情報リスト（全分類）,https://www.fukushi.metro.tokyo.lg.jp/shougai//shougai_shisaku/sokusin/buppin_ekimulist.html,630787a9fe919e9a
東京都,その他サービス,その他,ジョブアンティ,ヒマラヤ岩塩ブラックソルト １㎏,1312301730,突合済み,pref+city+name,ジョブアンティ,江戸川区,公表データ,物品・役務の情報リスト（全分類）,https://www.fukushi.metro.tokyo.lg.jp/shougai//shougai_shisaku/sokusin/buppin_ekimulist.html,6b8c54b19caf3965
東京都,その他サービス,その他,ナチュラルプランツ・サポート,物流系軽作業（検品・梱包・ピッキング・荷物の仕分け・発送等）,1310200496,突合済み,pref+city+name,ナチュラルプランツ・サポート,中央区,公表データ,物品・役務の情報リスト（全分類）,https://www.fukushi.metro.tokyo.lg.jp/shougai//shougai_shisaku/sokusin/buppin_ekimulist.html,fb92271b8c7e12b0
東京都,その他サービス,その他,パッソ西東京,ダイレクトメール等封入発送業務,1313900605,突合済み,pref+city+name,パッソ西東京,西東京市,公表データ,物品・役務の情報リスト（全分類）,https://www.fukushi.metro.tokyo.lg.jp/shougai//shougai_shisaku/sokusin/buppin_ekimulist.html,f46b2b3294ae53b4
東京都,その他サービス,その他,フードバンク八王子ワークス,トレーディングカードの仕分け作業,,未突合,ambiguous,,,公表データ,物品・役務の情報リスト（全分類）,https://www.fukushi.metro.tokyo.lg.jp/shougai//shougai_shisaku/sokusin/buppin_ekimulist.html,
東京都,その他サービス,その他,ルピュル,炭カル入りゴミ袋の納品,,未突合,unmatched,,,公表データ,物品・役務の情報リスト（全分類）,https://www.fukushi.metro.tokyo.lg.jp/shougai//shougai_shisaku/sokusin/buppin_ekimulist.html,
東京都,その他サービス,その他,レストランあさかわ,ハンドベル演奏,1312401738,突合済み,pref+city+name,レストランあさかわ,八王子市,公表データ,物品・役務の情報リスト（全分類）,https://www.fukushi.metro.tokyo.lg.jp/shougai//shougai_shisaku/sokusin/buppin_ekimulist.html,c7bf2c15a6c43576
東京都,その他サービス,その他,ワークセンターけやき,切り文字、看板、横断幕、懸垂幕などの各種サイン,1312600396,突合済み,pref+city+name,ワークセンターけやき,武蔵野市,公表データ,物品・役務の情報リスト（全分類）,https://www.fukushi.metro.tokyo.lg.jp/shougai//shougai_shisaku/sokusin/buppin_ekimulist.html,742b9cfd1480a356
東京都,その他サービス,その他,ワークセンター大地,ポスティング（チラシ折りなどの加工含む）,,未突合,unmatched,,,公表データ,物品・役務の情報リスト（全分類）,https://www.fukushi.metro.tokyo.lg.jp/shougai//shougai_shisaku/sokusin/buppin_ekimulist.html,
東京都,その他サービス,その他,三鷹ひまわり第二共同作業所,ラベル貼り作業,1312700410,突合済み,pref+city+name,三鷹ひまわり第二共同作業所,三鷹市,公表データ,物品・役務の情報リスト（全分類）,https://www.fukushi.metro.tokyo.lg.jp/shougai//shougai_shisaku/sokusin/buppin_ekimulist.html,c03228defecba0b2
東京都,その他サービス,その他,世田谷区立下馬福祉工房,ポスティング,1311200131,突合済み,pref+city+name,世田谷区立下馬福祉工房,世田谷区,公表データ,物品・役務の情報リスト（全分類）,https://www.fukushi.metro.tokyo.lg.jp/shougai//shougai_shisaku/sokusin/buppin_ekimulist.html,336b95fcb6c95e26
東京都,その他サービス,その他,世田谷更生館,機器組立,1311200016,突合済み,pref+city+name,世田谷更生館,世田谷区,公表データ,物品・役務の情報リスト（全分類）,https://www.fukushi.metro.tokyo.lg.jp/shougai//shougai_shisaku/sokusin/buppin_ekimulist.html,92962d192b4bca84
東京都,その他サービス,その他,中央区立 福祉センター明石町作業室,値札・商品シール貼り,,未突合,unmatched,,,公表データ,物品・役務の情報リスト（全分類）,https://www.fukushi.metro.tokyo.lg.jp/shougai//shougai_shisaku/sokusin/buppin_ekimulist.html,
東京都,その他サービス,その他,中央区立 福祉センター明石町作業室,商品タグ紐結び,,未突合,unmatched,,,公表データ,物品・役務の情報リスト（全分類）,https://www.fukushi.metro.tokyo.lg.jp/shougai//shougai_shisaku/sokusin/buppin_ekimulist.html,
東京都,その他サービス,その他,中野区仲町就労支援事業所,クリーニング,1311401085,突合済み,pref+city+name,中野区仲町就労支援事業所,中野区,公表データ,物品・役務の情報リスト（全分類）,https://www.fukushi.metro.tokyo.lg.jp/shougai//shougai_shisaku/sokusin/buppin_ekimulist.html,a71993ffb12b7725
東京都,その他サービス,その他,作業所TOTTO,ポスティング,1312901729,突合済み,pref+city+name,作業所TOTTO,府中市,公表データ,物品・役務の情報リスト（全分類）,https://www.fukushi.metro.tokyo.lg.jp/shougai//shougai_shisaku/sokusin/buppin_ekimulist.html,743b0412d4393b1a
東京都,その他サービス,その他,創造農園,手芸・陶芸、ラベル貼り、袋詰め、仕分け・包装・梱包、発送作業、部品の組み立て、ラミネート加工、菜園で野菜・ハーブの栽培・収穫と販売、クリーニング業務。,1313100750,突合済み,pref+city+name,創造農園,調布市,公表データ,物品・役務の情報リスト（全分類）,https://www.fukushi.metro.tokyo.lg.jp/shougai//shougai_shisaku/sokusin/buppin_ekimulist.html,a8f8e12c4b7d60ca
東京都,その他サービス,その他,北区立赤羽西 福祉作業所,手帳カバー付け,,未突合,unmatched,,,公表データ,物品・役務の情報リスト（全分類）,https://www.fukushi.metro.tokyo.lg.jp/shougai//shougai_shisaku/sokusin/buppin_ekimulist.html,
東京都,その他サービス,その他,地域活動支援センター『風』,チラシの封入,,未突合,unmatched,,,公表データ,物品・役務の情報リスト（全分類）,https://www.fukushi.metro.tokyo.lg.jp/shougai//shougai_shisaku/sokusin/buppin_ekimulist.html,
東京都,その他サービス,その他,地域活動支援センター『風』,郵便物配達業務,,未突合,unmatched,,,公表データ,物品・役務の情報リスト（全分類）,https://www.fukushi.metro.tokyo.lg.jp/shougai//shougai_shisaku/sokusin/buppin_ekimulist.html,
東京都,その他サービス,その他,就労継続支援B型BaseCamp,当事者による精神障害などをテーマにした講義や研修・ワークショップ開催,1311601635,突合済み,pref+city+name,就労継続支援B型BaseCamp,豊島区,公表データ,物品・役務の情報リスト（全分類）,https://www.fukushi.metro.tokyo.lg.jp/shougai//shougai_shisaku/sokusin/buppin_ekimulist.html,d3532fc1b871737c
東京都,その他サービス,その他,就労継続支援B型ガーデン,スキャニング作業 紙書類の電子化,1310900962,突合済み,pref+city+name,就労継続支援Ｂ型ガーデン,品川区,公表データ,物品・役務の情報リスト（全分類）,https://www.fukushi.metro.tokyo.lg.jp/shougai//shougai_shisaku/sokusin/buppin_ekimulist.html,35a872493b51d286
東京都,その他サービス,その他,就労継続支援Ｂ型事業所エイト,シール貼り,,未突合,unmatched,,,公表データ,物品・役務の情報リスト（全分類）,https://www.fukushi.metro.tokyo.lg.jp/shougai//shougai_shisaku/sokusin/buppin_ekimulist.html,
東京都,その他サービス,その他,就労継続支援Ｂ型事業所エイト,ミシン裁縫,,未突合,unmatched,,,公表データ,物品・役務の情報リスト（全分類）,https://www.fukushi.metro.tokyo.lg.jp/shougai//shougai_shisaku/sokusin/buppin_ekimulist.html,
東京都,その他サービス,その他,新生したまち作業所,アクセサリー部品の計量・封入等,1310801335,突合済み,pref+city+name,新生したまち作業所,江東区,公表データ,物品・役務の情報リスト（全分類）,https://www.fukushi.metro.tokyo.lg.jp/shougai//shougai_shisaku/sokusin/buppin_ekimulist.html,e04375f2e334b45e
東京都,その他サービス,その他,東京ソテリアエンプロイメント,ポスティング,1312302043,突合済み,pref+city+name,東京ソテリアエンプロイメント,江戸川区,公表データ,物品・役務の情報リスト（全分類）,https://www.fukushi.metro.tokyo.lg.jp/shougai//shougai_shisaku/sokusin/buppin_ekimulist.html,ae9f67d79088727e
東京都,その他サービス,その他,江戸川区立希望の家,ボールペン組み立て,1312301292,突合済み,pref+city+name,江戸川区立希望の家,江戸川区,公表データ,物品・役務の情報リスト（全分類）,https://www.fukushi.metro.tokyo.lg.jp/shougai//shougai_shisaku/sokusin/buppin_ekimulist.html,4298ff9f0c165ea0
東京都,その他サービス,その他,泉の家,ワンちゃん用クッキー(さつまいも、チーズ、パンプキン、レバーの４種類個包装)※レバーはアレルギー対応となっています,1311200024,突合済み,pref+city+name,泉の家,世田谷区,公表データ,物品・役務の情報リスト（全分類）,https://www.fukushi.metro.tokyo.lg.jp/shougai//shougai_shisaku/sokusin/buppin_ekimulist.html,0931451611c2f55f
東京都,その他サービス,その他,町田おかしの家,パソコン等無料引き取り,1313200956,突合済み,pref+city+name,町田おかしの家,町田市,公表データ,物品・役務の情報リスト（全分類）,https://www.fukushi.metro.tokyo.lg.jp/shougai//shougai_shisaku/sokusin/buppin_ekimulist.html,8f42435c82df3f07
東京都,その他サービス,その他,目黒区立かみよん工房,メモ帳、羊毛キーホルダー,1311000606,突合済み,pref+city+name,目黒区立かみよん工房,目黒区,公表データ,物品・役務の情報リスト（全分類）,https://www.fukushi.metro.tokyo.lg.jp/shougai//shougai_shisaku/sokusin/buppin_ekimulist.html,bff7d08d343f7867
東京都,その他サービス,その他,目黒区立下目黒福祉工房,宛名シール貼り、箱・袋詰め、封入等,1311000630,突合済み,pref+city+name,目黒区立下目黒福祉工房,目黒区,公表データ,物品・役務の情報リスト（全分類）,https://www.fukushi.metro.tokyo.lg.jp/shougai//shougai_shisaku/sokusin/buppin_ekimulist.html,8d8ec428efa144df
東京都,その他サービス,その他,目黒区立目黒本町福祉工房,干支土鈴,1311000648,突合済み,pref+city+name,目黒区立目黒本町福祉工房,目黒区,公表データ,物品・役務の情報リスト（全分類）,https://www.fukushi.metro.tokyo.lg.jp/shougai//shougai_shisaku/sokusin/buppin_ekimulist.html,352e95847360f056
東京都,その他サービス,その他,精神障害者地域生活支援センターフィレ,簡単な部品の組み立て,,未突合,unmatched,,,公表データ,物品・役務の情報リスト（全分類）,https://www.fukushi.metro.tokyo.lg.jp/shougai//shougai_shisaku/sokusin/buppin_ekimulist.html,
東京都,その他サービス,その他,綾瀬ひまわり園,ラベル張り,1312100108,突合済み,pref+city+name,綾瀬ひまわり園,足立区,公表データ,物品・役務の情報リスト（全分類）,https://www.fukushi.metro.tokyo.lg.jp/shougai//shougai_shisaku/sokusin/buppin_ekimulist.html,f4194c97707d0dc8
東京都,その他サービス,その他,羽村市福祉センター,部品組み立て,1315000016,突合済み,pref+city+name,羽村市福祉センター,羽村市,公表データ,物品・役務の情報リスト（全分類）,https://www.fukushi.metro.tokyo.lg.jp/shougai//shougai_shisaku/sokusin/buppin_ekimulist.html,b4897d50a86a5b4f
東京都,その他サービス,その他,若人塾,ポスティング,1314700343,突合済み,pref+city+name,若人塾,多摩市,公表データ,物品・役務の情報リスト（全分類）,https://www.fukushi.metro.tokyo.lg.jp/shougai//shougai_shisaku/sokusin/buppin_ekimulist.html,fe0586beff7cd6cb
東京都,その他サービス,その他,葦の会作業所,公園花壇管理・植栽（花苗の栽培を行っています）,1312101494,突合済み,pref+city+name,葦の会作業所,足立区,公表データ,物品・役務の情報リスト（全分類）,https://www.fukushi.metro.tokyo.lg.jp/shougai//shougai_shisaku/sokusin/buppin_ekimulist.html,cb5cb4c8a0f8d053
東京都,その他サービス,その他,谷在家福祉作業所,ラベル貼り,1312101940,突合済み,pref+city+name,谷在家福祉作業所,足立区,公表データ,物品・役務の情報リスト（全分類）,https://www.fukushi.metro.tokyo.lg.jp/shougai//shougai_shisaku/sokusin/buppin_ekimulist.html,6461b819dd1c8bcb
東京都,その他サービス,その他,豊島区立目白生活実習所,原画缶バッチ,,未突合,unmatched,,,公表データ,物品・役務の情報リスト（全分類）,https://www.fukushi.metro.tokyo.lg.jp/shougai//shougai_shisaku/sokusin/buppin_ekimulist.html,
東京都,その他サービス,その他,足立区大谷田就労支援センター,名刺点字打刻,1312100090,突合済み,pref+city+name,足立区大谷田就労支援センター,足立区,公表データ,物品・役務の情報リスト（全分類）,https://www.fukushi.metro.tokyo.lg.jp/shougai//shougai_shisaku/sokusin/buppin_ekimulist.html,3f21c9fdaa673c59
東京都,その他サービス,その他,輝望 色えんぴつの家,屋外清掃（公園・団地）,,未突合,unmatched,,,公表データ,物品・役務の情報リスト（全分類）,https://www.fukushi.metro.tokyo.lg.jp/shougai//shougai_shisaku/sokusin/buppin_ekimulist.html,
東京都,その他サービス,その他,障害者就労支援センターなえぎ,除草・枝の剪定作業,1314800309,突合済み,pref+city+name,障害者就労支援センターなえぎ,稲城市,公表データ,物品・役務の情報リスト（全分類）,https://www.fukushi.metro.tokyo.lg.jp/shougai//shougai_shisaku/sokusin/buppin_ekimulist.html,44d999b744ca7f74
東京都,その他サービス,その他,ＧＩＦーＴＥＣＨｓ,動画編集,,未突合,unmatched,,,公表データ,物品・役務の情報リスト（全分類）,https://www.fukushi.metro.tokyo.lg.jp/shougai//shougai_shisaku/sokusin/buppin_ekimulist.html,
東京都,その他サービス,その他,ＧＩＦーＴＥＣＨｓ,ライティング,,未突合,unmatched,,,公表データ,物品・役務の情報リスト（全分類）,https://www.fukushi.metro.tokyo.lg.jp/shougai//shougai_shisaku/sokusin/buppin_ekimulist.html,
東京都,その他サービス,その他,ＧＩＦーＴＥＣＨｓ,SNS運用,,未突合,unmatched,,,公表データ,物品・役務の情報リスト（全分類）,https://www.fukushi.metro.tokyo.lg.jp/shougai//shougai_shisaku/sokusin/buppin_ekimulist.html,
東京都,その他サービス,その他,ＨＯＰＥ神田,訂正シール貼り,,未突合,ambiguous,,,公表データ,物品・役務の情報リスト（全分類）,https://www.fukushi.metro.tokyo.lg.jp/shougai//shougai_shisaku/sokusin/buppin_ekimulist.html,
東京都,事務用品・書籍,事務用品,ことのは,ボールペン組み立てなど,1312901752,突合済み,pref+city+name,ことのは,府中市,公表データ,物品・役務の情報リスト（全分類）,https://www.fukushi.metro.tokyo.lg.jp/shougai//shougai_shisaku/sokusin/buppin_ekimulist.html,1c3a87fe43d23ba4
東京都,事務用品・書籍,事務用品,すまいる・さぽーと品川,文具、事務用品、家庭用家具、オフィス家具、OA用品、ゴム印、日付印、親子印、書籍等オフィス用品全般のお取り扱いございます。全省庁統一資格の物品販売、役務提供の資格有ります。 東京都全地域の入札参加資格有ります。全国納品可能です,1310901119,突合済み,pref+city+name,すまいる・さぽーと品川,品川区,公表データ,物品・役務の情報リスト（全分類）,https://www.fukushi.metro.tokyo.lg.jp/shougai//shougai_shisaku/sokusin/buppin_ekimulist.html,cfd108e16f310da9
東京都,事務用品・書籍,事務用品,はなさく第二共同作業所,シャーペンキャップゴム入れ,1312101643,突合済み,pref+city+name,はなさく第二共同作業所,足立区,公表データ,物品・役務の情報リスト（全分類）,https://www.fukushi.metro.tokyo.lg.jp/shougai//shougai_shisaku/sokusin/buppin_ekimulist.html,5895e6f6f6f7a531
東京都,事務用品・書籍,事務用品,ふれあい作業所西大井,メモ帳,1310901077,突合済み,pref+city+name,ふれあい作業所西大井,品川区,公表データ,物品・役務の情報リスト（全分類）,https://www.fukushi.metro.tokyo.lg.jp/shougai//shougai_shisaku/sokusin/buppin_ekimulist.html,5e75515700af7b0f
東京都,事務用品・書籍,事務用品,やすらぎリバーシティ,ふせん,1312201914,突合済み,pref+city+name,やすらぎリバーシティ,葛飾区,公表データ,物品・役務の情報リスト（全分類）,https://www.fukushi.metro.tokyo.lg.jp/shougai//shougai_shisaku/sokusin/buppin_ekimulist.html,a9d245c3cebcec1c
東京都,事務用品・書籍,事務用品,りmix studio とら りmix store ゆきひょう,利用者さんの作品でつくった数多くの事務用品、雑貨を扱っており、ハガキ、ポストカード製品もあります。,,未突合,unmatched,,,公表データ,物品・役務の情報リスト（全分類）,https://www.fukushi.metro.tokyo.lg.jp/shougai//shougai_shisaku/sokusin/buppin_ekimulist.html,
東京都,事務用品・書籍,事務用品,ウィズミー,事務用品全般(文具、OA用品、オフィス家具、作業用品等),1311902736,突合済み,pref+city+name,ウィズミー,板橋区,公表データ,物品・役務の情報リスト（全分類）,https://www.fukushi.metro.tokyo.lg.jp/shougai//shougai_shisaku/sokusin/buppin_ekimulist.html,7eb43334a9e058f7
東京都,事務用品・書籍,事務用品,パイオニア,点字用紙リサイクル封筒、ポチ袋等の販売,1310401060,突合済み,pref+city+name,パイオニア,新宿区,公表データ,物品・役務の情報リスト（全分類）,https://www.fukushi.metro.tokyo.lg.jp/shougai//shougai_shisaku/sokusin/buppin_ekimulist.html,8ce4f3b76ca78154
東京都,事務用品・書籍,事務用品,リトルハウス,ポストカードの製作,1311901829,突合済み,pref+city+name,リトルハウス,板橋区,公表データ,物品・役務の情報リスト（全分類）,https://www.fukushi.metro.tokyo.lg.jp/shougai//shougai_shisaku/sokusin/buppin_ekimulist.html,dc1cfd2708d426e3
東京都,事務用品・書籍,事務用品,ワークプレイスアミカ（サポートセンターオ＇ハナ多機能型施設）,利用者がデザインしたちぎり絵のカレンダーやポストカードを販売しています。バースデーカードやインテリア、日頃のちょっとした感謝の気持ちを伝える時などにご活用いただけます。,,未突合,unmatched,,,公表データ,物品・役務の情報リスト（全分類）,https://www.fukushi.metro.tokyo.lg.jp/shougai//shougai_shisaku/sokusin/buppin_ekimulist.html,
東京都,事務用品・書籍,事務用品,世田谷区立 玉川福祉作業所,箱等組み立て,,未突合,ambiguous,,,公表データ,物品・役務の情報リスト（全分類）,https://www.fukushi.metro.tokyo.lg.jp/shougai//shougai_shisaku/sokusin/buppin_ekimulist.html,
東京都,事務用品・書籍,事務用品,世田谷区立 玉川福祉作業所,箱等組み立て,,未突合,ambiguous,,,公表データ,物品・役務の情報リスト（全分類）,https://www.fukushi.metro.tokyo.lg.jp/shougai//shougai_shisaku/sokusin/buppin_ekimulist.html,
東京都,事務用品・書籍,事務用品,友愛園,首掛けのネームホルダー販売（ビニール製）,,未突合,unmatched,,,公表データ,物品・役務の情報リスト（全分類）,https://www.fukushi.metro.tokyo.lg.jp/shougai//shougai_shisaku/sokusin/buppin_ekimulist.html,
東京都,事務用品・書籍,事務用品,小金井生活実習所,ポチ袋（その他雑貨）,1313300038,突合済み,pref+city+name,小金井生活実習所,小金井市,公表データ,物品・役務の情報リスト（全分類）,https://www.fukushi.metro.tokyo.lg.jp/shougai//shougai_shisaku/sokusin/buppin_ekimulist.html,bd75eb581be8df95
東京都,事務用品・書籍,事務用品,就労継続支援B型BaseCamp,ノート、ポストカードなど紙雑貨の作成,1311601635,突合済み,pref+city+name,就労継続支援B型BaseCamp,豊島区,公表データ,物品・役務の情報リスト（全分類）,https://www.fukushi.metro.tokyo.lg.jp/shougai//shougai_shisaku/sokusin/buppin_ekimulist.html,d3532fc1b871737c
東京都,事務用品・書籍,事務用品,江北ひまわり園,加工・組み立て・封入,1312104191,突合済み,pref+city+name,江北ひまわり園,足立区,公表データ,物品・役務の情報リスト（全分類）,https://www.fukushi.metro.tokyo.lg.jp/shougai//shougai_shisaku/sokusin/buppin_ekimulist.html,2d981367ceff21d7
東京都,事務用品・書籍,事務用品,結(ゆい)緑が丘,パステル画を描いた手作りポストカード,1314600501,突合済み,pref+city+name,結（ゆい）緑が丘,武蔵村山市,公表データ,物品・役務の情報リスト（全分類）,https://www.fukushi.metro.tokyo.lg.jp/shougai//shougai_shisaku/sokusin/buppin_ekimulist.html,8ad8e43aa21c0ceb
東京都,事務用品・書籍,事務用品,豊島区立目白福祉作業所,ノートブック,1311600702,突合済み,pref+city+name,豊島区立目白福祉作業所,豊島区,公表データ,物品・役務の情報リスト（全分類）,https://www.fukushi.metro.tokyo.lg.jp/shougai//shougai_shisaku/sokusin/buppin_ekimulist.html,8940e4e5d48d7c74
東京都,事務用品・書籍,事務用品,豊島区立駒込生活実習所,卓上カレンダー,,未突合,unmatched,,,公表データ,物品・役務の情報リスト（全分類）,https://www.fukushi.metro.tokyo.lg.jp/shougai//shougai_shisaku/sokusin/buppin_ekimulist.html,
東京都,事務用品・書籍,事務用品,豊島区立駒込生活実習所,フレークシール,,未突合,unmatched,,,公表データ,物品・役務の情報リスト（全分類）,https://www.fukushi.metro.tokyo.lg.jp/shougai//shougai_shisaku/sokusin/buppin_ekimulist.html,
東京都,印刷,印刷,あかつき授産所,印刷編集・印刷物作成,1314600071,突合済み,pref+city+name,あかつき授産所,武蔵村山市,公表データ,物品・役務の情報リスト（全分類）,https://www.fukushi.metro.tokyo.lg.jp/shougai//shougai_shisaku/sokusin/buppin_ekimulist.html,8555ceb90df7efc0
東京都,印刷,印刷,すまいる・さぽーと品川,名刺、封筒、伝票,1310901119,突合済み,pref+city+name,すまいる・さぽーと品川,品川区,公表データ,物品・役務の情報リスト（全分類）,https://www.fukushi.metro.tokyo.lg.jp/shougai//shougai_shisaku/sokusin/buppin_ekimulist.html,cfd108e16f310da9
東京都,印刷,印刷,たちかわーく,名刺,1312501081,突合済み,pref+city+name,たちかわーく,立川市,公表データ,物品・役務の情報リスト（全分類）,https://www.fukushi.metro.tokyo.lg.jp/shougai//shougai_shisaku/sokusin/buppin_ekimulist.html,5ee2f269c340d1fb
東京都,印刷,印刷,わーくす ここ・から,印刷、製本,,未突合,ambiguous,,,公表データ,物品・役務の情報リスト（全分類）,https://www.fukushi.metro.tokyo.lg.jp/shougai//shougai_shisaku/sokusin/buppin_ekimulist.html,
東京都,印刷,印刷,アビーム,各種印刷全般(名刺、封筒、冊子、チラシ、パンフレット他),1310500416,突合済み,pref+city+name,アビーム,文京区,公表データ,物品・役務の情報リスト（全分類）,https://www.fukushi.metro.tokyo.lg.jp/shougai//shougai_shisaku/sokusin/buppin_ekimulist.html,d3cf2541cd33bfce
東京都,印刷,印刷,イーストフライト,ポスター、パンフレット等各種印刷,1312302373,突合済み,pref+city+name,イーストフライト,江戸川区,公表データ,物品・役務の情報リスト（全分類）,https://www.fukushi.metro.tokyo.lg.jp/shougai//shougai_shisaku/sokusin/buppin_ekimulist.html,d94652efa50b72af
東京都,印刷,印刷,コラボたまワークセンターつくし,簡単な印刷,1314700251,突合済み,pref+city+name,コラボたま　ワークセンターつくし,多摩市,公表データ,物品・役務の情報リスト（全分類）,https://www.fukushi.metro.tokyo.lg.jp/shougai//shougai_shisaku/sokusin/buppin_ekimulist.html,630787a9fe919e9a
東京都,印刷,印刷,ワークセンターけやき,名刺、封筒、チラシ、パンフレット、冊子等の各種印刷物,1312600396,突合済み,pref+city+name,ワークセンターけやき,武蔵野市,公表データ,物品・役務の情報リスト（全分類）,https://www.fukushi.metro.tokyo.lg.jp/shougai//shougai_shisaku/sokusin/buppin_ekimulist.html,742b9cfd1480a356
東京都,印刷,印刷,世田谷区立 障害者就労支援センター すきっぷ,名刺の印刷,,未突合,ambiguous,,,公表データ,物品・役務の情報リスト（全分類）,https://www.fukushi.metro.tokyo.lg.jp/shougai//shougai_shisaku/sokusin/buppin_ekimulist.html,
東京都,印刷,印刷,世田谷区立 障害者就労支援センター すきっぷ,封筒の印刷,,未突合,ambiguous,,,公表データ,物品・役務の情報リスト（全分類）,https://www.fukushi.metro.tokyo.lg.jp/shougai//shougai_shisaku/sokusin/buppin_ekimulist.html,
東京都,印刷,印刷,世田谷区立世田谷福祉作業所,手漉き紙(名刺)の製造・販売,1311200164,突合済み,pref+city+name,世田谷区立世田谷福祉作業所,世田谷区,公表データ,物品・役務の情報リスト（全分類）,https://www.fukushi.metro.tokyo.lg.jp/shougai//shougai_shisaku/sokusin/buppin_ekimulist.html,fc5c1119f0f6ef97
東京都,印刷,印刷,中野区仲町就労支援事業所,印刷（名刺・封筒・チラシ等）,1311401085,突合済み,pref+city+name,中野区仲町就労支援事業所,中野区,公表データ,物品・役務の情報リスト（全分類）,https://www.fukushi.metro.tokyo.lg.jp/shougai//shougai_shisaku/sokusin/buppin_ekimulist.html,a71993ffb12b7725
東京都,印刷,印刷,創造農園,チラシ、ポスター、名刺、パンフレット、封筒の印刷、伝票の作成など。印刷物には幅広く対応可能です。詳細はお問い合わせください。,1313100750,突合済み,pref+city+name,創造農園,調布市,公表データ,物品・役務の情報リスト（全分類）,https://www.fukushi.metro.tokyo.lg.jp/shougai//shougai_shisaku/sokusin/buppin_ekimulist.html,a8f8e12c4b7d60ca
東京都,印刷,印刷,就労継続支援B型BaseCamp,Tシャツなどへのシルクスクリーンでの印刷作業,1311601635,突合済み,pref+city+name,就労継続支援B型BaseCamp,豊島区,公表データ,物品・役務の情報リスト（全分類）,https://www.fukushi.metro.tokyo.lg.jp/shougai//shougai_shisaku/sokusin/buppin_ekimulist.html,d3532fc1b871737c
東京都,印刷,印刷,板橋区立加賀福祉園,名刺印刷,,未突合,unmatched,,,公表データ,物品・役務の情報リスト（全分類）,https://www.fukushi.metro.tokyo.lg.jp/shougai//shougai_shisaku/sokusin/buppin_ekimulist.html,
東京都,印刷,印刷,板橋区立加賀福祉園,封筒印刷,,未突合,unmatched,,,公表データ,物品・役務の情報リスト（全分類）,https://www.fukushi.metro.tokyo.lg.jp/shougai//shougai_shisaku/sokusin/buppin_ekimulist.html,
東京都,印刷,印刷,目黒区立下目黒福祉工房,印刷(封筒・名刺、カレンダー、ショップカード等),1311000630,突合済み,pref+city+name,目黒区立下目黒福祉工房,目黒区,公表データ,物品・役務の情報リスト（全分類）,https://www.fukushi.metro.tokyo.lg.jp/shougai//shougai_shisaku/sokusin/buppin_ekimulist.html,8d8ec428efa144df
東京都,印刷,印刷,目黒区立目黒本町福祉工房,Tシャツ・エコバッグ,1311000648,突合済み,pref+city+name,目黒区立目黒本町福祉工房,目黒区,公表データ,物品・役務の情報リスト（全分類）,https://www.fukushi.metro.tokyo.lg.jp/shougai//shougai_shisaku/sokusin/buppin_ekimulist.html,352e95847360f056
東京都,印刷,印刷,足立区大谷田就労支援センター,名刺印刷,1312100090,突合済み,pref+city+name,足立区大谷田就労支援センター,足立区,公表データ,物品・役務の情報リスト（全分類）,https://www.fukushi.metro.tokyo.lg.jp/shougai//shougai_shisaku/sokusin/buppin_ekimulist.html,3f21c9fdaa673c59
東京都,封入・梱包,封入・封緘,AILE足立,封入・封緘・シール貼り,1312105164,突合済み,pref+city+name,ＡＩＬＥ足立,足立区,公表データ,物品・役務の情報リスト（全分類）,https://www.fukushi.metro.tokyo.lg.jp/shougai//shougai_shisaku/sokusin/buppin_ekimulist.html,2204e1a628a91a49
東京都,封入・梱包,封入・封緘,AOLA,DM・チラシの封入や発送、宛名シール貼り等,1311600710,突合済み,pref+city+name,AOLA,豊島区,公表データ,物品・役務の情報リスト（全分類）,https://www.fukushi.metro.tokyo.lg.jp/shougai//shougai_shisaku/sokusin/buppin_ekimulist.html,dda3f595d8aab15c
東京都,封入・梱包,封入・封緘,Beeワークス,ダイレクトメール封入・封緘作業,1312601279,突合済み,pref+city+name,Beeワークス,武蔵野市,公表データ,物品・役務の情報リスト（全分類）,https://www.fukushi.metro.tokyo.lg.jp/shougai//shougai_shisaku/sokusin/buppin_ekimulist.html,6bc586f058fadc01
東京都,封入・梱包,封入・封緘,ENTAS,印刷物等の封入・封緘・梱包,1311101750,突合済み,pref+city+name,ＥＮＴＡＳ,大田区,公表データ,物品・役務の情報リスト（全分類）,https://www.fukushi.metro.tokyo.lg.jp/shougai//shougai_shisaku/sokusin/buppin_ekimulist.html,2d619e0d39735d69
東京都,封入・梱包,封入・封緘,HOPE,清掃、用務、事務補助,1310601057,突合済み,pref+city+name,HOPE,台東区,公表データ,物品・役務の情報リスト（全分類）,https://www.fukushi.metro.tokyo.lg.jp/shougai//shougai_shisaku/sokusin/buppin_ekimulist.html,0ae7c1f3378815f1
東京都,封入・梱包,封入・封緘,ION第１事業所,封入、封緘,1313900902,突合済み,pref+city+name,ＩＯＮ第１事業所,西東京市,公表データ,物品・役務の情報リスト（全分類）,https://www.fukushi.metro.tokyo.lg.jp/shougai//shougai_shisaku/sokusin/buppin_ekimulist.html,9a5f56e6d2da7dae
東京都,封入・梱包,封入・封緘,S.Uストリート,ダイレクトメールの封入、封緘等の軽作業,1311501223,突合済み,pref+city+name,Ｓ．Ｕストリート,杉並区,公表データ,物品・役務の情報リスト（全分類）,https://www.fukushi.metro.tokyo.lg.jp/shougai//shougai_shisaku/sokusin/buppin_ekimulist.html,bbae301873ff342b
東京都,封入・梱包,封入・封緘,TODAY南品川,封入・封滅,,未突合,unmatched,,,公表データ,物品・役務の情報リスト（全分類）,https://www.fukushi.metro.tokyo.lg.jp/shougai//shougai_shisaku/sokusin/buppin_ekimulist.html,
東京都,封入・梱包,封入・封緘,Will,ダイレクトメールやチラシの封入・封緘,1310402902,突合済み,pref+city+name,Will,新宿区,公表データ,物品・役務の情報リスト（全分類）,https://www.fukushi.metro.tokyo.lg.jp/shougai//shougai_shisaku/sokusin/buppin_ekimulist.html,ce7a7a93b3160d7a
東京都,封入・梱包,封入・封緘,あけぼの作業所,チラシ、冊子、ポストカードなどの封入、封緘,1311501322,突合済み,pref+city+name,あけぼの作業所,杉並区,公表データ,物品・役務の情報リスト（全分類）,https://www.fukushi.metro.tokyo.lg.jp/shougai//shougai_shisaku/sokusin/buppin_ekimulist.html,d01a52ef693587d8
東京都,封入・梱包,封入・封緘,あゆみ福祉センター,チラシ、冊子の封入,1311701443,突合済み,pref+city+name,あゆみ福祉センター,北区,公表データ,物品・役務の情報リスト（全分類）,https://www.fukushi.metro.tokyo.lg.jp/shougai//shougai_shisaku/sokusin/buppin_ekimulist.html,d6d76f1479d63b60
東京都,封入・梱包,封入・封緘,いけぶくろ茜の里,封入作業,,未突合,ambiguous,,,公表データ,物品・役務の情報リスト（全分類）,https://www.fukushi.metro.tokyo.lg.jp/shougai//shougai_shisaku/sokusin/buppin_ekimulist.html,
東京都,封入・梱包,箱・袋詰,いすき立川,キャラクター製品や雑貨、お菓子等の梱包,,未突合,unmatched,,,公表データ,物品・役務の情報リスト（全分類）,https://www.fukushi.metro.tokyo.lg.jp/shougai//shougai_shisaku/sokusin/buppin_ekimulist.html,
東京都,封入・梱包,封入・封緘,えいぶる,封入作業,1314500362,突合済み,pref+city+name,えいぶる,東久留米市,公表データ,物品・役務の情報リスト（全分類）,https://www.fukushi.metro.tokyo.lg.jp/shougai//shougai_shisaku/sokusin/buppin_ekimulist.html,039adac6b0e2f506
東京都,封入・梱包,封入・封緘,こすもす浅草橋,チラシ封入封緘仕分け発送,1310600976,突合済み,pref+city+name,こすもす浅草橋,台東区,公表データ,物品・役務の情報リスト（全分類）,https://www.fukushi.metro.tokyo.lg.jp/shougai//shougai_shisaku/sokusin/buppin_ekimulist.html,9db47ce414681599
東京都,封入・梱包,封入・封緘,ことのは,ダイレクトメールやチラシの封入・封緘・シール貼り・発送作業など全般,1312901752,突合済み,pref+city+name,ことのは,府中市,公表データ,物品・役務の情報リスト（全分類）,https://www.fukushi.metro.tokyo.lg.jp/shougai//shougai_shisaku/sokusin/buppin_ekimulist.html,1c3a87fe43d23ba4
東京都,封入・梱包,箱・袋詰,さくらハウス,シール貼り、封入、検品等,1312201187,突合済み,pref+city+name,さくらハウス,葛飾区,公表データ,物品・役務の情報リスト（全分類）,https://www.fukushi.metro.tokyo.lg.jp/shougai//shougai_shisaku/sokusin/buppin_ekimulist.html,af73c30f2036aef1
東京都,封入・梱包,封入・封緘,さざんくろす篠崎,チラシや印刷物の封入封緘 ラベル貼り,1312303215,突合済み,pref+city+name,さざんくろす篠崎,江戸川区,公表データ,物品・役務の情報リスト（全分類）,https://www.fukushi.metro.tokyo.lg.jp/shougai//shougai_shisaku/sokusin/buppin_ekimulist.html,38edf9c4699791d1
東京都,封入・梱包,封入・封緘,すてっぷつばさ,軽作業（封入等）,,未突合,ambiguous,,,公表データ,物品・役務の情報リスト（全分類）,https://www.fukushi.metro.tokyo.lg.jp/shougai//shougai_shisaku/sokusin/buppin_ekimulist.html,
東京都,封入・梱包,箱・袋詰,すみだ花工房,封入作業全般,1310700479,突合済み,pref+city+name,すみだ花工房,墨田区,公表データ,物品・役務の情報リスト（全分類）,https://www.fukushi.metro.tokyo.lg.jp/shougai//shougai_shisaku/sokusin/buppin_ekimulist.html,499cf63abf3b5bda
東京都,封入・梱包,封入・封緘,たいとう第二福祉作業所,チラシの封入などの仕事をうけおっています。内容はご相談ください,1310600562,突合済み,pref+city+name,たいとう第二福祉作業所,台東区,公表データ,物品・役務の情報リスト（全分類）,https://www.fukushi.metro.tokyo.lg.jp/shougai//shougai_shisaku/sokusin/buppin_ekimulist.html,da6bf0d434cfdd49
東京都,封入・梱包,封入・封緘,たしざん福祉作業所,封入・封折りなどの軽作業,1312004193,突合済み,pref+city+name,たしざん福祉作業所,練馬区,公表データ,物品・役務の情報リスト（全分類）,https://www.fukushi.metro.tokyo.lg.jp/shougai//shougai_shisaku/sokusin/buppin_ekimulist.html,95328c6c5413c7f2
東京都,封入・梱包,封入・封緘,たちかわーく,軽作業,1312501081,突合済み,pref+city+name,たちかわーく,立川市,公表データ,物品・役務の情報リスト（全分類）,https://www.fukushi.metro.tokyo.lg.jp/shougai//shougai_shisaku/sokusin/buppin_ekimulist.html,5ee2f269c340d1fb
東京都,封入・梱包,封入・封緘,たなし工房,染め物（Tシャツ・ショール・トートバッグ・ポーチ・ハンカチ）、和紙製品などの小物（つまようじ入れ、カードケース、ブックカバー）。木工製品（えんぴつ型マグネット・画鋲）。,1313900332,突合済み,pref+city+name,たなし工房,西東京市,公表データ,物品・役務の情報リスト（全分類）,https://www.fukushi.metro.tokyo.lg.jp/shougai//shougai_shisaku/sokusin/buppin_ekimulist.html,09db7ce47520adfc
東京都,封入・梱包,封入・封緘,とくまる福祉作業所,チラシ類封入・封緘・発送、雑貨類全般,1311901704,突合済み,pref+city+name,とくまる福祉作業所,板橋区,公表データ,物品・役務の情報リスト（全分類）,https://www.fukushi.metro.tokyo.lg.jp/shougai//shougai_shisaku/sokusin/buppin_ekimulist.html,f67abf7b2d5c3142
東京都,封入・梱包,封入・封緘,とちの実作業所,ダイレクトメール等の丁合い、封入、封緘、発送,1311101669,突合済み,pref+city+name,とちの実作業所,大田区,公表データ,物品・役務の情報リスト（全分類）,https://www.fukushi.metro.tokyo.lg.jp/shougai//shougai_shisaku/sokusin/buppin_ekimulist.html,05d16e21cd5983d0
東京都,封入・梱包,封入・封緘,なないろ,ダイレクトメールの封入,,未突合,unmatched,,,公表データ,物品・役務の情報リスト（全分類）,https://www.fukushi.metro.tokyo.lg.jp/shougai//shougai_shisaku/sokusin/buppin_ekimulist.html,
東京都,封入・梱包,封入・封緘,にゃんこの館,冊子封入等の軽作業,1311201832,突合済み,pref+city+name,にゃんこの館,世田谷区,公表データ,物品・役務の情報リスト（全分類）,https://www.fukushi.metro.tokyo.lg.jp/shougai//shougai_shisaku/sokusin/buppin_ekimulist.html,b42275c30aa9c5d8
東京都,封入・梱包,封入・封緘,ねりま第二事業所,ダイレクトメールの封入封緘 ラベル張り,1312001819,突合済み,pref+city+name,ねりま第二事業所,練馬区,公表データ,物品・役務の情報リスト（全分類）,https://www.fukushi.metro.tokyo.lg.jp/shougai//shougai_shisaku/sokusin/buppin_ekimulist.html,78fb20c45a591a43
東京都,封入・梱包,封入・封緘,はすね福祉作業所,ダイレクトメールの丁合、封入、封緘、宛名シール貼り,,未突合,unmatched,,,公表データ,物品・役務の情報リスト（全分類）,https://www.fukushi.metro.tokyo.lg.jp/shougai//shougai_shisaku/sokusin/buppin_ekimulist.html,
東京都,封入・梱包,箱・袋詰,はすね福祉作業所,部品のシール貼り、セット組み,,未突合,unmatched,,,公表データ,物品・役務の情報リスト（全分類）,https://www.fukushi.metro.tokyo.lg.jp/shougai//shougai_shisaku/sokusin/buppin_ekimulist.html,
東京都,封入・梱包,封入・封緘,はなさく第二共同作業所,チラシ、新聞の封入封緘,1312101643,突合済み,pref+city+name,はなさく第二共同作業所,足立区,公表データ,物品・役務の情報リスト（全分類）,https://www.fukushi.metro.tokyo.lg.jp/shougai//shougai_shisaku/sokusin/buppin_ekimulist.html,5895e6f6f6f7a531
東京都,封入・梱包,封入・封緘,は～と・ピア２,封入・封緘作業,,未突合,unmatched,,,公表データ,物品・役務の情報リスト（全分類）,https://www.fukushi.metro.tokyo.lg.jp/shougai//shougai_shisaku/sokusin/buppin_ekimulist.html,
東京都,封入・梱包,封入・封緘,は～と豊島,各企業の広告DMや、パンフレット等の封入・封緘等,,未突合,unmatched,,,公表データ,物品・役務の情報リスト（全分類）,https://www.fukushi.metro.tokyo.lg.jp/shougai//shougai_shisaku/sokusin/buppin_ekimulist.html,
東京都,封入・梱包,箱・袋詰,は～と豊島,お茶ティーバッグの数え&袋詰め、粉計量など,,未突合,unmatched,,,公表データ,物品・役務の情報リスト（全分類）,https://www.fukushi.metro.tokyo.lg.jp/shougai//shougai_shisaku/sokusin/buppin_ekimulist.html,
東京都,封入・梱包,封入・封緘,ひなたの道生活介護事業所,簡単なダイレクトメールの封入・封緘作業,,未突合,unmatched,,,公表データ,物品・役務の情報リスト（全分類）,https://www.fukushi.metro.tokyo.lg.jp/shougai//shougai_shisaku/sokusin/buppin_ekimulist.html,
東京都,封入・梱包,封入・封緘,ひのきのその,封入作業等の軽作業,1315400026,突合済み,pref+name,ひのきのその,あきる野市,公表データ,物品・役務の情報リスト（全分類）,https://www.fukushi.metro.tokyo.lg.jp/shougai//shougai_shisaku/sokusin/buppin_ekimulist.html,155037755aa27dd9
東京都,封入・梱包,封入・封緘,ひまわり作業所,封入・封緘・紙折り,1311500076,突合済み,pref+city+name,ひまわり作業所,杉並区,公表データ,物品・役務の情報リスト（全分類）,https://www.fukushi.metro.tokyo.lg.jp/shougai//shougai_shisaku/sokusin/buppin_ekimulist.html,ed5587504493db18
東京都,封入・梱包,封入・封緘,ふる里学舎本郷,各種内職作業（作業内容については応相談）,1310500911,突合済み,pref+city+name,ふる里学舎本郷,文京区,公表データ,物品・役務の情報リスト（全分類）,https://www.fukushi.metro.tokyo.lg.jp/shougai//shougai_shisaku/sokusin/buppin_ekimulist.html,f1ca1db3e21cbe2b
東京都,封入・梱包,封入・封緘,みどりの森,ダイレクトメールやチラシの封入・封緘・シール貼り等,1313600387,突合済み,pref+city+name,みどりの森,東村山市,公表データ,物品・役務の情報リスト（全分類）,https://www.fukushi.metro.tokyo.lg.jp/shougai//shougai_shisaku/sokusin/buppin_ekimulist.html,30649bce356195b6
東京都,封入・梱包,封入・封緘,ゆいのもりわかば,DMの封入・封緘,1313000190,突合済み,pref+city+name,ゆいのもりわかば,昭島市,公表データ,物品・役務の情報リスト（全分類）,https://www.fukushi.metro.tokyo.lg.jp/shougai//shougai_shisaku/sokusin/buppin_ekimulist.html,5efc38ec300d3dd8
東京都,封入・梱包,封入・封緘,ゆめ工房北砂,ダイレクトメールの封入・封緘・発送代行、紙製キーケース等の組み立て作業,1310800592,突合済み,pref+city+name,ゆめ工房北砂,江東区,公表データ,物品・役務の情報リスト（全分類）,https://www.fukushi.metro.tokyo.lg.jp/shougai//shougai_shisaku/sokusin/buppin_ekimulist.html,91727d9d4bfee6a8
東京都,封入・梱包,封入・封緘,よつばのわ,封入・封緘作業,1311801581,突合済み,pref+city+name,よつばのわ,荒川区,公表データ,物品・役務の情報リスト（全分類）,https://www.fukushi.metro.tokyo.lg.jp/shougai//shougai_shisaku/sokusin/buppin_ekimulist.html,46b0edb8a6dc9b76
東京都,封入・梱包,封入・封緘,わーくす ここ・から,封入・封緘,,未突合,ambiguous,,,公表データ,物品・役務の情報リスト（全分類）,https://www.fukushi.metro.tokyo.lg.jp/shougai//shougai_shisaku/sokusin/buppin_ekimulist.html,
東京都,封入・梱包,封入・封緘,アイビー,封入・梱包,1310200686,突合済み,pref+city+name,アイビー,中央区,公表データ,物品・役務の情報リスト（全分類）,https://www.fukushi.metro.tokyo.lg.jp/shougai//shougai_shisaku/sokusin/buppin_ekimulist.html,c3d94f53de35a0cf
東京都,封入・梱包,封入・封緘,アビーム,学会誌・DMなどの封入・封緘および発送作業,1310500416,突合済み,pref+city+name,アビーム,文京区,公表データ,物品・役務の情報リスト（全分類）,https://www.fukushi.metro.tokyo.lg.jp/shougai//shougai_shisaku/sokusin/buppin_ekimulist.html,d3cf2541cd33bfce
東京都,封入・梱包,封入・封緘,アリス,封入封緘作業,1312101437,突合済み,pref+city+name,アリス,足立区,公表データ,物品・役務の情報リスト（全分類）,https://www.fukushi.metro.tokyo.lg.jp/shougai//shougai_shisaku/sokusin/buppin_ekimulist.html,c6bdad1ed8a6d53f
東京都,封入・梱包,箱・袋詰,ウィズミー,箱折り、組立、箱詰め、袋入れ、梱包、ラベル貼り 等,1311902736,突合済み,pref+city+name,ウィズミー,板橋区,公表データ,物品・役務の情報リスト（全分類）,https://www.fukushi.metro.tokyo.lg.jp/shougai//shougai_shisaku/sokusin/buppin_ekimulist.html,7eb43334a9e058f7
東京都,封入・梱包,箱・袋詰,ウイング稲城長沼Believe,菓子の箱詰め、箸の袋いれ,1314800358,突合済み,pref+city+name,ウイング稲城長沼　Believe,稲城市,公表データ,物品・役務の情報リスト（全分類）,https://www.fukushi.metro.tokyo.lg.jp/shougai//shougai_shisaku/sokusin/buppin_ekimulist.html,3c83c7db0a7c217e
東京都,封入・梱包,封入・封緘,エヌフィットキャリアカレッジ日本橋,封入、封緘および宛名貼り、データ入力、アンケート調査、住所録入力など,,未突合,ambiguous,,,公表データ,物品・役務の情報リスト（全分類）,https://www.fukushi.metro.tokyo.lg.jp/shougai//shougai_shisaku/sokusin/buppin_ekimulist.html,
東京都,封入・梱包,封入・封緘,キッチンさかえ,封入・封緘,1312500703,突合済み,pref+city+name,キッチンさかえ,立川市,公表データ,物品・役務の情報リスト（全分類）,https://www.fukushi.metro.tokyo.lg.jp/shougai//shougai_shisaku/sokusin/buppin_ekimulist.html,4890ea3d892d1a15
東京都,封入・梱包,封入・封緘,コア・デイケア・センター,チラシの封入等,,未突合,ambiguous,,,公表データ,物品・役務の情報リスト（全分類）,https://www.fukushi.metro.tokyo.lg.jp/shougai//shougai_shisaku/sokusin/buppin_ekimulist.html,
東京都,封入・梱包,箱・袋詰,コア・デイケア・センター,袋詰め、値札付け,,未突合,ambiguous,,,公表データ,物品・役務の情報リスト（全分類）,https://www.fukushi.metro.tokyo.lg.jp/shougai//shougai_shisaku/sokusin/buppin_ekimulist.html,
東京都,封入・梱包,箱・袋詰,コミュニティルーム友訪,商品封入、発送 箸の袋入れ 柔軟剤シート箱詰め,1313900407,突合済み,pref+city+name,コミュニティルーム友訪,西東京市,公表データ,物品・役務の情報リスト（全分類）,https://www.fukushi.metro.tokyo.lg.jp/shougai//shougai_shisaku/sokusin/buppin_ekimulist.html,353d6f7f2f36c12a
東京都,封入・梱包,封入・封緘,コラボたまワークセンターつくし,DM封入・シール貼,1314700251,突合済み,pref+city+name,コラボたま　ワークセンターつくし,多摩市,公表データ,物品・役務の情報リスト（全分類）,https://www.fukushi.metro.tokyo.lg.jp/shougai//shougai_shisaku/sokusin/buppin_ekimulist.html,630787a9fe919e9a
東京都,封入・梱包,封入・封緘,サンハウス,DM・チラシの封入や発送、宛名シール貼り等,,未突合,unmatched,,,公表データ,物品・役務の情報リスト（全分類）,https://www.fukushi.metro.tokyo.lg.jp/shougai//shougai_shisaku/sokusin/buppin_ekimulist.html,
東京都,封入・梱包,箱・袋詰,サンハウス,食品以外の袋詰め,,未突合,unmatched,,,公表データ,物品・役務の情報リスト（全分類）,https://www.fukushi.metro.tokyo.lg.jp/shougai//shougai_shisaku/sokusin/buppin_ekimulist.html,
東京都,封入・梱包,箱・袋詰,サンハウス,箱組み立て,,未突合,unmatched,,,公表データ,物品・役務の情報リスト（全分類）,https://www.fukushi.metro.tokyo.lg.jp/shougai//shougai_shisaku/sokusin/buppin_ekimulist.html,
東京都,封入・梱包,封入・封緘,サンワーク田無,ダイレクトメールの封入封緘や商品の梱包作業など,1313900316,突合済み,pref+city+name,サンワーク田無,西東京市,公表データ,物品・役務の情報リスト（全分類）,https://www.fukushi.metro.tokyo.lg.jp/shougai//shougai_shisaku/sokusin/buppin_ekimulist.html,23dfc6f07a258c6d
東京都,封入・梱包,封入・封緘,ジョイナス,DM,1314600493,突合済み,pref+city+name,ジョイナス,武蔵村山市,公表データ,物品・役務の情報リスト（全分類）,https://www.fukushi.metro.tokyo.lg.jp/shougai//shougai_shisaku/sokusin/buppin_ekimulist.html,7227efba0d319f51
東京都,封入・梱包,封入・封緘,チャレンジャー,ダイレクトメール封入・封緘作業、発送代行、梱包作業,1312600339,突合済み,pref+city+name,チャレンジャー,武蔵野市,公表データ,物品・役務の情報リスト（全分類）,https://www.fukushi.metro.tokyo.lg.jp/shougai//shougai_shisaku/sokusin/buppin_ekimulist.html,e6241df891d404d8
東京都,封入・梱包,封入・封緘,デイサービスかたぐるま,冊子封入,,未突合,unmatched,,,公表データ,物品・役務の情報リスト（全分類）,https://www.fukushi.metro.tokyo.lg.jp/shougai//shougai_shisaku/sokusin/buppin_ekimulist.html,
東京都,封入・梱包,箱・袋詰,デイサービスかたぐるま,箱折り・組み立て・封入,,未突合,unmatched,,,公表データ,物品・役務の情報リスト（全分類）,https://www.fukushi.metro.tokyo.lg.jp/shougai//shougai_shisaku/sokusin/buppin_ekimulist.html,
東京都,封入・梱包,封入・封緘,ドリーム トリップ,事業所用調査票や案内等のダイレクトメールやチラシの封入・封緘,1311103897,突合済み,pref+city+name,ドリーム　トリップ,大田区,公表データ,物品・役務の情報リスト（全分類）,https://www.fukushi.metro.tokyo.lg.jp/shougai//shougai_shisaku/sokusin/buppin_ekimulist.html,6dee31d10a3ba9b9
東京都,封入・梱包,封入・封緘,ナチュラルプランツ・サポート,封入封緘作業は、冊子・サンプル・挨拶状など正確・丁寧・迅速に作業をします。タオル熨斗付け作業や箸の台紙差し込みも対応。発送対応も致します。,1310200496,突合済み,pref+city+name,ナチュラルプランツ・サポート,中央区,公表データ,物品・役務の情報リスト（全分類）,https://www.fukushi.metro.tokyo.lg.jp/shougai//shougai_shisaku/sokusin/buppin_ekimulist.html,fb92271b8c7e12b0
東京都,封入・梱包,封入・封緘,ハートエース,細かい作業や封入・封緘などの軽作業,1312402876,突合済み,pref+city+name,ハートエース,八王子市,公表データ,物品・役務の情報リスト（全分類）,https://www.fukushi.metro.tokyo.lg.jp/shougai//shougai_shisaku/sokusin/buppin_ekimulist.html,24ceba58a976820e
東京都,封入・梱包,封入・封緘,バウム,封入・封緘,1313400580,突合済み,pref+city+name,バウム,小平市,公表データ,物品・役務の情報リスト（全分類）,https://www.fukushi.metro.tokyo.lg.jp/shougai//shougai_shisaku/sokusin/buppin_ekimulist.html,f5af7059b2d3e9a6
東京都,封入・梱包,封入・封緘,フラワー工房さくら,ダイレクトメールやチラシ封入,1313300723,突合済み,pref+city+name,フラワー工房さくら,小金井市,公表データ,物品・役務の情報リスト（全分類）,https://www.fukushi.metro.tokyo.lg.jp/shougai//shougai_shisaku/sokusin/buppin_ekimulist.html,eeb30930daf3375a
東京都,封入・梱包,封入・封緘,フレッシュスタート目白,封入作業,1310402084,突合済み,pref+city+name,フレッシュスタート目白,新宿区,公表データ,物品・役務の情報リスト（全分類）,https://www.fukushi.metro.tokyo.lg.jp/shougai//shougai_shisaku/sokusin/buppin_ekimulist.html,19579bc5834b2c90
東京都,封入・梱包,封入・封緘,プラーナ新宿,サンプル品等の封入・封緘,,未突合,ambiguous,,,公表データ,物品・役務の情報リスト（全分類）,https://www.fukushi.metro.tokyo.lg.jp/shougai//shougai_shisaku/sokusin/buppin_ekimulist.html,
東京都,封入・梱包,封入・封緘,プロジェクツけやきのもり,封入封緘・サンプル品・冊子・チラシ等,1312900713,突合済み,pref+city+name,プロジェクツけやきのもり,府中市,公表データ,物品・役務の情報リスト（全分類）,https://www.fukushi.metro.tokyo.lg.jp/shougai//shougai_shisaku/sokusin/buppin_ekimulist.html,74f5c654f7b1b266
東京都,封入・梱包,封入・封緘,リトルハウス,DM等の封入・封緘・宛名貼り作業,1311901829,突合済み,pref+city+name,リトルハウス,板橋区,公表データ,物品・役務の情報リスト（全分類）,https://www.fukushi.metro.tokyo.lg.jp/shougai//shougai_shisaku/sokusin/buppin_ekimulist.html,dc1cfd2708d426e3
東京都,封入・梱包,封入・封緘,ルピュル,DM等の丁合、封入、封緘,,未突合,unmatched,,,公表データ,物品・役務の情報リスト（全分類）,https://www.fukushi.metro.tokyo.lg.jp/shougai//shougai_shisaku/sokusin/buppin_ekimulist.html,
東京都,封入・梱包,箱・袋詰,ルピュル,箱の組み立て、,,未突合,unmatched,,,公表データ,物品・役務の情報リスト（全分類）,https://www.fukushi.metro.tokyo.lg.jp/shougai//shougai_shisaku/sokusin/buppin_ekimulist.html,
東京都,封入・梱包,封入・封緘,ワクわーく,印刷物やノベルティーグッズの封入封緘ラベル貼り+発送代行,1311401663,突合済み,pref+city+name,ワクわーく,中野区,公表データ,物品・役務の情報リスト（全分類）,https://www.fukushi.metro.tokyo.lg.jp/shougai//shougai_shisaku/sokusin/buppin_ekimulist.html,0c5a052c40c21f9a
東京都,封入・梱包,封入・封緘,ワークみらい,封入・封緘作業,1311502825,突合済み,pref+city+name,ワークみらい,杉並区,公表データ,物品・役務の情報リスト（全分類）,https://www.fukushi.metro.tokyo.lg.jp/shougai//shougai_shisaku/sokusin/buppin_ekimulist.html,83241cf856fafb75
東京都,封入・梱包,封入・封緘,ワークイン関前,ダイレクトメール封入・封緘作業、梱包作業,1312600354,突合済み,pref+city+name,ワークイン関前,武蔵野市,公表データ,物品・役務の情報リスト（全分類）,https://www.fukushi.metro.tokyo.lg.jp/shougai//shougai_shisaku/sokusin/buppin_ekimulist.html,c9c5be6c2c79344b
東京都,封入・梱包,封入・封緘,ワークステージりぷる,ダイレクトメールの封入・封緘作業,1312600743,突合済み,pref+city+name,ワークステージりぷる,武蔵野市,公表データ,物品・役務の情報リスト（全分類）,https://www.fukushi.metro.tokyo.lg.jp/shougai//shougai_shisaku/sokusin/buppin_ekimulist.html,68c3344b211f32ae
東京都,封入・梱包,封入・封緘,ワークセンターけやき,官公庁の各種通知書や、ダイレクトメールの封入封かん作業,1312600396,突合済み,pref+city+name,ワークセンターけやき,武蔵野市,公表データ,物品・役務の情報リスト（全分類）,https://www.fukushi.metro.tokyo.lg.jp/shougai//shougai_shisaku/sokusin/buppin_ekimulist.html,742b9cfd1480a356
東京都,封入・梱包,封入・封緘,ワークセンター大地,ダイレクトメール,,未突合,unmatched,,,公表データ,物品・役務の情報リスト（全分類）,https://www.fukushi.metro.tokyo.lg.jp/shougai//shougai_shisaku/sokusin/buppin_ekimulist.html,
東京都,封入・梱包,封入・封緘,ワークハウスペガサス,冊子・DM発送作業(宛名、折り、丁合等含む),1311701351,突合済み,pref+city+name,ワークハウスペガサス,北区,公表データ,物品・役務の情報リスト（全分類）,https://www.fukushi.metro.tokyo.lg.jp/shougai//shougai_shisaku/sokusin/buppin_ekimulist.html,75b58966c7123d98
東京都,封入・梱包,封入・封緘,ワークランド・フレンドパーク,ダイレクトメールやチラシ等の封入・封緘等、メール便の仕分け、ラベル貼り等,1311201717,突合済み,pref+city+name,ワークランド・フレンドパーク,世田谷区,公表データ,物品・役務の情報リスト（全分類）,https://www.fukushi.metro.tokyo.lg.jp/shougai//shougai_shisaku/sokusin/buppin_ekimulist.html,b2202b3fe7b8cd2b
東京都,封入・梱包,封入・封緘,ワーク・イン・あすか,封入封緘,1311701245,突合済み,pref+city+name,ワーク・イン・あすか,北区,公表データ,物品・役務の情報リスト（全分類）,https://www.fukushi.metro.tokyo.lg.jp/shougai//shougai_shisaku/sokusin/buppin_ekimulist.html,21843f8a8d5692f2
東京都,封入・梱包,封入・封緘,ワーク・スペース・ポピー,封入・封緘,1311701336,突合済み,pref+city+name,ワーク・スペース・ポピー,北区,公表データ,物品・役務の情報リスト（全分類）,https://www.fukushi.metro.tokyo.lg.jp/shougai//shougai_shisaku/sokusin/buppin_ekimulist.html,14bfb4112cd7326e
東京都,封入・梱包,封入・封緘,ワーク＆ショップ＜はらっぱ＞,DM・試供品等の封入,1311300543,突合済み,pref+city+name,ワーク＆ショップ＜はらっぱ＞,渋谷区,公表データ,物品・役務の情報リスト（全分類）,https://www.fukushi.metro.tokyo.lg.jp/shougai//shougai_shisaku/sokusin/buppin_ekimulist.html,7b7608b4fdbff43f
東京都,封入・梱包,封入・封緘,三鷹ひまわり第二共同作業所,封入・封緘作業,1312700410,突合済み,pref+city+name,三鷹ひまわり第二共同作業所,三鷹市,公表データ,物品・役務の情報リスト（全分類）,https://www.fukushi.metro.tokyo.lg.jp/shougai//shougai_shisaku/sokusin/buppin_ekimulist.html,c03228defecba0b2
東京都,封入・梱包,封入・封緘,世田谷区立 障害者就労支援センター すきっぷ,受注作業,,未突合,ambiguous,,,公表データ,物品・役務の情報リスト（全分類）,https://www.fukushi.metro.tokyo.lg.jp/shougai//shougai_shisaku/sokusin/buppin_ekimulist.html,
東京都,封入・梱包,箱・袋詰,世田谷区立 障害者就労支援センター すきっぷ,受注作業,,未突合,ambiguous,,,公表データ,物品・役務の情報リスト（全分類）,https://www.fukushi.metro.tokyo.lg.jp/shougai//shougai_shisaku/sokusin/buppin_ekimulist.html,
東京都,封入・梱包,封入・封緘,世田谷区立下馬福祉工房,封入作業,1311200131,突合済み,pref+city+name,世田谷区立下馬福祉工房,世田谷区,公表データ,物品・役務の情報リスト（全分類）,https://www.fukushi.metro.tokyo.lg.jp/shougai//shougai_shisaku/sokusin/buppin_ekimulist.html,336b95fcb6c95e26
東京都,封入・梱包,封入・封緘,世田谷区立世田谷福祉作業所,DM封入・発送作業,1311200164,突合済み,pref+city+name,世田谷区立世田谷福祉作業所,世田谷区,公表データ,物品・役務の情報リスト（全分類）,https://www.fukushi.metro.tokyo.lg.jp/shougai//shougai_shisaku/sokusin/buppin_ekimulist.html,fc5c1119f0f6ef97
東京都,封入・梱包,封入・封緘,世田谷区立岡本福祉作業ホーム,チラシ・ボールペンなどの袋詰め及び封緘作業,1311200107,突合済み,pref+city+name,世田谷区立岡本福祉作業ホーム,世田谷区,公表データ,物品・役務の情報リスト（全分類）,https://www.fukushi.metro.tokyo.lg.jp/shougai//shougai_shisaku/sokusin/buppin_ekimulist.html,fa705bfab9c9fdac
東京都,封入・梱包,封入・封緘,世田谷更生館,封入・封緘,1311200016,突合済み,pref+city+name,世田谷更生館,世田谷区,公表データ,物品・役務の情報リスト（全分類）,https://www.fukushi.metro.tokyo.lg.jp/shougai//shougai_shisaku/sokusin/buppin_ekimulist.html,92962d192b4bca84
東京都,封入・梱包,箱・袋詰,中央区立 福祉センター明石町作業室,タオル折り、のし掛け、ポリ袋入れ,,未突合,unmatched,,,公表データ,物品・役務の情報リスト（全分類）,https://www.fukushi.metro.tokyo.lg.jp/shougai//shougai_shisaku/sokusin/buppin_ekimulist.html,
東京都,封入・梱包,箱・袋詰,中央区立 福祉センター明石町作業室,箱組立て,,未突合,unmatched,,,公表データ,物品・役務の情報リスト（全分類）,https://www.fukushi.metro.tokyo.lg.jp/shougai//shougai_shisaku/sokusin/buppin_ekimulist.html,
東京都,封入・梱包,箱・袋詰,仲間の家,菓子の箱折り、商品券の箱折り、箸の袋詰め、雑貨の袋詰めなど,1313600551,突合済み,pref+city+name,仲間の家,東村山市,公表データ,物品・役務の情報リスト（全分類）,https://www.fukushi.metro.tokyo.lg.jp/shougai//shougai_shisaku/sokusin/buppin_ekimulist.html,1c8d8e4659810ebb
東京都,封入・梱包,封入・封緘,作業所TOTTO,封入・封緘,1312901729,突合済み,pref+city+name,作業所TOTTO,府中市,公表データ,物品・役務の情報リスト（全分類）,https://www.fukushi.metro.tokyo.lg.jp/shougai//shougai_shisaku/sokusin/buppin_ekimulist.html,743b0412d4393b1a
東京都,封入・梱包,封入・封緘,八幡作業所,ダイレクトメール封入・封緘作業、梱包作業,1312600628,突合済み,pref+city+name,八幡作業所,武蔵野市,公表データ,物品・役務の情報リスト（全分類）,https://www.fukushi.metro.tokyo.lg.jp/shougai//shougai_shisaku/sokusin/buppin_ekimulist.html,94afa72364df6ab8
東京都,封入・梱包,封入・封緘,創造農園,"封入物の折りから封入、封緘までの一連の作業。""複数の封入物の丁合、封緘後の郵便局等への持ち込みにも対応しております。 長４サイズから角０サイズ等の大型の封筒への封入も対応可能です。""",1313100750,突合済み,pref+city+name,創造農園,調布市,公表データ,物品・役務の情報リスト（全分類）,https://www.fukushi.metro.tokyo.lg.jp/shougai//shougai_shisaku/sokusin/buppin_ekimulist.html,a8f8e12c4b7d60ca
東京都,封入・梱包,封入・封緘,北区立 たばた福祉作業所,小物・封筒等の封入・封緘,,未突合,unmatched,,,公表データ,物品・役務の情報リスト（全分類）,https://www.fukushi.metro.tokyo.lg.jp/shougai//shougai_shisaku/sokusin/buppin_ekimulist.html,
東京都,封入・梱包,箱・袋詰,北区立 たばた福祉作業所,菓子箱等の箱折,,未突合,unmatched,,,公表データ,物品・役務の情報リスト（全分類）,https://www.fukushi.metro.tokyo.lg.jp/shougai//shougai_shisaku/sokusin/buppin_ekimulist.html,
東京都,封入・梱包,封入・封緘,北区立王子福祉作業所,封入作業（ダイレクトメール・チラシ・冊子）,,未突合,unmatched,,,公表データ,物品・役務の情報リスト（全分類）,https://www.fukushi.metro.tokyo.lg.jp/shougai//shougai_shisaku/sokusin/buppin_ekimulist.html,
東京都,封入・梱包,封入・封緘,北区立王子福祉作業所,宛名・バーコード等シール貼り,,未突合,unmatched,,,公表データ,物品・役務の情報リスト（全分類）,https://www.fukushi.metro.tokyo.lg.jp/shougai//shougai_shisaku/sokusin/buppin_ekimulist.html,
東京都,封入・梱包,箱・袋詰,北区立王子福祉作業所,セット詰め（袋詰・箱詰）,,未突合,unmatched,,,公表データ,物品・役務の情報リスト（全分類）,https://www.fukushi.metro.tokyo.lg.jp/shougai//shougai_shisaku/sokusin/buppin_ekimulist.html,
東京都,封入・梱包,封入・封緘,北区立赤羽西 福祉作業所,ファイル封入,,未突合,unmatched,,,公表データ,物品・役務の情報リスト（全分類）,https://www.fukushi.metro.tokyo.lg.jp/shougai//shougai_shisaku/sokusin/buppin_ekimulist.html,
東京都,封入・梱包,箱・袋詰,北区立赤羽西 福祉作業所,箱折り,,未突合,unmatched,,,公表データ,物品・役務の情報リスト（全分類）,https://www.fukushi.metro.tokyo.lg.jp/shougai//shougai_shisaku/sokusin/buppin_ekimulist.html,
東京都,封入・梱包,封入・封緘,北区立赤羽西 福祉作業所,両面テープ、シール貼り,,未突合,unmatched,,,公表データ,物品・役務の情報リスト（全分類）,https://www.fukushi.metro.tokyo.lg.jp/shougai//shougai_shisaku/sokusin/buppin_ekimulist.html,
東京都,封入・梱包,封入・封緘,品川区立西大井福祉園,チラシ組み,1310900012,突合済み,pref+city+name,品川区立西大井福祉園,品川区,公表データ,物品・役務の情報リスト（全分類）,https://www.fukushi.metro.tokyo.lg.jp/shougai//shougai_shisaku/sokusin/buppin_ekimulist.html,738d245db0e1e7aa
東京都,封入・梱包,封入・封緘,品川宿,三つ折りや四つ折りなど折る作業、及び丁合、封入、封緘、ラベル貼りなど一連の作業が可能です。,1310901515,突合済み,pref+city+name,品川宿,品川区,公表データ,物品・役務の情報リスト（全分類）,https://www.fukushi.metro.tokyo.lg.jp/shougai//shougai_shisaku/sokusin/buppin_ekimulist.html,c2f08d4461152115
東京都,封入・梱包,封入・封緘,墨田さんさんプラザ,チラシ・DM等の封入・封緘,1310700040,突合済み,pref+city+name,墨田さんさんプラザ,墨田区,公表データ,物品・役務の情報リスト（全分類）,https://www.fukushi.metro.tokyo.lg.jp/shougai//shougai_shisaku/sokusin/buppin_ekimulist.html,5ecc4f504c796842
東京都,封入・梱包,封入・封緘,大田区立くすのき園,DM、チラシ、冊子等の封入,1311100141,突合済み,pref+city+name,大田区立くすのき園,大田区,公表データ,物品・役務の情報リスト（全分類）,https://www.fukushi.metro.tokyo.lg.jp/shougai//shougai_shisaku/sokusin/buppin_ekimulist.html,fe90b3876319fb53
東京都,封入・梱包,封入・封緘,就労支援事業所スカイあらかわ,コレーターを使った封入封緘,,未突合,unmatched,,,公表データ,物品・役務の情報リスト（全分類）,https://www.fukushi.metro.tokyo.lg.jp/shougai//shougai_shisaku/sokusin/buppin_ekimulist.html,
東京都,封入・梱包,箱・袋詰,就労支援事業所スカイあらかわ,立体物のアッセンブリ、箱折り等,,未突合,unmatched,,,公表データ,物品・役務の情報リスト（全分類）,https://www.fukushi.metro.tokyo.lg.jp/shougai//shougai_shisaku/sokusin/buppin_ekimulist.html,
東京都,封入・梱包,封入・封緘,就労継続支援B型ガーデン,資料セット・封入,1310900962,突合済み,pref+city+name,就労継続支援Ｂ型ガーデン,品川区,公表データ,物品・役務の情報リスト（全分類）,https://www.fukushi.metro.tokyo.lg.jp/shougai//shougai_shisaku/sokusin/buppin_ekimulist.html,35a872493b51d286
東京都,封入・梱包,封入・封緘,就労継続支援B型クルール,ダイレクトメールなどの封入・封緘・シール貼り作業。帳合機があります。,,未突合,unmatched,,,公表データ,物品・役務の情報リスト（全分類）,https://www.fukushi.metro.tokyo.lg.jp/shougai//shougai_shisaku/sokusin/buppin_ekimulist.html,
東京都,封入・梱包,封入・封緘,就労継続支援B型事業所 びすた,封入、封緘、シーラーかけ,1312104571,突合済み,pref+city+name,就労継続支援Ｂ型事業所びすた,足立区,公表データ,物品・役務の情報リスト（全分類）,https://www.fukushi.metro.tokyo.lg.jp/shougai//shougai_shisaku/sokusin/buppin_ekimulist.html,d7f560c7a4829a4a
東京都,封入・梱包,封入・封緘,就労継続支援Ｂ型事業所エイト,チラシ等の封入・封緘・ラベル貼り・発送作業,,未突合,unmatched,,,公表データ,物品・役務の情報リスト（全分類）,https://www.fukushi.metro.tokyo.lg.jp/shougai//shougai_shisaku/sokusin/buppin_ekimulist.html,
東京都,封入・梱包,箱・袋詰,就労継続支援Ｂ型事業所エイト,箱・袋詰め,,未突合,unmatched,,,公表データ,物品・役務の情報リスト（全分類）,https://www.fukushi.metro.tokyo.lg.jp/shougai//shougai_shisaku/sokusin/buppin_ekimulist.html,
東京都,封入・梱包,箱・袋詰,希望の苑(通所),お菓子の箱折、部品の組み立て(取り付け)、キャップのパッキン入れ、シャワーカーテン等のたたみ(袋入れ)等,,未突合,unmatched,,,公表データ,物品・役務の情報リスト（全分類）,https://www.fukushi.metro.tokyo.lg.jp/shougai//shougai_shisaku/sokusin/buppin_ekimulist.html,
東京都,封入・梱包,封入・封緘,文京区立大塚福祉作業所,封入・封緘,1310500036,突合済み,pref+city+name,文京区立大塚福祉作業所,文京区,公表データ,物品・役務の情報リスト（全分類）,https://www.fukushi.metro.tokyo.lg.jp/shougai//shougai_shisaku/sokusin/buppin_ekimulist.html,b301f63f604f1915
東京都,封入・梱包,封入・封緘,新宿区立 高田馬場福祉作業所,封入作業,1310400062,突合済み,pref+city+name,新宿区立高田馬場福祉作業所,新宿区,公表データ,物品・役務の情報リスト（全分類）,https://www.fukushi.metro.tokyo.lg.jp/shougai//shougai_shisaku/sokusin/buppin_ekimulist.html,16206d2e99ddcd23
東京都,封入・梱包,封入・封緘,新宿区立新宿福祉作業所,受注作業,1310400054,突合済み,pref+city+name,新宿区立新宿福祉作業所,新宿区,公表データ,物品・役務の情報リスト（全分類）,https://www.fukushi.metro.tokyo.lg.jp/shougai//shougai_shisaku/sokusin/buppin_ekimulist.html,394d0b5f18f34f50
東京都,封入・梱包,封入・封緘,杉並いずみ第一,宛名シール貼り、DM,1311501421,突合済み,pref+city+name,杉並いずみ第一,杉並区,公表データ,物品・役務の情報リスト（全分類）,https://www.fukushi.metro.tokyo.lg.jp/shougai//shougai_shisaku/sokusin/buppin_ekimulist.html,5fb1e340cdb7ddad
東京都,封入・梱包,封入・封緘,杉並・あしたの会福祉作業所,ダイレクトメールの封入、封緘等の軽作業,1311501298,突合済み,pref+city+name,杉並・あしたの会福祉作業所,杉並区,公表データ,物品・役務の情報リスト（全分類）,https://www.fukushi.metro.tokyo.lg.jp/shougai//shougai_shisaku/sokusin/buppin_ekimulist.html,ebc508406643c523
東京都,封入・梱包,封入・封緘,来夢,DM等封入・封緘,1311701450,突合済み,pref+city+name,来夢,北区,公表データ,物品・役務の情報リスト（全分類）,https://www.fukushi.metro.tokyo.lg.jp/shougai//shougai_shisaku/sokusin/buppin_ekimulist.html,5c422691956d5462
東京都,封入・梱包,箱・袋詰,板橋区立前野福祉園,ボールペン・パンフレット封入,,未突合,unmatched,,,公表データ,物品・役務の情報リスト（全分類）,https://www.fukushi.metro.tokyo.lg.jp/shougai//shougai_shisaku/sokusin/buppin_ekimulist.html,
東京都,封入・梱包,封入・封緘,板橋区立前野福祉園,企業等のDM封入,,未突合,unmatched,,,公表データ,物品・役務の情報リスト（全分類）,https://www.fukushi.metro.tokyo.lg.jp/shougai//shougai_shisaku/sokusin/buppin_ekimulist.html,
東京都,封入・梱包,封入・封緘,板橋区立加賀福祉園,封入・封緘・帳合,,未突合,unmatched,,,公表データ,物品・役務の情報リスト（全分類）,https://www.fukushi.metro.tokyo.lg.jp/shougai//shougai_shisaku/sokusin/buppin_ekimulist.html,
東京都,封入・梱包,箱・袋詰,板橋区立加賀福祉園,軽作業(箱の組立、ｱｯｾﾝﾌﾞﾘ、ｼｭﾚｯﾀﾞｰ等),,未突合,unmatched,,,公表データ,物品・役務の情報リスト（全分類）,https://www.fukushi.metro.tokyo.lg.jp/shougai//shougai_shisaku/sokusin/buppin_ekimulist.html,
東京都,封入・梱包,封入・封緘,板橋区立徳丸福祉園,ＤＭ・チラシの封入や宛名シール貼り 等,,未突合,unmatched,,,公表データ,物品・役務の情報リスト（全分類）,https://www.fukushi.metro.tokyo.lg.jp/shougai//shougai_shisaku/sokusin/buppin_ekimulist.html,
東京都,封入・梱包,封入・封緘,板橋区立蓮根福祉園,小物、DM等封入封緘,,未突合,unmatched,,,公表データ,物品・役務の情報リスト（全分類）,https://www.fukushi.metro.tokyo.lg.jp/shougai//shougai_shisaku/sokusin/buppin_ekimulist.html,
東京都,封入・梱包,封入・封緘,板橋区立蓮根福祉園,小物、DM等封入封緘,,未突合,unmatched,,,公表データ,物品・役務の情報リスト（全分類）,https://www.fukushi.metro.tokyo.lg.jp/shougai//shougai_shisaku/sokusin/buppin_ekimulist.html,
東京都,封入・梱包,封入・封緘,板橋区立高島平福祉園,DM等冊子封入 箱の組み立て,,未突合,unmatched,,,公表データ,物品・役務の情報リスト（全分類）,https://www.fukushi.metro.tokyo.lg.jp/shougai//shougai_shisaku/sokusin/buppin_ekimulist.html,
東京都,封入・梱包,封入・封緘,梅の木の家共同作業所,軽作業,1312900648,突合済み,pref+city+name,梅の木の家共同作業所,府中市,公表データ,物品・役務の情報リスト（全分類）,https://www.fukushi.metro.tokyo.lg.jp/shougai//shougai_shisaku/sokusin/buppin_ekimulist.html,ecb69ef4f01ff823
東京都,封入・梱包,箱・袋詰,梅田ひまわり工房,軽作業,,未突合,unmatched,,,公表データ,物品・役務の情報リスト（全分類）,https://www.fukushi.metro.tokyo.lg.jp/shougai//shougai_shisaku/sokusin/buppin_ekimulist.html,
東京都,封入・梱包,封入・封緘,武蔵境ワーキングセンター,ダイレクトメール封入・封緘作業,1312600347,突合済み,pref+city+name,武蔵境ワーキングセンター,武蔵野市,公表データ,物品・役務の情報リスト（全分類）,https://www.fukushi.metro.tokyo.lg.jp/shougai//shougai_shisaku/sokusin/buppin_ekimulist.html,a4b927573f1e8feb
東京都,封入・梱包,封入・封緘,武蔵野福祉作業所,ダイレクトメール発送作業,1312600362,突合済み,pref+city+name,武蔵野福祉作業所,武蔵野市,公表データ,物品・役務の情報リスト（全分類）,https://www.fukushi.metro.tokyo.lg.jp/shougai//shougai_shisaku/sokusin/buppin_ekimulist.html,63e7614f12bd4b4e
東京都,封入・梱包,封入・封緘,江北ひまわり園,封入,1312104191,突合済み,pref+city+name,江北ひまわり園,足立区,公表データ,物品・役務の情報リスト（全分類）,https://www.fukushi.metro.tokyo.lg.jp/shougai//shougai_shisaku/sokusin/buppin_ekimulist.html,2d981367ceff21d7
東京都,封入・梱包,箱・袋詰,江戸川区立希望の家,食品以外の商品等の袋詰め、値札つけ等,1312301292,突合済み,pref+city+name,江戸川区立希望の家,江戸川区,公表データ,物品・役務の情報リスト（全分類）,https://www.fukushi.metro.tokyo.lg.jp/shougai//shougai_shisaku/sokusin/buppin_ekimulist.html,4298ff9f0c165ea0
東京都,封入・梱包,箱・袋詰,江戸川区立福祉作業所・ 本館,小物袋詰め,,未突合,unmatched,,,公表データ,物品・役務の情報リスト（全分類）,https://www.fukushi.metro.tokyo.lg.jp/shougai//shougai_shisaku/sokusin/buppin_ekimulist.html,
東京都,封入・梱包,封入・封緘,江戸川区立福祉作業所・ 本館,チラシ折り,,未突合,unmatched,,,公表データ,物品・役務の情報リスト（全分類）,https://www.fukushi.metro.tokyo.lg.jp/shougai//shougai_shisaku/sokusin/buppin_ekimulist.html,
東京都,封入・梱包,封入・封緘,泉の家,DMの発送作業,1311200024,突合済み,pref+city+name,泉の家,世田谷区,公表データ,物品・役務の情報リスト（全分類）,https://www.fukushi.metro.tokyo.lg.jp/shougai//shougai_shisaku/sokusin/buppin_ekimulist.html,0931451611c2f55f
東京都,封入・梱包,封入・封緘,浅草みらいど「ルーツ」おあしす,封入、封緘、ラベル貼り,,未突合,unmatched,,,公表データ,物品・役務の情報リスト（全分類）,https://www.fukushi.metro.tokyo.lg.jp/shougai//shougai_shisaku/sokusin/buppin_ekimulist.html,
東京都,封入・梱包,封入・封緘,清瀬どんぐりの家,軽作業,1314400233,突合済み,pref+city+name,清瀬どんぐりの家,清瀬市,公表データ,物品・役務の情報リスト（全分類）,https://www.fukushi.metro.tokyo.lg.jp/shougai//shougai_shisaku/sokusin/buppin_ekimulist.html,2322727de0e3ca54
東京都,封入・梱包,封入・封緘,港区立障害保健福祉センター みなとワークアクティ,封入・封緘、シール貼り等,1310300510,突合済み,pref+city+name,港区立障害保健福祉センター　みなとワークアクティ,港区,公表データ,物品・役務の情報リスト（全分類）,https://www.fukushi.metro.tokyo.lg.jp/shougai//shougai_shisaku/sokusin/buppin_ekimulist.html,445ea3c3038b6780
東京都,封入・梱包,封入・封緘,特定非営利活動法人 障害者就労支援センター どんまい福祉工房,7～10種類のチラシの丁合と封かん,,未突合,unmatched,,,公表データ,物品・役務の情報リスト（全分類）,https://www.fukushi.metro.tokyo.lg.jp/shougai//shougai_shisaku/sokusin/buppin_ekimulist.html,
東京都,封入・梱包,箱・袋詰,瑞穂町福祉作業所,お菓子・贈答用等の箱折り作業,1315100105,突合済み,pref+city+name,瑞穂町福祉作業所,西多摩郡瑞穂町,公表データ,物品・役務の情報リスト（全分類）,https://www.fukushi.metro.tokyo.lg.jp/shougai//shougai_shisaku/sokusin/buppin_ekimulist.html,680bb28e987bedfb
東京都,封入・梱包,封入・封緘,目黒区立かみよん工房,ラベル貼り・内職・梱包請負作業,1311000606,突合済み,pref+city+name,目黒区立かみよん工房,目黒区,公表データ,物品・役務の情報リスト（全分類）,https://www.fukushi.metro.tokyo.lg.jp/shougai//shougai_shisaku/sokusin/buppin_ekimulist.html,bff7d08d343f7867
東京都,封入・梱包,封入・封緘,社会福祉法人コメット原町田スクエア,封入、封緘,,未突合,unmatched,,,公表データ,物品・役務の情報リスト（全分類）,https://www.fukushi.metro.tokyo.lg.jp/shougai//shougai_shisaku/sokusin/buppin_ekimulist.html,
東京都,封入・梱包,封入・封緘,立川福祉作業所,ダイレクトメール、チラシ封入,1312500059,突合済み,pref+city+name,立川福祉作業所,立川市,公表データ,物品・役務の情報リスト（全分類）,https://www.fukushi.metro.tokyo.lg.jp/shougai//shougai_shisaku/sokusin/buppin_ekimulist.html,cbf4be20a28b7c06
東京都,封入・梱包,封入・封緘,童里夢工房,折り、封入、封緘、シール貼り,1312900630,突合済み,pref+city+name,童里夢工房,府中市,公表データ,物品・役務の情報リスト（全分類）,https://www.fukushi.metro.tokyo.lg.jp/shougai//shougai_shisaku/sokusin/buppin_ekimulist.html,005fa9459b31ea32
東京都,封入・梱包,封入・封緘,精神障害者地域生活支援センターフィレ,DM・チラシ等の封入や発送、宛名シール貼り,,未突合,unmatched,,,公表データ,物品・役務の情報リスト（全分類）,https://www.fukushi.metro.tokyo.lg.jp/shougai//shougai_shisaku/sokusin/buppin_ekimulist.html,
東京都,封入・梱包,箱・袋詰,精神障害者地域生活支援センターフィレ,箱の組み立て,,未突合,unmatched,,,公表データ,物品・役務の情報リスト（全分類）,https://www.fukushi.metro.tokyo.lg.jp/shougai//shougai_shisaku/sokusin/buppin_ekimulist.html,
東京都,封入・梱包,封入・封緘,結(ゆい)緑が丘,ダイレクトメール・チラシの紙折り、封入、封緘、発送,1314600501,突合済み,pref+city+name,結（ゆい）緑が丘,武蔵村山市,公表データ,物品・役務の情報リスト（全分類）,https://www.fukushi.metro.tokyo.lg.jp/shougai//shougai_shisaku/sokusin/buppin_ekimulist.html,8ad8e43aa21c0ceb
東京都,封入・梱包,封入・封緘,綾瀬ひまわり園,封入・封緘,1312100108,突合済み,pref+city+name,綾瀬ひまわり園,足立区,公表データ,物品・役務の情報リスト（全分類）,https://www.fukushi.metro.tokyo.lg.jp/shougai//shougai_shisaku/sokusin/buppin_ekimulist.html,f4194c97707d0dc8
東京都,封入・梱包,箱・袋詰,綾瀬共同作業所,箱折・POPの袋詰めなど 両面テープ貼り,1312102146,突合済み,pref+city+name,綾瀬共同作業所,足立区,公表データ,物品・役務の情報リスト（全分類）,https://www.fukushi.metro.tokyo.lg.jp/shougai//shougai_shisaku/sokusin/buppin_ekimulist.html,bd43958fe03ff71b
東京都,封入・梱包,封入・封緘,羽村市福祉センター,DM封入・ポケットティッシュへのチラシ入れ,1315000016,突合済み,pref+city+name,羽村市福祉センター,羽村市,公表データ,物品・役務の情報リスト（全分類）,https://www.fukushi.metro.tokyo.lg.jp/shougai//shougai_shisaku/sokusin/buppin_ekimulist.html,b4897d50a86a5b4f
東京都,封入・梱包,封入・封緘,葦の会作業所,チラシ・ダイレクトメール等の封入封緘、各種グッズ等袋・箱入れ,1312101494,突合済み,pref+city+name,葦の会作業所,足立区,公表データ,物品・役務の情報リスト（全分類）,https://www.fukushi.metro.tokyo.lg.jp/shougai//shougai_shisaku/sokusin/buppin_ekimulist.html,cb5cb4c8a0f8d053
東京都,封入・梱包,封入・封緘,谷在家福祉作業所,DM等の封入・封緘,1312101940,突合済み,pref+city+name,谷在家福祉作業所,足立区,公表データ,物品・役務の情報リスト（全分類）,https://www.fukushi.metro.tokyo.lg.jp/shougai//shougai_shisaku/sokusin/buppin_ekimulist.html,6461b819dd1c8bcb
東京都,封入・梱包,封入・封緘,豊島区立 駒込福祉作業所,受注作業 （書類の封入など）,1311600694,突合済み,pref+city+name,豊島区立駒込福祉作業所,豊島区,公表データ,物品・役務の情報リスト（全分類）,https://www.fukushi.metro.tokyo.lg.jp/shougai//shougai_shisaku/sokusin/buppin_ekimulist.html,b815e2ceb433d5f1
東京都,封入・梱包,封入・封緘,足立区大谷田就労支援センター,封入・封緘,1312100090,突合済み,pref+city+name,足立区大谷田就労支援センター,足立区,公表データ,物品・役務の情報リスト（全分類）,https://www.fukushi.metro.tokyo.lg.jp/shougai//shougai_shisaku/sokusin/buppin_ekimulist.html,3f21c9fdaa673c59
東京都,封入・梱包,箱・袋詰,輝望 色えんぴつの家,・組み立て・菓子詰め,,未突合,unmatched,,,公表データ,物品・役務の情報リスト（全分類）,https://www.fukushi.metro.tokyo.lg.jp/shougai//shougai_shisaku/sokusin/buppin_ekimulist.html,
東京都,封入・梱包,封入・封緘,銀杏企画三丁目,ダイレクトメールやチラシの封入、発送,,未突合,ambiguous,,,公表データ,物品・役務の情報リスト（全分類）,https://www.fukushi.metro.tokyo.lg.jp/shougai//shougai_shisaku/sokusin/buppin_ekimulist.html,
東京都,封入・梱包,箱・袋詰,銀杏企画三丁目,箱組み立て、キット類のセット など,,未突合,ambiguous,,,公表データ,物品・役務の情報リスト（全分類）,https://www.fukushi.metro.tokyo.lg.jp/shougai//shougai_shisaku/sokusin/buppin_ekimulist.html,
東京都,封入・梱包,封入・封緘,障害者就労支援センターなえぎ,チラシ・冊子の簡単な加工や封入,1314800309,突合済み,pref+city+name,障害者就労支援センターなえぎ,稲城市,公表データ,物品・役務の情報リスト（全分類）,https://www.fukushi.metro.tokyo.lg.jp/shougai//shougai_shisaku/sokusin/buppin_ekimulist.html,44d999b744ca7f74
東京都,封入・梱包,箱・袋詰,ＨＯＰＥ神田,袋詰め,,未突合,ambiguous,,,公表データ,物品・役務の情報リスト（全分類）,https://www.fukushi.metro.tokyo.lg.jp/shougai//shougai_shisaku/sokusin/buppin_ekimulist.html,
東京都,小物雑貨・生活用品,生活用品,AOLA,災害用（サバイバル）バンド,1311600710,突合済み,pref+city+name,AOLA,豊島区,公表データ,物品・役務の情報リスト（全分類）,https://www.fukushi.metro.tokyo.lg.jp/shougai//shougai_shisaku/sokusin/buppin_ekimulist.html,dda3f595d8aab15c
東京都,小物雑貨・生活用品,生活用品,Life Design らふ,自主生産品（サシェ・コースター・ポストカード・インテリアスティック等）,,未突合,unmatched,,,公表データ,物品・役務の情報リスト（全分類）,https://www.fukushi.metro.tokyo.lg.jp/shougai//shougai_shisaku/sokusin/buppin_ekimulist.html,
東京都,小物雑貨・生活用品,生活用品,Smile Lab Tokyo,防災用 モーリアンクラフトプラス 足湯キット,1310802077,突合済み,pref+city+name,Ｓｍｉｌｅ　Ｌａｂ　Ｔｏｋｙｏ,江東区,公表データ,物品・役務の情報リスト（全分類）,https://www.fukushi.metro.tokyo.lg.jp/shougai//shougai_shisaku/sokusin/buppin_ekimulist.html,46ffc1713da59d25
東京都,小物雑貨・生活用品,生活用品,Will,押し花を使ったポチ袋及びポストカード,1310402902,突合済み,pref+city+name,Will,新宿区,公表データ,物品・役務の情報リスト（全分類）,https://www.fukushi.metro.tokyo.lg.jp/shougai//shougai_shisaku/sokusin/buppin_ekimulist.html,ce7a7a93b3160d7a
東京都,小物雑貨・生活用品,生活用品,olino wood,木工製品小物、ノベルティグッズ,1312800996,突合済み,pref+city+name,olino wood,青梅市,公表データ,物品・役務の情報リスト（全分類）,https://www.fukushi.metro.tokyo.lg.jp/shougai//shougai_shisaku/sokusin/buppin_ekimulist.html,da3ba900ae3b60b4
東京都,小物雑貨・生活用品,生活用品,あすなろ作業所,缶バッチ作製 （安全ピンタイプ）,,未突合,city_mismatch,,,公表データ,物品・役務の情報リスト（全分類）,https://www.fukushi.metro.tokyo.lg.jp/shougai//shougai_shisaku/sokusin/buppin_ekimulist.html,
東京都,小物雑貨・生活用品,生活用品,あすなろ作業所,缶バッチ作製 （マグネットタイプ）,,未突合,city_mismatch,,,公表データ,物品・役務の情報リスト（全分類）,https://www.fukushi.metro.tokyo.lg.jp/shougai//shougai_shisaku/sokusin/buppin_ekimulist.html,
東京都,小物雑貨・生活用品,生活用品,あすなろ作業所,機織り製品コースター,,未突合,city_mismatch,,,公表データ,物品・役務の情報リスト（全分類）,https://www.fukushi.metro.tokyo.lg.jp/shougai//shougai_shisaku/sokusin/buppin_ekimulist.html,
東京都,小物雑貨・生活用品,生活用品,いちょう工房みらい,メガネストラップ、マスクストラップ,,未突合,unmatched,,,公表データ,物品・役務の情報リスト（全分類）,https://www.fukushi.metro.tokyo.lg.jp/shougai//shougai_shisaku/sokusin/buppin_ekimulist.html,
東京都,小物雑貨・生活用品,生活用品,いちょう工房みらい,ストラップ,,未突合,unmatched,,,公表データ,物品・役務の情報リスト（全分類）,https://www.fukushi.metro.tokyo.lg.jp/shougai//shougai_shisaku/sokusin/buppin_ekimulist.html,
東京都,小物雑貨・生活用品,生活用品,いちょう工房みらい,ネックレス,,未突合,unmatched,,,公表データ,物品・役務の情報リスト（全分類）,https://www.fukushi.metro.tokyo.lg.jp/shougai//shougai_shisaku/sokusin/buppin_ekimulist.html,
東京都,小物雑貨・生活用品,生活用品,ぐりーんぴーす工房,レターセット,,未突合,unmatched,,,公表データ,物品・役務の情報リスト（全分類）,https://www.fukushi.metro.tokyo.lg.jp/shougai//shougai_shisaku/sokusin/buppin_ekimulist.html,
東京都,小物雑貨・生活用品,生活用品,ことのは,レジンを使用したアクセサリー,1312901752,突合済み,pref+city+name,ことのは,府中市,公表データ,物品・役務の情報リスト（全分類）,https://www.fukushi.metro.tokyo.lg.jp/shougai//shougai_shisaku/sokusin/buppin_ekimulist.html,1c3a87fe43d23ba4
東京都,小物雑貨・生活用品,生活用品,さつき共同作業所,陶芸品,1313700393,突合済み,pref+city+name,さつき共同作業所,国分寺市,公表データ,物品・役務の情報リスト（全分類）,https://www.fukushi.metro.tokyo.lg.jp/shougai//shougai_shisaku/sokusin/buppin_ekimulist.html,dfa514b7c00cb76e
東京都,小物雑貨・生活用品,生活用品,すまいる・さぽーと品川,家電、生活用品、雑貨、キッチン用品、日用雑貨、現場・作業用品、防災用品、室内装飾品その他多数の納品実績有ります。 全省庁統一資格の物品販売、役務提供の資格有ります。東京都全地域の入札参加資格有ります。全国納品可能です,1310901119,突合済み,pref+city+name,すまいる・さぽーと品川,品川区,公表データ,物品・役務の情報リスト（全分類）,https://www.fukushi.metro.tokyo.lg.jp/shougai//shougai_shisaku/sokusin/buppin_ekimulist.html,cfd108e16f310da9
東京都,小物雑貨・生活用品,生活用品,たいとう第二福祉作業所,シルクスリーンでのプリント 布製品（トートバッグなど）にプリントして販売しています,1310600562,突合済み,pref+city+name,たいとう第二福祉作業所,台東区,公表データ,物品・役務の情報リスト（全分類）,https://www.fukushi.metro.tokyo.lg.jp/shougai//shougai_shisaku/sokusin/buppin_ekimulist.html,da6bf0d434cfdd49
東京都,小物雑貨・生活用品,生活用品,なないろ,刺繍ふきん,,未突合,unmatched,,,公表データ,物品・役務の情報リスト（全分類）,https://www.fukushi.metro.tokyo.lg.jp/shougai//shougai_shisaku/sokusin/buppin_ekimulist.html,
東京都,小物雑貨・生活用品,生活用品,なないろ,刺繍サービス,,未突合,unmatched,,,公表データ,物品・役務の情報リスト（全分類）,https://www.fukushi.metro.tokyo.lg.jp/shougai//shougai_shisaku/sokusin/buppin_ekimulist.html,
東京都,小物雑貨・生活用品,生活用品,にこにこみやさか,キーホルダー、ネックレス、ハンガー,,未突合,unmatched,,,公表データ,物品・役務の情報リスト（全分類）,https://www.fukushi.metro.tokyo.lg.jp/shougai//shougai_shisaku/sokusin/buppin_ekimulist.html,
東京都,小物雑貨・生活用品,生活用品,ひのき工房,木工製品、レーザー加工品,1312401258,突合済み,pref+city+name,ひのき工房,八王子市,公表データ,物品・役務の情報リスト（全分類）,https://www.fukushi.metro.tokyo.lg.jp/shougai//shougai_shisaku/sokusin/buppin_ekimulist.html,d1ce19e54984676a
東京都,小物雑貨・生活用品,生活用品,りmix studio とら りmix store ゆきひょう,利用者さんの作品でつくった数多くの生活用品、雑貨を扱っており、石鹸、ビーズ製品もあります。,,未突合,unmatched,,,公表データ,物品・役務の情報リスト（全分類）,https://www.fukushi.metro.tokyo.lg.jp/shougai//shougai_shisaku/sokusin/buppin_ekimulist.html,
東京都,小物雑貨・生活用品,生活用品,アトリエ・レダクラフト,名入れ制服の制作,1310301252,突合済み,pref+city+name,アトリエ・レダクラフト,港区,公表データ,物品・役務の情報リスト（全分類）,https://www.fukushi.metro.tokyo.lg.jp/shougai//shougai_shisaku/sokusin/buppin_ekimulist.html,678ba1aa3cba740e
東京都,小物雑貨・生活用品,生活用品,アビーム,水引雑貨、アクセサリー,1310500416,突合済み,pref+city+name,アビーム,文京区,公表データ,物品・役務の情報リスト（全分類）,https://www.fukushi.metro.tokyo.lg.jp/shougai//shougai_shisaku/sokusin/buppin_ekimulist.html,d3cf2541cd33bfce
東京都,小物雑貨・生活用品,生活用品,イクトスマイム,織物（マフラー、結び織りマット等）,,未突合,unmatched,,,公表データ,物品・役務の情報リスト（全分類）,https://www.fukushi.metro.tokyo.lg.jp/shougai//shougai_shisaku/sokusin/buppin_ekimulist.html,
東京都,小物雑貨・生活用品,生活用品,イクトスマイム,織物(マフラー、結び織りマット等),,未突合,unmatched,,,公表データ,物品・役務の情報リスト（全分類）,https://www.fukushi.metro.tokyo.lg.jp/shougai//shougai_shisaku/sokusin/buppin_ekimulist.html,
東京都,小物雑貨・生活用品,生活用品,ウィズミー,生活用品全般(日用雑貨、キッチン用品、サニタリー用品、清掃用品等),1311902736,突合済み,pref+city+name,ウィズミー,板橋区,公表データ,物品・役務の情報リスト（全分類）,https://www.fukushi.metro.tokyo.lg.jp/shougai//shougai_shisaku/sokusin/buppin_ekimulist.html,7eb43334a9e058f7
東京都,小物雑貨・生活用品,生活用品,キッチンさかえ,雑貨製作(お米の袋で作ったトートバッグ・布製ポーチ・キルトポーチなど)、ノベルティグッズ製作(缶バッジ・ストラップなど),1312500703,突合済み,pref+city+name,キッチンさかえ,立川市,公表データ,物品・役務の情報リスト（全分類）,https://www.fukushi.metro.tokyo.lg.jp/shougai//shougai_shisaku/sokusin/buppin_ekimulist.html,4890ea3d892d1a15
東京都,小物雑貨・生活用品,生活用品,クラフト工房La Mano,アトリエ ポストカード・缶バッジ・缶ミラー・カレンダー,1313200972,突合済み,pref+city+name,クラフト工房Ｌａ　Ｍａｎｏ,町田市,公表データ,物品・役務の情報リスト（全分類）,https://www.fukushi.metro.tokyo.lg.jp/shougai//shougai_shisaku/sokusin/buppin_ekimulist.html,62a4743d6840d477
東京都,小物雑貨・生活用品,生活用品,ジョイナス,畳の縁を使用した雑貨,1314600493,突合済み,pref+city+name,ジョイナス,武蔵村山市,公表データ,物品・役務の情報リスト（全分類）,https://www.fukushi.metro.tokyo.lg.jp/shougai//shougai_shisaku/sokusin/buppin_ekimulist.html,7227efba0d319f51
東京都,小物雑貨・生活用品,生活用品,ストライドクラブ,てぬぐい,1311300626,突合済み,pref+city+name,ストライドクラブ,渋谷区,公表データ,物品・役務の情報リスト（全分類）,https://www.fukushi.metro.tokyo.lg.jp/shougai//shougai_shisaku/sokusin/buppin_ekimulist.html,cc98d08ea0d1ef31
東京都,小物雑貨・生活用品,生活用品,スペース楽・２,パッチワーク鍋敷き,,未突合,unmatched,,,公表データ,物品・役務の情報リスト（全分類）,https://www.fukushi.metro.tokyo.lg.jp/shougai//shougai_shisaku/sokusin/buppin_ekimulist.html,
東京都,小物雑貨・生活用品,生活用品,スペース楽・２,ミニバック ポケットティッシュサイズ,,未突合,unmatched,,,公表データ,物品・役務の情報リスト（全分類）,https://www.fukushi.metro.tokyo.lg.jp/shougai//shougai_shisaku/sokusin/buppin_ekimulist.html,
東京都,小物雑貨・生活用品,生活用品,デイサービスかたぐるま,刺し子製品,,未突合,unmatched,,,公表データ,物品・役務の情報リスト（全分類）,https://www.fukushi.metro.tokyo.lg.jp/shougai//shougai_shisaku/sokusin/buppin_ekimulist.html,
東京都,小物雑貨・生活用品,生活用品,ナチュラルプランツ・サポート,アクセサリー全般・石の固定・,1310200496,突合済み,pref+city+name,ナチュラルプランツ・サポート,中央区,公表データ,物品・役務の情報リスト（全分類）,https://www.fukushi.metro.tokyo.lg.jp/shougai//shougai_shisaku/sokusin/buppin_ekimulist.html,fb92271b8c7e12b0
東京都,小物雑貨・生活用品,生活用品,フレッシュスタート目白,ビーズキーホルダー,1310402084,突合済み,pref+city+name,フレッシュスタート目白,新宿区,公表データ,物品・役務の情報リスト（全分類）,https://www.fukushi.metro.tokyo.lg.jp/shougai//shougai_shisaku/sokusin/buppin_ekimulist.html,19579bc5834b2c90
東京都,小物雑貨・生活用品,生活用品,フレンド,コーヒー販売・ 紙製雑貨製品,,未突合,city_mismatch,,,公表データ,物品・役務の情報リスト（全分類）,https://www.fukushi.metro.tokyo.lg.jp/shougai//shougai_shisaku/sokusin/buppin_ekimulist.html,
東京都,小物雑貨・生活用品,生活用品,プラーナ新宿,ビーズアクセサリー作成・組立て、ガラス製品、羊毛マスコット,,未突合,ambiguous,,,公表データ,物品・役務の情報リスト（全分類）,https://www.fukushi.metro.tokyo.lg.jp/shougai//shougai_shisaku/sokusin/buppin_ekimulist.html,
東京都,小物雑貨・生活用品,生活用品,プロジェクツけやきのもり,防災リュック（３３点のアイテム）・防災ボトル・防災ポーチ,1312900713,突合済み,pref+city+name,プロジェクツけやきのもり,府中市,公表データ,物品・役務の情報リスト（全分類）,https://www.fukushi.metro.tokyo.lg.jp/shougai//shougai_shisaku/sokusin/buppin_ekimulist.html,74f5c654f7b1b266
東京都,小物雑貨・生活用品,生活用品,リトルハウス,廃油せっけん(固形・粉)の製作,1311901829,突合済み,pref+city+name,リトルハウス,板橋区,公表データ,物品・役務の情報リスト（全分類）,https://www.fukushi.metro.tokyo.lg.jp/shougai//shougai_shisaku/sokusin/buppin_ekimulist.html,dc1cfd2708d426e3
東京都,小物雑貨・生活用品,生活用品,世田谷区立 玉川福祉作業所,袋詰め・箱入れ,,未突合,ambiguous,,,公表データ,物品・役務の情報リスト（全分類）,https://www.fukushi.metro.tokyo.lg.jp/shougai//shougai_shisaku/sokusin/buppin_ekimulist.html,
東京都,小物雑貨・生活用品,生活用品,世田谷区立 玉川福祉作業所,袋詰め・箱入れ,,未突合,ambiguous,,,公表データ,物品・役務の情報リスト（全分類）,https://www.fukushi.metro.tokyo.lg.jp/shougai//shougai_shisaku/sokusin/buppin_ekimulist.html,
東京都,小物雑貨・生活用品,生活用品,仲間の家,布製品(ポーチなどの家庭用ミシンで縫えるもの),1313600551,突合済み,pref+city+name,仲間の家,東村山市,公表データ,物品・役務の情報リスト（全分類）,https://www.fukushi.metro.tokyo.lg.jp/shougai//shougai_shisaku/sokusin/buppin_ekimulist.html,1c8d8e4659810ebb
東京都,小物雑貨・生活用品,生活用品,作業所TOTTO,リボン装飾品,1312901729,突合済み,pref+city+name,作業所TOTTO,府中市,公表データ,物品・役務の情報リスト（全分類）,https://www.fukushi.metro.tokyo.lg.jp/shougai//shougai_shisaku/sokusin/buppin_ekimulist.html,743b0412d4393b1a
東京都,小物雑貨・生活用品,生活用品,北区立 あすなろ福祉園,ビーズストラップ,,未突合,unmatched,,,公表データ,物品・役務の情報リスト（全分類）,https://www.fukushi.metro.tokyo.lg.jp/shougai//shougai_shisaku/sokusin/buppin_ekimulist.html,
東京都,小物雑貨・生活用品,生活用品,北区立 あすなろ福祉園,ポストカード,,未突合,unmatched,,,公表データ,物品・役務の情報リスト（全分類）,https://www.fukushi.metro.tokyo.lg.jp/shougai//shougai_shisaku/sokusin/buppin_ekimulist.html,
東京都,小物雑貨・生活用品,生活用品,小平市立たいよう福祉センター,藍染めTｼｬﾂ,,未突合,unmatched,,,公表データ,物品・役務の情報リスト（全分類）,https://www.fukushi.metro.tokyo.lg.jp/shougai//shougai_shisaku/sokusin/buppin_ekimulist.html,
東京都,小物雑貨・生活用品,生活用品,小平市立たいよう福祉センター,藍染めストール,,未突合,unmatched,,,公表データ,物品・役務の情報リスト（全分類）,https://www.fukushi.metro.tokyo.lg.jp/shougai//shougai_shisaku/sokusin/buppin_ekimulist.html,
東京都,小物雑貨・生活用品,生活用品,小平市立たいよう福祉センター,エコバック,,未突合,unmatched,,,公表データ,物品・役務の情報リスト（全分類）,https://www.fukushi.metro.tokyo.lg.jp/shougai//shougai_shisaku/sokusin/buppin_ekimulist.html,
東京都,小物雑貨・生活用品,生活用品,就労支援事業所スカイあらかわ,縫製（布製品）刺し子・リユース・ガーメントプリント,,未突合,unmatched,,,公表データ,物品・役務の情報リスト（全分類）,https://www.fukushi.metro.tokyo.lg.jp/shougai//shougai_shisaku/sokusin/buppin_ekimulist.html,
東京都,小物雑貨・生活用品,生活用品,就労継続支援B型BaseCamp,オリジナルプリントの靴下販売,1311601635,突合済み,pref+city+name,就労継続支援B型BaseCamp,豊島区,公表データ,物品・役務の情報リスト（全分類）,https://www.fukushi.metro.tokyo.lg.jp/shougai//shougai_shisaku/sokusin/buppin_ekimulist.html,d3532fc1b871737c
東京都,小物雑貨・生活用品,生活用品,就労継続支援B型ガーデン,くるみボタン製品(ヘアゴム・マグネット・バッジ),1310900962,突合済み,pref+city+name,就労継続支援Ｂ型ガーデン,品川区,公表データ,物品・役務の情報リスト（全分類）,https://www.fukushi.metro.tokyo.lg.jp/shougai//shougai_shisaku/sokusin/buppin_ekimulist.html,35a872493b51d286
東京都,小物雑貨・生活用品,生活用品,愛輪の里雅 前野町,リメイク作品,1311902868,突合済み,pref+city+name,愛輪の里　雅　前野町,板橋区,公表データ,物品・役務の情報リスト（全分類）,https://www.fukushi.metro.tokyo.lg.jp/shougai//shougai_shisaku/sokusin/buppin_ekimulist.html,b1f9b700238bb477
東京都,小物雑貨・生活用品,生活用品,新宿トライ工房,トートバッグ,,未突合,unmatched,,,公表データ,物品・役務の情報リスト（全分類）,https://www.fukushi.metro.tokyo.lg.jp/shougai//shougai_shisaku/sokusin/buppin_ekimulist.html,
東京都,小物雑貨・生活用品,生活用品,新宿区立 高田馬場福祉作業所,機織り製品,1310400062,突合済み,pref+city+name,新宿区立高田馬場福祉作業所,新宿区,公表データ,物品・役務の情報リスト（全分類）,https://www.fukushi.metro.tokyo.lg.jp/shougai//shougai_shisaku/sokusin/buppin_ekimulist.html,16206d2e99ddcd23
東京都,小物雑貨・生活用品,生活用品,新宿区立新宿生活実習所,くるみボタンブローチ,,未突合,unmatched,,,公表データ,物品・役務の情報リスト（全分類）,https://www.fukushi.metro.tokyo.lg.jp/shougai//shougai_shisaku/sokusin/buppin_ekimulist.html,
東京都,小物雑貨・生活用品,生活用品,新宿区立新宿生活実習所,ビーズコースター,,未突合,unmatched,,,公表データ,物品・役務の情報リスト（全分類）,https://www.fukushi.metro.tokyo.lg.jp/shougai//shougai_shisaku/sokusin/buppin_ekimulist.html,
東京都,小物雑貨・生活用品,生活用品,新宿区立新宿生活実習所,キャンディポーチ （刺繍）,,未突合,unmatched,,,公表データ,物品・役務の情報リスト（全分類）,https://www.fukushi.metro.tokyo.lg.jp/shougai//shougai_shisaku/sokusin/buppin_ekimulist.html,
東京都,小物雑貨・生活用品,生活用品,新宿区立新宿福祉作業所,メモ帳・付箋,1310400054,突合済み,pref+city+name,新宿区立新宿福祉作業所,新宿区,公表データ,物品・役務の情報リスト（全分類）,https://www.fukushi.metro.tokyo.lg.jp/shougai//shougai_shisaku/sokusin/buppin_ekimulist.html,394d0b5f18f34f50
東京都,小物雑貨・生活用品,生活用品,杉並いずみ第二,フェルト製品,1311501439,突合済み,pref+city+name,杉並いずみ　第二,杉並区,公表データ,物品・役務の情報リスト（全分類）,https://www.fukushi.metro.tokyo.lg.jp/shougai//shougai_shisaku/sokusin/buppin_ekimulist.html,1339ae7fbf19e3f7
東京都,小物雑貨・生活用品,生活用品,杉並・あしたの会福祉作業所,手ぬぐい、ふきんの製作,1311501298,突合済み,pref+city+name,杉並・あしたの会福祉作業所,杉並区,公表データ,物品・役務の情報リスト（全分類）,https://www.fukushi.metro.tokyo.lg.jp/shougai//shougai_shisaku/sokusin/buppin_ekimulist.html,ebc508406643c523
東京都,小物雑貨・生活用品,生活用品,東京光の村授産学園,ビーズアクセサリー,1312300088,突合済み,pref+city+name,東京光の村授産学園,江戸川区,公表データ,物品・役務の情報リスト（全分類）,https://www.fukushi.metro.tokyo.lg.jp/shougai//shougai_shisaku/sokusin/buppin_ekimulist.html,21f7e80b6573c507
東京都,小物雑貨・生活用品,生活用品,板橋区立小豆沢福祉園,ビーズアクセサリー ビーズ製品,,未突合,unmatched,,,公表データ,物品・役務の情報リスト（全分類）,https://www.fukushi.metro.tokyo.lg.jp/shougai//shougai_shisaku/sokusin/buppin_ekimulist.html,
東京都,小物雑貨・生活用品,生活用品,板橋区立小豆沢福祉園,巾着袋・手提げかばん等布製品,,未突合,unmatched,,,公表データ,物品・役務の情報リスト（全分類）,https://www.fukushi.metro.tokyo.lg.jp/shougai//shougai_shisaku/sokusin/buppin_ekimulist.html,
東京都,小物雑貨・生活用品,生活用品,樹林館,エプロン等縫製品,1311101297,突合済み,pref+city+name,樹林館,大田区,公表データ,物品・役務の情報リスト（全分類）,https://www.fukushi.metro.tokyo.lg.jp/shougai//shougai_shisaku/sokusin/buppin_ekimulist.html,7b4bc06c8e5d28e4
東京都,小物雑貨・生活用品,生活用品,江戸川区立福祉作業所・ 分室,エコポット販売,,未突合,unmatched,,,公表データ,物品・役務の情報リスト（全分類）,https://www.fukushi.metro.tokyo.lg.jp/shougai//shougai_shisaku/sokusin/buppin_ekimulist.html,
東京都,小物雑貨・生活用品,生活用品,江戸川区立福祉作業所・ 本館,えど織り販売,,未突合,unmatched,,,公表データ,物品・役務の情報リスト（全分類）,https://www.fukushi.metro.tokyo.lg.jp/shougai//shougai_shisaku/sokusin/buppin_ekimulist.html,
東京都,小物雑貨・生活用品,生活用品,町田荘,缶バッジ,,未突合,unmatched,,,公表データ,物品・役務の情報リスト（全分類）,https://www.fukushi.metro.tokyo.lg.jp/shougai//shougai_shisaku/sokusin/buppin_ekimulist.html,
東京都,小物雑貨・生活用品,生活用品,町田荘,レジンマグネット（大）,,未突合,unmatched,,,公表データ,物品・役務の情報リスト（全分類）,https://www.fukushi.metro.tokyo.lg.jp/shougai//shougai_shisaku/sokusin/buppin_ekimulist.html,
東京都,小物雑貨・生活用品,生活用品,町田荘,レジンマグネット（小）,,未突合,unmatched,,,公表データ,物品・役務の情報リスト（全分類）,https://www.fukushi.metro.tokyo.lg.jp/shougai//shougai_shisaku/sokusin/buppin_ekimulist.html,
東京都,小物雑貨・生活用品,生活用品,町田荘,ポット洗浄剤（りんご酸）,,未突合,unmatched,,,公表データ,物品・役務の情報リスト（全分類）,https://www.fukushi.metro.tokyo.lg.jp/shougai//shougai_shisaku/sokusin/buppin_ekimulist.html,
東京都,小物雑貨・生活用品,生活用品,町田荘,エコたわし,,未突合,unmatched,,,公表データ,物品・役務の情報リスト（全分類）,https://www.fukushi.metro.tokyo.lg.jp/shougai//shougai_shisaku/sokusin/buppin_ekimulist.html,
東京都,小物雑貨・生活用品,生活用品,目黒区立下目黒福祉工房,刺繍アート作品、革製品,1311000630,突合済み,pref+city+name,目黒区立下目黒福祉工房,目黒区,公表データ,物品・役務の情報リスト（全分類）,https://www.fukushi.metro.tokyo.lg.jp/shougai//shougai_shisaku/sokusin/buppin_ekimulist.html,8d8ec428efa144df
東京都,小物雑貨・生活用品,生活用品,目黒区立東が丘福祉工房,革製品,,未突合,unmatched,,,公表データ,物品・役務の情報リスト（全分類）,https://www.fukushi.metro.tokyo.lg.jp/shougai//shougai_shisaku/sokusin/buppin_ekimulist.html,
東京都,小物雑貨・生活用品,生活用品,目黒区立東が丘福祉工房,手作り石鹸,,未突合,unmatched,,,公表データ,物品・役務の情報リスト（全分類）,https://www.fukushi.metro.tokyo.lg.jp/shougai//shougai_shisaku/sokusin/buppin_ekimulist.html,
東京都,小物雑貨・生活用品,生活用品,目黒区立東が丘福祉工房,ビーズ製品,,未突合,unmatched,,,公表データ,物品・役務の情報リスト（全分類）,https://www.fukushi.metro.tokyo.lg.jp/shougai//shougai_shisaku/sokusin/buppin_ekimulist.html,
東京都,小物雑貨・生活用品,生活用品,目黒区立目黒本町福祉工房,レジン製品(ヘアゴム、アンブレラマーカー),1311000648,突合済み,pref+city+name,目黒区立目黒本町福祉工房,目黒区,公表データ,物品・役務の情報リスト（全分類）,https://www.fukushi.metro.tokyo.lg.jp/shougai//shougai_shisaku/sokusin/buppin_ekimulist.html,352e95847360f056
東京都,小物雑貨・生活用品,生活用品,童里夢工房,藍染商品,1312900630,突合済み,pref+city+name,童里夢工房,府中市,公表データ,物品・役務の情報リスト（全分類）,https://www.fukushi.metro.tokyo.lg.jp/shougai//shougai_shisaku/sokusin/buppin_ekimulist.html,005fa9459b31ea32
東京都,小物雑貨・生活用品,生活用品,童里夢工房 （レスポワール分室）,毛糸雑貨,,未突合,unmatched,,,公表データ,物品・役務の情報リスト（全分類）,https://www.fukushi.metro.tokyo.lg.jp/shougai//shougai_shisaku/sokusin/buppin_ekimulist.html,
東京都,小物雑貨・生活用品,生活用品,童里夢工房 （レスポワール分室）,バスボム,,未突合,unmatched,,,公表データ,物品・役務の情報リスト（全分類）,https://www.fukushi.metro.tokyo.lg.jp/shougai//shougai_shisaku/sokusin/buppin_ekimulist.html,
東京都,小物雑貨・生活用品,生活用品,童里夢工房 （レスポワール分室）,苔玉,,未突合,unmatched,,,公表データ,物品・役務の情報リスト（全分類）,https://www.fukushi.metro.tokyo.lg.jp/shougai//shougai_shisaku/sokusin/buppin_ekimulist.html,
東京都,小物雑貨・生活用品,生活用品,羽村市福祉センター,ふきん,1315000016,突合済み,pref+city+name,羽村市福祉センター,羽村市,公表データ,物品・役務の情報リスト（全分類）,https://www.fukushi.metro.tokyo.lg.jp/shougai//shougai_shisaku/sokusin/buppin_ekimulist.html,b4897d50a86a5b4f
東京都,小物雑貨・生活用品,生活用品,若人塾,アクリルモップ,1314700343,突合済み,pref+city+name,若人塾,多摩市,公表データ,物品・役務の情報リスト（全分類）,https://www.fukushi.metro.tokyo.lg.jp/shougai//shougai_shisaku/sokusin/buppin_ekimulist.html,fe0586beff7cd6cb
東京都,小物雑貨・生活用品,生活用品,豊島区立 駒込福祉作業所,手作りマスク,1311600694,突合済み,pref+city+name,豊島区立駒込福祉作業所,豊島区,公表データ,物品・役務の情報リスト（全分類）,https://www.fukushi.metro.tokyo.lg.jp/shougai//shougai_shisaku/sokusin/buppin_ekimulist.html,b815e2ceb433d5f1
東京都,小物雑貨・生活用品,生活用品,障害者就労支援センターなえぎ,バーエンドミラー（スポーツサイクル用のバックミラー）の製造・販売,1314800309,突合済み,pref+city+name,障害者就労支援センターなえぎ,稲城市,公表データ,物品・役務の情報リスト（全分類）,https://www.fukushi.metro.tokyo.lg.jp/shougai//shougai_shisaku/sokusin/buppin_ekimulist.html,44d999b744ca7f74
東京都,小物雑貨・生活用品,生活用品,風の子会高浜生活実習所,手漉きはがき,1310300569,突合済み,pref+city+name,風の子会高浜生活実習所,港区,公表データ,物品・役務の情報リスト（全分類）,https://www.fukushi.metro.tokyo.lg.jp/shougai//shougai_shisaku/sokusin/buppin_ekimulist.html,a408464c4f3e757a
東京都,小物雑貨・生活用品,生活用品,ｱﾃﾞｨｸｼｮﾝﾘﾊﾋﾞﾘﾃｰｼｮﾝｾﾝﾀｰすとぉりぃ,製品名「万能石?すご腕くん」 サービス内容：家庭から出る使い古したてんぷら油をご寄付いただき、作成しています。,1311202186,突合済み,pref+city+name,アディクションリハビリテーションセンター　すとぉりぃ,世田谷区,公表データ,物品・役務の情報リスト（全分類）,https://www.fukushi.metro.tokyo.lg.jp/shougai//shougai_shisaku/sokusin/buppin_ekimulist.html,17d8b14d84ec1dd4
東京都,情報処理・データ入力,データ入力,AILE足立,データ入力,1312105164,突合済み,pref+city+name,ＡＩＬＥ足立,足立区,公表データ,物品・役務の情報リスト（全分類）,https://www.fukushi.metro.tokyo.lg.jp/shougai//shougai_shisaku/sokusin/buppin_ekimulist.html,2204e1a628a91a49
東京都,情報処理・データ入力,データ入力,ENTAS,Word、Excelデータ入力,1311101750,突合済み,pref+city+name,ＥＮＴＡＳ,大田区,公表データ,物品・役務の情報リスト（全分類）,https://www.fukushi.metro.tokyo.lg.jp/shougai//shougai_shisaku/sokusin/buppin_ekimulist.html,2d619e0d39735d69
東京都,情報処理・データ入力,データ入力,HOPE,会議、講演会等の文字起こし,1310601057,突合済み,pref+city+name,HOPE,台東区,公表データ,物品・役務の情報リスト（全分類）,https://www.fukushi.metro.tokyo.lg.jp/shougai//shougai_shisaku/sokusin/buppin_ekimulist.html,0ae7c1f3378815f1
東京都,情報処理・データ入力,データ入力,Will,データ入力,1310402902,突合済み,pref+city+name,Will,新宿区,公表データ,物品・役務の情報リスト（全分類）,https://www.fukushi.metro.tokyo.lg.jp/shougai//shougai_shisaku/sokusin/buppin_ekimulist.html,ce7a7a93b3160d7a
東京都,情報処理・データ入力,データ入力,olino wood,住所録入力,1312800996,突合済み,pref+city+name,olino wood,青梅市,公表データ,物品・役務の情報リスト（全分類）,https://www.fukushi.metro.tokyo.lg.jp/shougai//shougai_shisaku/sokusin/buppin_ekimulist.html,da3ba900ae3b60b4
東京都,情報処理・データ入力,データ入力,いすき立川,データ入力,,未突合,unmatched,,,公表データ,物品・役務の情報リスト（全分類）,https://www.fukushi.metro.tokyo.lg.jp/shougai//shougai_shisaku/sokusin/buppin_ekimulist.html,
東京都,情報処理・データ入力,データ入力,くじら,データ入力、リスト作成、アンケート集計,,未突合,ambiguous,,,公表データ,物品・役務の情報リスト（全分類）,https://www.fukushi.metro.tokyo.lg.jp/shougai//shougai_shisaku/sokusin/buppin_ekimulist.html,
東京都,情報処理・データ入力,データ入力,ことのは,データ入力全般,1312901752,突合済み,pref+city+name,ことのは,府中市,公表データ,物品・役務の情報リスト（全分類）,https://www.fukushi.metro.tokyo.lg.jp/shougai//shougai_shisaku/sokusin/buppin_ekimulist.html,1c3a87fe43d23ba4
東京都,情報処理・データ入力,データ入力,たちかわーく,データ入力,1312501081,突合済み,pref+city+name,たちかわーく,立川市,公表データ,物品・役務の情報リスト（全分類）,https://www.fukushi.metro.tokyo.lg.jp/shougai//shougai_shisaku/sokusin/buppin_ekimulist.html,5ee2f269c340d1fb
東京都,情報処理・データ入力,データ入力,にじげん池袋,データ入力、データベースの作成等,1311602054,突合済み,pref+name+corp,にじげん池袋,豊島区,公表データ,物品・役務の情報リスト（全分類）,https://www.fukushi.metro.tokyo.lg.jp/shougai//shougai_shisaku/sokusin/buppin_ekimulist.html,dee42bbdbcd70e48
東京都,情報処理・データ入力,データ入力,ゆいのもりわかば,住所録、名刺、名簿のデータ入力作業,1313000190,突合済み,pref+city+name,ゆいのもりわかば,昭島市,公表データ,物品・役務の情報リスト（全分類）,https://www.fukushi.metro.tokyo.lg.jp/shougai//shougai_shisaku/sokusin/buppin_ekimulist.html,5efc38ec300d3dd8
東京都,情報処理・データ入力,データ入力,アイビー,データ入力,1310200686,突合済み,pref+city+name,アイビー,中央区,公表データ,物品・役務の情報リスト（全分類）,https://www.fukushi.metro.tokyo.lg.jp/shougai//shougai_shisaku/sokusin/buppin_ekimulist.html,c3d94f53de35a0cf
東京都,情報処理・データ入力,データ入力,アポイント,データ調査及びデータ入力等,1312403932,突合済み,pref+city+name,アポイント,八王子市,公表データ,物品・役務の情報リスト（全分類）,https://www.fukushi.metro.tokyo.lg.jp/shougai//shougai_shisaku/sokusin/buppin_ekimulist.html,8e3db283ba811bce
東京都,情報処理・データ入力,データ入力,コア・デイケア・センター,パソコン入力,,未突合,ambiguous,,,公表データ,物品・役務の情報リスト（全分類）,https://www.fukushi.metro.tokyo.lg.jp/shougai//shougai_shisaku/sokusin/buppin_ekimulist.html,
東京都,情報処理・データ入力,データ入力,フードバンク八王子ワークス,様々なデータ入力,,未突合,ambiguous,,,公表データ,物品・役務の情報リスト（全分類）,https://www.fukushi.metro.tokyo.lg.jp/shougai//shougai_shisaku/sokusin/buppin_ekimulist.html,
東京都,情報処理・データ入力,データ入力,ワクわーく,パソコン作業によるデータ入力や検品、リサーチ,1311401663,突合済み,pref+city+name,ワクわーく,中野区,公表データ,物品・役務の情報リスト（全分類）,https://www.fukushi.metro.tokyo.lg.jp/shougai//shougai_shisaku/sokusin/buppin_ekimulist.html,0c5a052c40c21f9a
東京都,情報処理・データ入力,データ入力,仲間の家,簡単な住所入力,1313600551,突合済み,pref+city+name,仲間の家,東村山市,公表データ,物品・役務の情報リスト（全分類）,https://www.fukushi.metro.tokyo.lg.jp/shougai//shougai_shisaku/sokusin/buppin_ekimulist.html,1c8d8e4659810ebb
東京都,情報処理・データ入力,データ入力,就労支援事業所スカイあらかわ,データ入力,,未突合,unmatched,,,公表データ,物品・役務の情報リスト（全分類）,https://www.fukushi.metro.tokyo.lg.jp/shougai//shougai_shisaku/sokusin/buppin_ekimulist.html,
東京都,情報処理・データ入力,データ入力,就労継続支援B型事業所 びすた,データ入力,1312104571,突合済み,pref+city+name,就労継続支援Ｂ型事業所びすた,足立区,公表データ,物品・役務の情報リスト（全分類）,https://www.fukushi.metro.tokyo.lg.jp/shougai//shougai_shisaku/sokusin/buppin_ekimulist.html,d7f560c7a4829a4a
東京都,情報処理・データ入力,データ入力,ＧＩＦーＴＥＣＨｓ,リスト入力,,未突合,unmatched,,,公表データ,物品・役務の情報リスト（全分類）,https://www.fukushi.metro.tokyo.lg.jp/shougai//shougai_shisaku/sokusin/buppin_ekimulist.html,
東京都,情報処理・データ入力,データ入力,ＨＯＰＥ神田,データ入力,,未突合,ambiguous,,,公表データ,物品・役務の情報リスト（全分類）,https://www.fukushi.metro.tokyo.lg.jp/shougai//shougai_shisaku/sokusin/buppin_ekimulist.html,
東京都,清掃・施設管理,清掃,ION第１事業所,除草作業、アパート共有部清掃、個人宅清掃,1313900902,突合済み,pref+city+name,ＩＯＮ第１事業所,西東京市,公表データ,物品・役務の情報リスト（全分類）,https://www.fukushi.metro.tokyo.lg.jp/shougai//shougai_shisaku/sokusin/buppin_ekimulist.html,9a5f56e6d2da7dae
東京都,清掃・施設管理,清掃,ION第２事業所,除草作業、アパート共有部清掃、個人宅清掃,1312601139,突合済み,pref+city+name,ＩＯＮ第2事業所,武蔵野市,公表データ,物品・役務の情報リスト（全分類）,https://www.fukushi.metro.tokyo.lg.jp/shougai//shougai_shisaku/sokusin/buppin_ekimulist.html,d99bd4e3b9dff898
東京都,清掃・施設管理,清掃,S.Uストリート,公園清掃,1311501223,突合済み,pref+city+name,Ｓ．Ｕストリート,杉並区,公表データ,物品・役務の情報リスト（全分類）,https://www.fukushi.metro.tokyo.lg.jp/shougai//shougai_shisaku/sokusin/buppin_ekimulist.html,bbae301873ff342b
東京都,清掃・施設管理,清掃,Will,清掃作業,1310402902,突合済み,pref+city+name,Will,新宿区,公表データ,物品・役務の情報リスト（全分類）,https://www.fukushi.metro.tokyo.lg.jp/shougai//shougai_shisaku/sokusin/buppin_ekimulist.html,ce7a7a93b3160d7a
東京都,清掃・施設管理,清掃,あゆみ福祉センター,公園、駐車場の清掃、除草,1311701443,突合済み,pref+city+name,あゆみ福祉センター,北区,公表データ,物品・役務の情報リスト（全分類）,https://www.fukushi.metro.tokyo.lg.jp/shougai//shougai_shisaku/sokusin/buppin_ekimulist.html,d6d76f1479d63b60
東京都,清掃・施設管理,清掃,いけぶくろ茜の里,公園清掃,,未突合,ambiguous,,,公表データ,物品・役務の情報リスト（全分類）,https://www.fukushi.metro.tokyo.lg.jp/shougai//shougai_shisaku/sokusin/buppin_ekimulist.html,
東京都,清掃・施設管理,清掃,いけぶくろ茜の里,公園除草,,未突合,ambiguous,,,公表データ,物品・役務の情報リスト（全分類）,https://www.fukushi.metro.tokyo.lg.jp/shougai//shougai_shisaku/sokusin/buppin_ekimulist.html,
東京都,清掃・施設管理,清掃,いちょう工房ぎんなんの家,藍染・草木染の手ぬぐい・ミニタオル・タオルマフラー等,,未突合,unmatched,,,公表データ,物品・役務の情報リスト（全分類）,https://www.fukushi.metro.tokyo.lg.jp/shougai//shougai_shisaku/sokusin/buppin_ekimulist.html,
東京都,清掃・施設管理,清掃,おおやま福祉作業所,会社ＤＭ封入封緘、ラベル貼り 菓子箱折り、仕切り折り等,1311901647,突合済み,pref+city+name,おおやま福祉作業所,板橋区,公表データ,物品・役務の情報リスト（全分類）,https://www.fukushi.metro.tokyo.lg.jp/shougai//shougai_shisaku/sokusin/buppin_ekimulist.html,c8bcdcbeacd229fa
東京都,清掃・施設管理,清掃,ことのは,公園・アパート・ビル・駐車場などの清掃、除草など全般,1312901752,突合済み,pref+city+name,ことのは,府中市,公表データ,物品・役務の情報リスト（全分類）,https://www.fukushi.metro.tokyo.lg.jp/shougai//shougai_shisaku/sokusin/buppin_ekimulist.html,1c3a87fe43d23ba4
東京都,清掃・施設管理,清掃,すまいる・さぽーと品川,客室清掃（ベッドメイク、浴室清掃、バキューム等）。屋外清掃（除草、掃き掃除等）,1310901119,突合済み,pref+city+name,すまいる・さぽーと品川,品川区,公表データ,物品・役務の情報リスト（全分類）,https://www.fukushi.metro.tokyo.lg.jp/shougai//shougai_shisaku/sokusin/buppin_ekimulist.html,cfd108e16f310da9
東京都,清掃・施設管理,清掃,たしざん福祉作業所,清掃・除草作業,1312004193,突合済み,pref+city+name,たしざん福祉作業所,練馬区,公表データ,物品・役務の情報リスト（全分類）,https://www.fukushi.metro.tokyo.lg.jp/shougai//shougai_shisaku/sokusin/buppin_ekimulist.html,95328c6c5413c7f2
東京都,清掃・施設管理,清掃,はすね福祉作業所,公園清掃、草むしり、雑草とり,,未突合,unmatched,,,公表データ,物品・役務の情報リスト（全分類）,https://www.fukushi.metro.tokyo.lg.jp/shougai//shougai_shisaku/sokusin/buppin_ekimulist.html,
東京都,清掃・施設管理,清掃,はなさく第二共同作業所,近隣の事業所等の日常清掃を行っています。,1312101643,突合済み,pref+city+name,はなさく第二共同作業所,足立区,公表データ,物品・役務の情報リスト（全分類）,https://www.fukushi.metro.tokyo.lg.jp/shougai//shougai_shisaku/sokusin/buppin_ekimulist.html,5895e6f6f6f7a531
東京都,清掃・施設管理,清掃,みどりの森,公園清掃（落葉の清掃）、除草作業,1313600387,突合済み,pref+city+name,みどりの森,東村山市,公表データ,物品・役務の情報リスト（全分類）,https://www.fukushi.metro.tokyo.lg.jp/shougai//shougai_shisaku/sokusin/buppin_ekimulist.html,30649bce356195b6
東京都,清掃・施設管理,清掃,めぐろ,建物・施設・公園等の清掃,1311000978,突合済み,pref+city+name,めぐろ,目黒区,公表データ,物品・役務の情報リスト（全分類）,https://www.fukushi.metro.tokyo.lg.jp/shougai//shougai_shisaku/sokusin/buppin_ekimulist.html,d3033685627da7d8
東京都,清掃・施設管理,清掃,やすらぎリバーシティ,施設清掃,1312201914,突合済み,pref+city+name,やすらぎリバーシティ,葛飾区,公表データ,物品・役務の情報リスト（全分類）,https://www.fukushi.metro.tokyo.lg.jp/shougai//shougai_shisaku/sokusin/buppin_ekimulist.html,a9d245c3cebcec1c
東京都,清掃・施設管理,清掃,ゆいのもりわかば,除草作業・屋外清掃,1313000190,突合済み,pref+city+name,ゆいのもりわかば,昭島市,公表データ,物品・役務の情報リスト（全分類）,https://www.fukushi.metro.tokyo.lg.jp/shougai//shougai_shisaku/sokusin/buppin_ekimulist.html,5efc38ec300d3dd8
東京都,清掃・施設管理,清掃,ウイング稲城長沼Believe,清掃,1314800358,突合済み,pref+city+name,ウイング稲城長沼　Believe,稲城市,公表データ,物品・役務の情報リスト（全分類）,https://www.fukushi.metro.tokyo.lg.jp/shougai//shougai_shisaku/sokusin/buppin_ekimulist.html,3c83c7db0a7c217e
東京都,清掃・施設管理,清掃,ケアチーム大芽,清掃,1312901422,突合済み,pref+city+name,ケアチーム大芽,府中市,公表データ,物品・役務の情報リスト（全分類）,https://www.fukushi.metro.tokyo.lg.jp/shougai//shougai_shisaku/sokusin/buppin_ekimulist.html,967de0dad6ed1b9e
東京都,清掃・施設管理,清掃,コア・デイケア・センター,除草等,,未突合,ambiguous,,,公表データ,物品・役務の情報リスト（全分類）,https://www.fukushi.metro.tokyo.lg.jp/shougai//shougai_shisaku/sokusin/buppin_ekimulist.html,
東京都,清掃・施設管理,清掃,コミュニティルーム友訪,アパート共有清掃清掃,1313900407,突合済み,pref+city+name,コミュニティルーム友訪,西東京市,公表データ,物品・役務の情報リスト（全分類）,https://www.fukushi.metro.tokyo.lg.jp/shougai//shougai_shisaku/sokusin/buppin_ekimulist.html,353d6f7f2f36c12a
東京都,清掃・施設管理,清掃,ドリーム トリップ,公園清掃,1311103897,突合済み,pref+city+name,ドリーム　トリップ,大田区,公表データ,物品・役務の情報リスト（全分類）,https://www.fukushi.metro.tokyo.lg.jp/shougai//shougai_shisaku/sokusin/buppin_ekimulist.html,6dee31d10a3ba9b9
東京都,清掃・施設管理,清掃,ナチュラルプランツ・サポート,オフィスビル・マンション・図書館外構・ATMetc清掃全般,1310200496,突合済み,pref+city+name,ナチュラルプランツ・サポート,中央区,公表データ,物品・役務の情報リスト（全分類）,https://www.fukushi.metro.tokyo.lg.jp/shougai//shougai_shisaku/sokusin/buppin_ekimulist.html,fb92271b8c7e12b0
東京都,清掃・施設管理,清掃,バウム,清掃,1313400580,突合済み,pref+city+name,バウム,小平市,公表データ,物品・役務の情報リスト（全分類）,https://www.fukushi.metro.tokyo.lg.jp/shougai//shougai_shisaku/sokusin/buppin_ekimulist.html,f5af7059b2d3e9a6
東京都,清掃・施設管理,清掃,フードバンク八王子ワークス,道路清掃,,未突合,ambiguous,,,公表データ,物品・役務の情報リスト（全分類）,https://www.fukushi.metro.tokyo.lg.jp/shougai//shougai_shisaku/sokusin/buppin_ekimulist.html,
東京都,清掃・施設管理,清掃,プロシード,除草等,1314900208,突合済み,pref+city+name,プロシード,あきる野市,公表データ,物品・役務の情報リスト（全分類）,https://www.fukushi.metro.tokyo.lg.jp/shougai//shougai_shisaku/sokusin/buppin_ekimulist.html,f3a53c11c47912ad
東京都,清掃・施設管理,清掃,ラピス,建物内の清掃業務,1312302647,突合済み,pref+city+name,ラピス,江戸川区,公表データ,物品・役務の情報リスト（全分類）,https://www.fukushi.metro.tokyo.lg.jp/shougai//shougai_shisaku/sokusin/buppin_ekimulist.html,0d8ad5ffaf98bcd5
東京都,清掃・施設管理,清掃,ワークみらい,除草,1311502825,突合済み,pref+city+name,ワークみらい,杉並区,公表データ,物品・役務の情報リスト（全分類）,https://www.fukushi.metro.tokyo.lg.jp/shougai//shougai_shisaku/sokusin/buppin_ekimulist.html,83241cf856fafb75
東京都,清掃・施設管理,清掃,ワークセンター大地,清掃作業,,未突合,unmatched,,,公表データ,物品・役務の情報リスト（全分類）,https://www.fukushi.metro.tokyo.lg.jp/shougai//shougai_shisaku/sokusin/buppin_ekimulist.html,
東京都,清掃・施設管理,清掃,ワーク・イン・あすか,清掃,1311701245,突合済み,pref+city+name,ワーク・イン・あすか,北区,公表データ,物品・役務の情報リスト（全分類）,https://www.fukushi.metro.tokyo.lg.jp/shougai//shougai_shisaku/sokusin/buppin_ekimulist.html,21843f8a8d5692f2
東京都,清掃・施設管理,清掃,ワーク・スペース・ポピー,清掃,1311701336,突合済み,pref+city+name,ワーク・スペース・ポピー,北区,公表データ,物品・役務の情報リスト（全分類）,https://www.fukushi.metro.tokyo.lg.jp/shougai//shougai_shisaku/sokusin/buppin_ekimulist.html,14bfb4112cd7326e
東京都,清掃・施設管理,清掃,世田谷区立世田谷福祉作業所,屋外清掃・除草作業,1311200164,突合済み,pref+city+name,世田谷区立世田谷福祉作業所,世田谷区,公表データ,物品・役務の情報リスト（全分類）,https://www.fukushi.metro.tokyo.lg.jp/shougai//shougai_shisaku/sokusin/buppin_ekimulist.html,fc5c1119f0f6ef97
東京都,清掃・施設管理,清掃,作業所TOTTO,除草、剪定など,1312901729,突合済み,pref+city+name,作業所TOTTO,府中市,公表データ,物品・役務の情報リスト（全分類）,https://www.fukushi.metro.tokyo.lg.jp/shougai//shougai_shisaku/sokusin/buppin_ekimulist.html,743b0412d4393b1a
東京都,清掃・施設管理,清掃,創造農園,介護施設やマンション、クリーンセンター等の清掃業務。,1313100750,突合済み,pref+city+name,創造農園,調布市,公表データ,物品・役務の情報リスト（全分類）,https://www.fukushi.metro.tokyo.lg.jp/shougai//shougai_shisaku/sokusin/buppin_ekimulist.html,a8f8e12c4b7d60ca
東京都,清掃・施設管理,清掃,地域活動支援センター『風』,屋内清掃、屋外清掃,,未突合,unmatched,,,公表データ,物品・役務の情報リスト（全分類）,https://www.fukushi.metro.tokyo.lg.jp/shougai//shougai_shisaku/sokusin/buppin_ekimulist.html,
東京都,清掃・施設管理,清掃,小平第二みどり作業所,マンション清掃、草取り,1313400432,突合済み,pref+city+name,小平第二みどり作業所,小平市,公表データ,物品・役務の情報リスト（全分類）,https://www.fukushi.metro.tokyo.lg.jp/shougai//shougai_shisaku/sokusin/buppin_ekimulist.html,d70667836a7badc2
東京都,清掃・施設管理,清掃,就労支援事業所スカイあらかわ,ビルの日常清掃・マンション、アパートの日常清掃・公園、駐車場の日常清掃・簡易機械清掃（定期清掃）,,未突合,unmatched,,,公表データ,物品・役務の情報リスト（全分類）,https://www.fukushi.metro.tokyo.lg.jp/shougai//shougai_shisaku/sokusin/buppin_ekimulist.html,
東京都,清掃・施設管理,清掃,就労支援事業所メイ,トイレや施設の清掃,1314200179,突合済み,pref+city+name,就労支援事業所メイ,狛江市,公表データ,物品・役務の情報リスト（全分類）,https://www.fukushi.metro.tokyo.lg.jp/shougai//shougai_shisaku/sokusin/buppin_ekimulist.html,a9fdfbc75de0325c
東京都,清掃・施設管理,清掃,就労継続支援B型クルール,公園清掃、除草作業、施設内清掃,,未突合,unmatched,,,公表データ,物品・役務の情報リスト（全分類）,https://www.fukushi.metro.tokyo.lg.jp/shougai//shougai_shisaku/sokusin/buppin_ekimulist.html,
東京都,清掃・施設管理,清掃,杉並いずみ第一,清掃,1311501421,突合済み,pref+city+name,杉並いずみ第一,杉並区,公表データ,物品・役務の情報リスト（全分類）,https://www.fukushi.metro.tokyo.lg.jp/shougai//shougai_shisaku/sokusin/buppin_ekimulist.html,5fb1e340cdb7ddad
東京都,清掃・施設管理,清掃,杉並いずみ第二,公園清掃,1311501439,突合済み,pref+city+name,杉並いずみ　第二,杉並区,公表データ,物品・役務の情報リスト（全分類）,https://www.fukushi.metro.tokyo.lg.jp/shougai//shougai_shisaku/sokusin/buppin_ekimulist.html,1339ae7fbf19e3f7
東京都,清掃・施設管理,清掃,東京ソテリアエンプロイメント,清掃、引越し、草取り、不用品回収,1312302043,突合済み,pref+city+name,東京ソテリアエンプロイメント,江戸川区,公表データ,物品・役務の情報リスト（全分類）,https://www.fukushi.metro.tokyo.lg.jp/shougai//shougai_shisaku/sokusin/buppin_ekimulist.html,ae9f67d79088727e
東京都,清掃・施設管理,清掃,板橋区立前野福祉園,館内清掃業,,未突合,unmatched,,,公表データ,物品・役務の情報リスト（全分類）,https://www.fukushi.metro.tokyo.lg.jp/shougai//shougai_shisaku/sokusin/buppin_ekimulist.html,
東京都,清掃・施設管理,清掃,板橋区立徳丸福祉園,公園清掃,,未突合,unmatched,,,公表データ,物品・役務の情報リスト（全分類）,https://www.fukushi.metro.tokyo.lg.jp/shougai//shougai_shisaku/sokusin/buppin_ekimulist.html,
東京都,清掃・施設管理,清掃,板橋区立徳丸福祉園,老人ホーム、グループホーム清掃,,未突合,unmatched,,,公表データ,物品・役務の情報リスト（全分類）,https://www.fukushi.metro.tokyo.lg.jp/shougai//shougai_shisaku/sokusin/buppin_ekimulist.html,
東京都,清掃・施設管理,清掃,板橋区立蓮根福祉園,建物清掃,,未突合,unmatched,,,公表データ,物品・役務の情報リスト（全分類）,https://www.fukushi.metro.tokyo.lg.jp/shougai//shougai_shisaku/sokusin/buppin_ekimulist.html,
東京都,清掃・施設管理,清掃,板橋区立蓮根福祉園,建物清掃,,未突合,unmatched,,,公表データ,物品・役務の情報リスト（全分類）,https://www.fukushi.metro.tokyo.lg.jp/shougai//shougai_shisaku/sokusin/buppin_ekimulist.html,
東京都,清掃・施設管理,清掃,板橋区立高島平福祉園,建物清掃,,未突合,unmatched,,,公表データ,物品・役務の情報リスト（全分類）,https://www.fukushi.metro.tokyo.lg.jp/shougai//shougai_shisaku/sokusin/buppin_ekimulist.html,
東京都,清掃・施設管理,清掃,清瀬どんぐりの家,アパートの簡単な清掃,1314400233,突合済み,pref+city+name,清瀬どんぐりの家,清瀬市,公表データ,物品・役務の情報リスト（全分類）,https://www.fukushi.metro.tokyo.lg.jp/shougai//shougai_shisaku/sokusin/buppin_ekimulist.html,2322727de0e3ca54
東京都,清掃・施設管理,清掃,特定非営利活動法人 障害者就労支援センター どんまい福祉工房,マンションの共用スペースや公共施設の室内の清掃,,未突合,unmatched,,,公表データ,物品・役務の情報リスト（全分類）,https://www.fukushi.metro.tokyo.lg.jp/shougai//shougai_shisaku/sokusin/buppin_ekimulist.html,
東京都,清掃・施設管理,清掃,目黒区立かみよん工房,公園清掃・除草作業,1311000606,突合済み,pref+city+name,目黒区立かみよん工房,目黒区,公表データ,物品・役務の情報リスト（全分類）,https://www.fukushi.metro.tokyo.lg.jp/shougai//shougai_shisaku/sokusin/buppin_ekimulist.html,bff7d08d343f7867
東京都,清掃・施設管理,清掃,立川おりおん,除草作業,,未突合,ambiguous,,,公表データ,物品・役務の情報リスト（全分類）,https://www.fukushi.metro.tokyo.lg.jp/shougai//shougai_shisaku/sokusin/buppin_ekimulist.html,
東京都,清掃・施設管理,清掃,童里夢工房,アパート清掃,1312900630,突合済み,pref+city+name,童里夢工房,府中市,公表データ,物品・役務の情報リスト（全分類）,https://www.fukushi.metro.tokyo.lg.jp/shougai//shougai_shisaku/sokusin/buppin_ekimulist.html,005fa9459b31ea32
東京都,清掃・施設管理,清掃,若人塾,屋外清掃,1314700343,突合済み,pref+city+name,若人塾,多摩市,公表データ,物品・役務の情報リスト（全分類）,https://www.fukushi.metro.tokyo.lg.jp/shougai//shougai_shisaku/sokusin/buppin_ekimulist.html,fe0586beff7cd6cb
東京都,清掃・施設管理,清掃,葦の会作業所,公園清掃 施設周りの除草 樹木剪定,1312101494,突合済み,pref+city+name,葦の会作業所,足立区,公表データ,物品・役務の情報リスト（全分類）,https://www.fukushi.metro.tokyo.lg.jp/shougai//shougai_shisaku/sokusin/buppin_ekimulist.html,cb5cb4c8a0f8d053
東京都,清掃・施設管理,清掃,輝望 色えんぴつの家,ポスティング,,未突合,unmatched,,,公表データ,物品・役務の情報リスト（全分類）,https://www.fukushi.metro.tokyo.lg.jp/shougai//shougai_shisaku/sokusin/buppin_ekimulist.html,
東京都,清掃・施設管理,清掃,銀杏,施設清掃・ハウスクリーニング,1312001835,突合済み,pref+city+name,銀杏,練馬区,公表データ,物品・役務の情報リスト（全分類）,https://www.fukushi.metro.tokyo.lg.jp/shougai//shougai_shisaku/sokusin/buppin_ekimulist.html,5fc0c282e1076160
東京都,清掃・施設管理,清掃,障害者就労支援センターなえぎ,施設や個人宅・駐車場等の清掃作業,1314800309,突合済み,pref+city+name,障害者就労支援センターなえぎ,稲城市,公表データ,物品・役務の情報リスト（全分類）,https://www.fukushi.metro.tokyo.lg.jp/shougai//shougai_shisaku/sokusin/buppin_ekimulist.html,44d999b744ca7f74
東京都,食品・飲料,食品,875Beans,焼き菓子とペットフード,1313400978,突合済み,pref+city+name,８７５Ｂｅａｎｓ,小平市,公表データ,物品・役務の情報リスト（全分類）,https://www.fukushi.metro.tokyo.lg.jp/shougai//shougai_shisaku/sokusin/buppin_ekimulist.html,841360ba57e1c1bc
東京都,食品・飲料,食品,HSCレスタブル,米粉を使用したクッキーを中心に、スノーボールやガトーショコラ、甘酒と米粉を使用したチーズケーキとグルテンフリーの商品もご用意してます。小麦を使用したパウンドケーキも1本や個包装でも承っています。お菓子の製造以外にも町田市内の畑で栽培した手作り麦茶とほうじ茶入り麦茶のお茶の販売も承っています。,1313202952,突合済み,pref+city+name,ＨＳＣレスタブル,町田市,公表データ,物品・役務の情報リスト（全分類）,https://www.fukushi.metro.tokyo.lg.jp/shougai//shougai_shisaku/sokusin/buppin_ekimulist.html,4de9e6e0c5e7be76
東京都,食品・飲料,食品,Smile Lab Tokyo,防災用長期保存食（ご飯、リゾット、缶詰パン）,1310802077,突合済み,pref+city+name,Ｓｍｉｌｅ　Ｌａｂ　Ｔｏｋｙｏ,江東区,公表データ,物品・役務の情報リスト（全分類）,https://www.fukushi.metro.tokyo.lg.jp/shougai//shougai_shisaku/sokusin/buppin_ekimulist.html,46ffc1713da59d25
東京都,食品・飲料,食品,olino wood,無添加ドライフルーツ,1312800996,突合済み,pref+city+name,olino wood,青梅市,公表データ,物品・役務の情報リスト（全分類）,https://www.fukushi.metro.tokyo.lg.jp/shougai//shougai_shisaku/sokusin/buppin_ekimulist.html,da3ba900ae3b60b4
東京都,食品・飲料,食品,あけぼの作業所,缶詰め,1311501322,突合済み,pref+city+name,あけぼの作業所,杉並区,公表データ,物品・役務の情報リスト（全分類）,https://www.fukushi.metro.tokyo.lg.jp/shougai//shougai_shisaku/sokusin/buppin_ekimulist.html,d01a52ef693587d8
東京都,食品・飲料,食品,いけぶくろ茜の里,パン・焼き菓子,,未突合,ambiguous,,,公表データ,物品・役務の情報リスト（全分類）,https://www.fukushi.metro.tokyo.lg.jp/shougai//shougai_shisaku/sokusin/buppin_ekimulist.html,
東京都,食品・飲料,食品,いすき立川,日替わりお弁当,,未突合,unmatched,,,公表データ,物品・役務の情報リスト（全分類）,https://www.fukushi.metro.tokyo.lg.jp/shougai//shougai_shisaku/sokusin/buppin_ekimulist.html,
東京都,食品・飲料,食品,いちょう工房みらい,シフォンケーキ,,未突合,unmatched,,,公表データ,物品・役務の情報リスト（全分類）,https://www.fukushi.metro.tokyo.lg.jp/shougai//shougai_shisaku/sokusin/buppin_ekimulist.html,
東京都,食品・飲料,食品,いちょう工房みらい,スコーン,,未突合,unmatched,,,公表データ,物品・役務の情報リスト（全分類）,https://www.fukushi.metro.tokyo.lg.jp/shougai//shougai_shisaku/sokusin/buppin_ekimulist.html,
東京都,食品・飲料,食品,えいぶる,お弁当,1314500362,突合済み,pref+city+name,えいぶる,東久留米市,公表データ,物品・役務の情報リスト（全分類）,https://www.fukushi.metro.tokyo.lg.jp/shougai//shougai_shisaku/sokusin/buppin_ekimulist.html,039adac6b0e2f506
東京都,食品・飲料,食品,かたつむり食堂,弁当、パン、焼き菓子,1312402074,突合済み,pref+city+name,かたつむり食堂,八王子市,公表データ,物品・役務の情報リスト（全分類）,https://www.fukushi.metro.tokyo.lg.jp/shougai//shougai_shisaku/sokusin/buppin_ekimulist.html,f556a52eafdda44e
東京都,食品・飲料,食品,ぐりーんぴーす工房,クッキー,,未突合,unmatched,,,公表データ,物品・役務の情報リスト（全分類）,https://www.fukushi.metro.tokyo.lg.jp/shougai//shougai_shisaku/sokusin/buppin_ekimulist.html,
東京都,食品・飲料,食品,しごとば＆のんびりカフェ風の家,お弁当製造,1314700624,突合済み,pref+city+name,しごとば＆のんびりカフェ　風の家,多摩市,公表データ,物品・役務の情報リスト（全分類）,https://www.fukushi.metro.tokyo.lg.jp/shougai//shougai_shisaku/sokusin/buppin_ekimulist.html,827015291695baf6
東京都,食品・飲料,食品,すまいる・ピーターパン,クッキー類 焼き菓子 はちみつ ドレッシング ハーブオリーブオイル ジャム,1312004763,突合済み,pref+city+name,すまいる・ピーターパン,練馬区,公表データ,物品・役務の情報リスト（全分類）,https://www.fukushi.metro.tokyo.lg.jp/shougai//shougai_shisaku/sokusin/buppin_ekimulist.html,8db387be6a625800
東京都,食品・飲料,食品,すみだ花工房,フィナンシェ,1310700479,突合済み,pref+city+name,すみだ花工房,墨田区,公表データ,物品・役務の情報リスト（全分類）,https://www.fukushi.metro.tokyo.lg.jp/shougai//shougai_shisaku/sokusin/buppin_ekimulist.html,499cf63abf3b5bda
東京都,食品・飲料,食品,たしざん福祉作業所,パン、シフォンケーキ・クッキー等の製造,1312004193,突合済み,pref+city+name,たしざん福祉作業所,練馬区,公表データ,物品・役務の情報リスト（全分類）,https://www.fukushi.metro.tokyo.lg.jp/shougai//shougai_shisaku/sokusin/buppin_ekimulist.html,95328c6c5413c7f2
東京都,食品・飲料,食品,とくまる福祉作業所,クッキーの製造,1311901704,突合済み,pref+city+name,とくまる福祉作業所,板橋区,公表データ,物品・役務の情報リスト（全分類）,https://www.fukushi.metro.tokyo.lg.jp/shougai//shougai_shisaku/sokusin/buppin_ekimulist.html,f67abf7b2d5c3142
東京都,食品・飲料,食品,にこにこファクトリー,弁当,1313300541,突合済み,pref+city+name,にこにこファクトリー,小金井市,公表データ,物品・役務の情報リスト（全分類）,https://www.fukushi.metro.tokyo.lg.jp/shougai//shougai_shisaku/sokusin/buppin_ekimulist.html,8ce439c2b559229a
東京都,食品・飲料,食品,ひのきのその,焼き菓子（クッキー）,1315400026,突合済み,pref+name,ひのきのその,あきる野市,公表データ,物品・役務の情報リスト（全分類）,https://www.fukushi.metro.tokyo.lg.jp/shougai//shougai_shisaku/sokusin/buppin_ekimulist.html,155037755aa27dd9
東京都,食品・飲料,食品,ひのき工房,クッキー、パウンドケーキ製造,1312401258,突合済み,pref+city+name,ひのき工房,八王子市,公表データ,物品・役務の情報リスト（全分類）,https://www.fukushi.metro.tokyo.lg.jp/shougai//shougai_shisaku/sokusin/buppin_ekimulist.html,d1ce19e54984676a
東京都,食品・飲料,食品,ふらっとなかの（就労継続支援Ｂ型）,パン・焼き菓子の製造,,未突合,unmatched,,,公表データ,物品・役務の情報リスト（全分類）,https://www.fukushi.metro.tokyo.lg.jp/shougai//shougai_shisaku/sokusin/buppin_ekimulist.html,
東京都,食品・飲料,食品,ふる里学舎本郷,パン製造,1310500911,突合済み,pref+city+name,ふる里学舎本郷,文京区,公表データ,物品・役務の情報リスト（全分類）,https://www.fukushi.metro.tokyo.lg.jp/shougai//shougai_shisaku/sokusin/buppin_ekimulist.html,f1ca1db3e21cbe2b
東京都,食品・飲料,食品,みくま,弁当,1313400754,突合済み,pref+city+name,みくま,小平市,公表データ,物品・役務の情報リスト（全分類）,https://www.fukushi.metro.tokyo.lg.jp/shougai//shougai_shisaku/sokusin/buppin_ekimulist.html,29fbb3c43cb4dcf7
東京都,食品・飲料,食品,やすらぎリバーシティ,お米の販売,1312201914,突合済み,pref+city+name,やすらぎリバーシティ,葛飾区,公表データ,物品・役務の情報リスト（全分類）,https://www.fukushi.metro.tokyo.lg.jp/shougai//shougai_shisaku/sokusin/buppin_ekimulist.html,a9d245c3cebcec1c
東京都,食品・飲料,食品,ゆめ工房北砂,手焼きせんべい・あげせん・芋けんぴ,1310800592,突合済み,pref+city+name,ゆめ工房北砂,江東区,公表データ,物品・役務の情報リスト（全分類）,https://www.fukushi.metro.tokyo.lg.jp/shougai//shougai_shisaku/sokusin/buppin_ekimulist.html,91727d9d4bfee6a8
東京都,食品・飲料,食品,りんりんりん,日替わり弁当,1311702037,突合済み,pref+city+name,りんりんりん,北区,公表データ,物品・役務の情報リスト（全分類）,https://www.fukushi.metro.tokyo.lg.jp/shougai//shougai_shisaku/sokusin/buppin_ekimulist.html,90121e764bbd8e03
東京都,食品・飲料,食品,わーくあっぷ,オリジナル焙煎珈琲,1314100239,突合済み,pref+city+name,わーくあっぷ,福生市,公表データ,物品・役務の情報リスト（全分類）,https://www.fukushi.metro.tokyo.lg.jp/shougai//shougai_shisaku/sokusin/buppin_ekimulist.html,cebe308247177c3b
東京都,食品・飲料,食品,わーくあっぷ瑞穂,オリジナル珈琲豆,,未突合,city_mismatch,,,公表データ,物品・役務の情報リスト（全分類）,https://www.fukushi.metro.tokyo.lg.jp/shougai//shougai_shisaku/sokusin/buppin_ekimulist.html,
東京都,食品・飲料,食品,アゲイン,焼菓子(クッキー),1311501306,突合済み,pref+city+name,アゲイン,杉並区,公表データ,物品・役務の情報リスト（全分類）,https://www.fukushi.metro.tokyo.lg.jp/shougai//shougai_shisaku/sokusin/buppin_ekimulist.html,6db2b3f9c7772a73
東京都,食品・飲料,食品,アリス,焼き菓子（クッキー）,1312101437,突合済み,pref+city+name,アリス,足立区,公表データ,物品・役務の情報リスト（全分類）,https://www.fukushi.metro.tokyo.lg.jp/shougai//shougai_shisaku/sokusin/buppin_ekimulist.html,c6bdad1ed8a6d53f
東京都,食品・飲料,食品,イクトスマイム,パン、スコーン,,未突合,unmatched,,,公表データ,物品・役務の情報リスト（全分類）,https://www.fukushi.metro.tokyo.lg.jp/shougai//shougai_shisaku/sokusin/buppin_ekimulist.html,
東京都,食品・飲料,食品,イクトスマイム,パン、スコーン,,未突合,unmatched,,,公表データ,物品・役務の情報リスト（全分類）,https://www.fukushi.metro.tokyo.lg.jp/shougai//shougai_shisaku/sokusin/buppin_ekimulist.html,
東京都,食品・飲料,食品,ウィズミー,飲料品、保存食品 等,1311902736,突合済み,pref+city+name,ウィズミー,板橋区,公表データ,物品・役務の情報リスト（全分類）,https://www.fukushi.metro.tokyo.lg.jp/shougai//shougai_shisaku/sokusin/buppin_ekimulist.html,7eb43334a9e058f7
東京都,食品・飲料,食品,キッチンさかえ,お弁当製作,1312500703,突合済み,pref+city+name,キッチンさかえ,立川市,公表データ,物品・役務の情報リスト（全分類）,https://www.fukushi.metro.tokyo.lg.jp/shougai//shougai_shisaku/sokusin/buppin_ekimulist.html,4890ea3d892d1a15
東京都,食品・飲料,食品,コア・デイケア・センター,パウンドケーキの提供,,未突合,ambiguous,,,公表データ,物品・役務の情報リスト（全分類）,https://www.fukushi.metro.tokyo.lg.jp/shougai//shougai_shisaku/sokusin/buppin_ekimulist.html,
東京都,食品・飲料,食品,コア・デイケア・センター,パウンドケーキ,,未突合,ambiguous,,,公表データ,物品・役務の情報リスト（全分類）,https://www.fukushi.metro.tokyo.lg.jp/shougai//shougai_shisaku/sokusin/buppin_ekimulist.html,
東京都,食品・飲料,食品,ジョイントワークひこばえ,野菜 （小松菜）,,未突合,ambiguous,,,公表データ,物品・役務の情報リスト（全分類）,https://www.fukushi.metro.tokyo.lg.jp/shougai//shougai_shisaku/sokusin/buppin_ekimulist.html,
東京都,食品・飲料,食品,ジョブアンティ,ヒマラヤ岩塩ピンク パウダー 1㎏,1312301730,突合済み,pref+city+name,ジョブアンティ,江戸川区,公表データ,物品・役務の情報リスト（全分類）,https://www.fukushi.metro.tokyo.lg.jp/shougai//shougai_shisaku/sokusin/buppin_ekimulist.html,6b8c54b19caf3965
東京都,食品・飲料,食品,ストライドクラブ,コーヒー,1311300626,突合済み,pref+city+name,ストライドクラブ,渋谷区,公表データ,物品・役務の情報リスト（全分類）,https://www.fukushi.metro.tokyo.lg.jp/shougai//shougai_shisaku/sokusin/buppin_ekimulist.html,cc98d08ea0d1ef31
東京都,食品・飲料,食品,スペース楽,焼き菓子（クッキー・パウンドケーキ）,1313300350,突合済み,pref+city+name,スペース楽,小金井市,公表データ,物品・役務の情報リスト（全分類）,https://www.fukushi.metro.tokyo.lg.jp/shougai//shougai_shisaku/sokusin/buppin_ekimulist.html,b9cd1fab8b62259e
東京都,食品・飲料,食品,パン工房ノアノア,パン・焼き菓子の製造販売,1313300590,突合済み,pref+city+name,パン工房ノアノア,小金井市,公表データ,物品・役務の情報リスト（全分類）,https://www.fukushi.metro.tokyo.lg.jp/shougai//shougai_shisaku/sokusin/buppin_ekimulist.html,4ba04c2cb1d0f932
東京都,食品・飲料,食品,パン工房モナモナ,パン・焼菓子の製造販売,1314500750,突合済み,pref+city+name,パン工房モナモナ,東久留米市,公表データ,物品・役務の情報リスト（全分類）,https://www.fukushi.metro.tokyo.lg.jp/shougai//shougai_shisaku/sokusin/buppin_ekimulist.html,02fd7eccfae1f8a2
東京都,食品・飲料,食品,フラワー工房さくら,クッキー・パウンドケーキ等,1313300723,突合済み,pref+city+name,フラワー工房さくら,小金井市,公表データ,物品・役務の情報リスト（全分類）,https://www.fukushi.metro.tokyo.lg.jp/shougai//shougai_shisaku/sokusin/buppin_ekimulist.html,eeb30930daf3375a
東京都,食品・飲料,食品,ホープスカイ,野菜のクッキー,1312403502,突合済み,pref+city+name,ホープスカイ,八王子市,公表データ,物品・役務の情報リスト（全分類）,https://www.fukushi.metro.tokyo.lg.jp/shougai//shougai_shisaku/sokusin/buppin_ekimulist.html,6d73a924657f04b6
東京都,食品・飲料,食品,ボンシュシュ,パン,1312404963,突合済み,pref+city+name,ボンシュシュ,八王子市,公表データ,物品・役務の情報リスト（全分類）,https://www.fukushi.metro.tokyo.lg.jp/shougai//shougai_shisaku/sokusin/buppin_ekimulist.html,48ca074a0c826f88
東京都,食品・飲料,食品,レストランあさかわ,お弁当、おにぎり,1312401738,突合済み,pref+city+name,レストランあさかわ,八王子市,公表データ,物品・役務の情報リスト（全分類）,https://www.fukushi.metro.tokyo.lg.jp/shougai//shougai_shisaku/sokusin/buppin_ekimulist.html,c7bf2c15a6c43576
東京都,食品・飲料,食品,ワークイン翔,マドレーヌ、パウンドケーキ等の焼菓子及びコンフィチュール,1311000929,突合済み,pref+city+name,ワークイン翔,目黒区,公表データ,物品・役務の情報リスト（全分類）,https://www.fukushi.metro.tokyo.lg.jp/shougai//shougai_shisaku/sokusin/buppin_ekimulist.html,c969476cea4f8507
東京都,食品・飲料,食品,ワークオアシスアレーズまほろば,スペシャルティコーヒードリップパック,,未突合,city_mismatch,,,公表データ,物品・役務の情報リスト（全分類）,https://www.fukushi.metro.tokyo.lg.jp/shougai//shougai_shisaku/sokusin/buppin_ekimulist.html,
東京都,食品・飲料,食品,ワークスタジオWel,サンドイッチ,1312003476,突合済み,pref+city+name,ワークスタジオ　Ｗｅｌ,練馬区,公表データ,物品・役務の情報リスト（全分類）,https://www.fukushi.metro.tokyo.lg.jp/shougai//shougai_shisaku/sokusin/buppin_ekimulist.html,be4fd1ef8d1c59be
東京都,食品・飲料,食品,ワークスタジオかがわ,手焼きせんべい,,未突合,unmatched,,,公表データ,物品・役務の情報リスト（全分類）,https://www.fukushi.metro.tokyo.lg.jp/shougai//shougai_shisaku/sokusin/buppin_ekimulist.html,
東京都,食品・飲料,食品,ワークス多摩,お弁当製造,,未突合,unmatched,,,公表データ,物品・役務の情報リスト（全分類）,https://www.fukushi.metro.tokyo.lg.jp/shougai//shougai_shisaku/sokusin/buppin_ekimulist.html,
東京都,食品・飲料,食品,世田谷区立下馬福祉工房,焼き菓子,1311200131,突合済み,pref+city+name,世田谷区立下馬福祉工房,世田谷区,公表データ,物品・役務の情報リスト（全分類）,https://www.fukushi.metro.tokyo.lg.jp/shougai//shougai_shisaku/sokusin/buppin_ekimulist.html,336b95fcb6c95e26
東京都,食品・飲料,食品,世田谷区立世田谷福祉作業所,焼き菓子の製造・販売,1311200164,突合済み,pref+city+name,世田谷区立世田谷福祉作業所,世田谷区,公表データ,物品・役務の情報リスト（全分類）,https://www.fukushi.metro.tokyo.lg.jp/shougai//shougai_shisaku/sokusin/buppin_ekimulist.html,fc5c1119f0f6ef97
東京都,食品・飲料,食品,共同作業所 ホサナショップ,弁当、パン、クッキーなど焼き菓子、食べるラー油、焼肉のたれ他,1312001744,突合済み,pref+city+name,共同作業所ホサナショップ,練馬区,公表データ,物品・役務の情報リスト（全分類）,https://www.fukushi.metro.tokyo.lg.jp/shougai//shougai_shisaku/sokusin/buppin_ekimulist.html,f66a2b0d2975f098
東京都,食品・飲料,食品,創造農園,喫茶・軽食。テイクアウト商品、焼菓子、手芸陶芸品、店内で販売しております。営業時間10:30～15:00日曜日定休。貸切応相談。お席のご予約承ります。,1313100750,突合済み,pref+city+name,創造農園,調布市,公表データ,物品・役務の情報リスト（全分類）,https://www.fukushi.metro.tokyo.lg.jp/shougai//shougai_shisaku/sokusin/buppin_ekimulist.html,a8f8e12c4b7d60ca
東京都,食品・飲料,食品,品川区立障害児者総合支援施設,カフェ業務,1310901457,突合済み,pref+city+name,品川区立障害児者総合支援施設,品川区,公表データ,物品・役務の情報リスト（全分類）,https://www.fukushi.metro.tokyo.lg.jp/shougai//shougai_shisaku/sokusin/buppin_ekimulist.html,6b27d0e3704f9d80
東京都,食品・飲料,食品,喜良,お弁当,1314300607,突合済み,pref+city+name,喜良,東大和市,公表データ,物品・役務の情報リスト（全分類）,https://www.fukushi.metro.tokyo.lg.jp/shougai//shougai_shisaku/sokusin/buppin_ekimulist.html,91085efaab3224c4
東京都,食品・飲料,食品,墨田さんさんプラザ,パンの製造・販売、焼き菓子（サブレ等）の製造・販売,1310700040,突合済み,pref+city+name,墨田さんさんプラザ,墨田区,公表データ,物品・役務の情報リスト（全分類）,https://www.fukushi.metro.tokyo.lg.jp/shougai//shougai_shisaku/sokusin/buppin_ekimulist.html,5ecc4f504c796842
東京都,食品・飲料,食品,富士作業所,天然酵母パン、クッキー,1313201301,突合済み,pref+city+name,富士作業所,町田市,公表データ,物品・役務の情報リスト（全分類）,https://www.fukushi.metro.tokyo.lg.jp/shougai//shougai_shisaku/sokusin/buppin_ekimulist.html,2c06060b43845546
東京都,食品・飲料,食品,小台橋あさがお,パン・焼き菓子の製造販売,,未突合,ambiguous,,,公表データ,物品・役務の情報リスト（全分類）,https://www.fukushi.metro.tokyo.lg.jp/shougai//shougai_shisaku/sokusin/buppin_ekimulist.html,
東京都,食品・飲料,食品,小平第二みどり作業所,クッキー,1313400432,突合済み,pref+city+name,小平第二みどり作業所,小平市,公表データ,物品・役務の情報リスト（全分類）,https://www.fukushi.metro.tokyo.lg.jp/shougai//shougai_shisaku/sokusin/buppin_ekimulist.html,d70667836a7badc2
東京都,食品・飲料,食品,小金井生活実習所,パン・サーターアンダギー・かりんとう,1313300038,突合済み,pref+city+name,小金井生活実習所,小金井市,公表データ,物品・役務の情報リスト（全分類）,https://www.fukushi.metro.tokyo.lg.jp/shougai//shougai_shisaku/sokusin/buppin_ekimulist.html,bd75eb581be8df95
東京都,食品・飲料,食品,就労支援B型事業所 かいとCaf?,店舗にて提供するコーヒーをご自宅でも楽しんでいただける様、豆をグラインドし、丁寧に詰めたドリップパックコーヒーとして販売しています。,,未突合,unmatched,,,公表データ,物品・役務の情報リスト（全分類）,https://www.fukushi.metro.tokyo.lg.jp/shougai//shougai_shisaku/sokusin/buppin_ekimulist.html,
東京都,食品・飲料,食品,就労支援事業所メイ,パウンドケーキ クッキー,1314200179,突合済み,pref+city+name,就労支援事業所メイ,狛江市,公表データ,物品・役務の情報リスト（全分類）,https://www.fukushi.metro.tokyo.lg.jp/shougai//shougai_shisaku/sokusin/buppin_ekimulist.html,a9fdfbc75de0325c
東京都,食品・飲料,食品,就労継続支援B型クルール,弁当・焼き菓子,,未突合,unmatched,,,公表データ,物品・役務の情報リスト（全分類）,https://www.fukushi.metro.tokyo.lg.jp/shougai//shougai_shisaku/sokusin/buppin_ekimulist.html,
東京都,食品・飲料,食品,就労継続支援B型事業所 びすた,弁当製造、販売,1312104571,突合済み,pref+city+name,就労継続支援Ｂ型事業所びすた,足立区,公表データ,物品・役務の情報リスト（全分類）,https://www.fukushi.metro.tokyo.lg.jp/shougai//shougai_shisaku/sokusin/buppin_ekimulist.html,d7f560c7a4829a4a
東京都,食品・飲料,食品,愛輪の里雅 前野町,干し芋,1311902868,突合済み,pref+city+name,愛輪の里　雅　前野町,板橋区,公表データ,物品・役務の情報リスト（全分類）,https://www.fukushi.metro.tokyo.lg.jp/shougai//shougai_shisaku/sokusin/buppin_ekimulist.html,b1f9b700238bb477
東京都,食品・飲料,食品,愛輪の里雅小茂根,焼き菓子(パウンドケーキ・クッキー等),1311901837,突合済み,pref+city+name,愛輪の里　雅　小茂根,板橋区,公表データ,物品・役務の情報リスト（全分類）,https://www.fukushi.metro.tokyo.lg.jp/shougai//shougai_shisaku/sokusin/buppin_ekimulist.html,2168561fd26b1233
東京都,食品・飲料,食品,新宿区立 高田馬場福祉作業所,パン販売,1310400062,突合済み,pref+city+name,新宿区立高田馬場福祉作業所,新宿区,公表データ,物品・役務の情報リスト（全分類）,https://www.fukushi.metro.tokyo.lg.jp/shougai//shougai_shisaku/sokusin/buppin_ekimulist.html,16206d2e99ddcd23
東京都,食品・飲料,食品,新宿区立新宿福祉作業所,パン・焼き菓子,1310400054,突合済み,pref+city+name,新宿区立新宿福祉作業所,新宿区,公表データ,物品・役務の情報リスト（全分類）,https://www.fukushi.metro.tokyo.lg.jp/shougai//shougai_shisaku/sokusin/buppin_ekimulist.html,394d0b5f18f34f50
東京都,食品・飲料,食品,杉並いずみ第一,手焼きせんべい,1311501421,突合済み,pref+city+name,杉並いずみ第一,杉並区,公表データ,物品・役務の情報リスト（全分類）,https://www.fukushi.metro.tokyo.lg.jp/shougai//shougai_shisaku/sokusin/buppin_ekimulist.html,5fb1e340cdb7ddad
東京都,食品・飲料,食品,東京光の村授産学園,パン,1312300088,突合済み,pref+city+name,東京光の村授産学園,江戸川区,公表データ,物品・役務の情報リスト（全分類）,https://www.fukushi.metro.tokyo.lg.jp/shougai//shougai_shisaku/sokusin/buppin_ekimulist.html,21f7e80b6573c507
東京都,食品・飲料,食品,板橋区立前野福祉園,記念品など菓子詰め合わせ,,未突合,unmatched,,,公表データ,物品・役務の情報リスト（全分類）,https://www.fukushi.metro.tokyo.lg.jp/shougai//shougai_shisaku/sokusin/buppin_ekimulist.html,
東京都,食品・飲料,食品,板橋区立前野福祉園,シフォンケーキ(13種あり),,未突合,unmatched,,,公表データ,物品・役務の情報リスト（全分類）,https://www.fukushi.metro.tokyo.lg.jp/shougai//shougai_shisaku/sokusin/buppin_ekimulist.html,
東京都,食品・飲料,食品,板橋区立小茂根福祉園,自家焙煎珈琲の販売,,未突合,unmatched,,,公表データ,物品・役務の情報リスト（全分類）,https://www.fukushi.metro.tokyo.lg.jp/shougai//shougai_shisaku/sokusin/buppin_ekimulist.html,
東京都,食品・飲料,食品,板橋区立小茂根福祉園,自家焙煎コーヒー,,未突合,unmatched,,,公表データ,物品・役務の情報リスト（全分類）,https://www.fukushi.metro.tokyo.lg.jp/shougai//shougai_shisaku/sokusin/buppin_ekimulist.html,
東京都,食品・飲料,食品,板橋区立徳丸福祉園,コーヒー加工製造,,未突合,unmatched,,,公表データ,物品・役務の情報リスト（全分類）,https://www.fukushi.metro.tokyo.lg.jp/shougai//shougai_shisaku/sokusin/buppin_ekimulist.html,
東京都,食品・飲料,食品,板橋区立蓮根福祉園,焼き菓子,,未突合,unmatched,,,公表データ,物品・役務の情報リスト（全分類）,https://www.fukushi.metro.tokyo.lg.jp/shougai//shougai_shisaku/sokusin/buppin_ekimulist.html,
東京都,食品・飲料,食品,板橋区立蓮根福祉園,焼き菓子,,未突合,unmatched,,,公表データ,物品・役務の情報リスト（全分類）,https://www.fukushi.metro.tokyo.lg.jp/shougai//shougai_shisaku/sokusin/buppin_ekimulist.html,
東京都,食品・飲料,食品,板橋区立高島平福祉園 分場,カフェ,,未突合,unmatched,,,公表データ,物品・役務の情報リスト（全分類）,https://www.fukushi.metro.tokyo.lg.jp/shougai//shougai_shisaku/sokusin/buppin_ekimulist.html,
東京都,食品・飲料,食品,樹林館,クッキー,1311101297,突合済み,pref+city+name,樹林館,大田区,公表データ,物品・役務の情報リスト（全分類）,https://www.fukushi.metro.tokyo.lg.jp/shougai//shougai_shisaku/sokusin/buppin_ekimulist.html,7b4bc06c8e5d28e4
東京都,食品・飲料,食品,江北ひまわり園,パン・菓子,1312104191,突合済み,pref+city+name,江北ひまわり園,足立区,公表データ,物品・役務の情報リスト（全分類）,https://www.fukushi.metro.tokyo.lg.jp/shougai//shougai_shisaku/sokusin/buppin_ekimulist.html,2d981367ceff21d7
東京都,食品・飲料,食品,江戸川区立福祉作業所・ 分室,ドーナツ販売,,未突合,unmatched,,,公表データ,物品・役務の情報リスト（全分類）,https://www.fukushi.metro.tokyo.lg.jp/shougai//shougai_shisaku/sokusin/buppin_ekimulist.html,
東京都,食品・飲料,食品,江戸川区立障害者就労支援センター,乾燥きくらげ,,未突合,ambiguous,,,公表データ,物品・役務の情報リスト（全分類）,https://www.fukushi.metro.tokyo.lg.jp/shougai//shougai_shisaku/sokusin/buppin_ekimulist.html,
東京都,食品・飲料,食品,江戸川区立障害者就労支援センター,乾燥しいたけ,,未突合,ambiguous,,,公表データ,物品・役務の情報リスト（全分類）,https://www.fukushi.metro.tokyo.lg.jp/shougai//shougai_shisaku/sokusin/buppin_ekimulist.html,
東京都,食品・飲料,食品,浅草みらいど「ルーツ」,焼き菓子,1310601305,突合済み,pref+city+name,浅草みらいど「ルーツ」,台東区,公表データ,物品・役務の情報リスト（全分類）,https://www.fukushi.metro.tokyo.lg.jp/shougai//shougai_shisaku/sokusin/buppin_ekimulist.html,82f5ce007112b55d
東京都,食品・飲料,食品,清瀬どんぐりの家,お弁当の配達,1314400233,突合済み,pref+city+name,清瀬どんぐりの家,清瀬市,公表データ,物品・役務の情報リスト（全分類）,https://www.fukushi.metro.tokyo.lg.jp/shougai//shougai_shisaku/sokusin/buppin_ekimulist.html,2322727de0e3ca54
東京都,食品・飲料,食品,港区立精神障害者支援センター就労継続支援事業,ドリップバッグ珈琲,1310301898,突合済み,pref+city+name,港区立精神障害者支援センター就労継続支援事業,港区,公表データ,物品・役務の情報リスト（全分類）,https://www.fukushi.metro.tokyo.lg.jp/shougai//shougai_shisaku/sokusin/buppin_ekimulist.html,ad84a1f7af1c84be
東京都,食品・飲料,食品,港区立障害保健福祉センター みなとワークアクティ,焼き菓子,1310300510,突合済み,pref+city+name,港区立障害保健福祉センター　みなとワークアクティ,港区,公表データ,物品・役務の情報リスト（全分類）,https://www.fukushi.metro.tokyo.lg.jp/shougai//shougai_shisaku/sokusin/buppin_ekimulist.html,445ea3c3038b6780
東京都,食品・飲料,食品,特定非営利活動法人 障害者就労支援センター どんまい福祉工房,手作りなめらかプリン,,未突合,unmatched,,,公表データ,物品・役務の情報リスト（全分類）,https://www.fukushi.metro.tokyo.lg.jp/shougai//shougai_shisaku/sokusin/buppin_ekimulist.html,
東京都,食品・飲料,食品,特定非営利活動法人 障害者就労支援センター どんまい福祉工房,オートミールクッキー,,未突合,unmatched,,,公表データ,物品・役務の情報リスト（全分類）,https://www.fukushi.metro.tokyo.lg.jp/shougai//shougai_shisaku/sokusin/buppin_ekimulist.html,
東京都,食品・飲料,食品,珈琲焙煎作業所SRM江戸川,珈琲豆および粉、ドリップパックの販売,,未突合,unmatched,,,公表データ,物品・役務の情報リスト（全分類）,https://www.fukushi.metro.tokyo.lg.jp/shougai//shougai_shisaku/sokusin/buppin_ekimulist.html,
東京都,食品・飲料,食品,町田おかしの家,おかき・豆菓子・あんドーナツ,1313200956,突合済み,pref+city+name,町田おかしの家,町田市,公表データ,物品・役務の情報リスト（全分類）,https://www.fukushi.metro.tokyo.lg.jp/shougai//shougai_shisaku/sokusin/buppin_ekimulist.html,8f42435c82df3f07
東京都,食品・飲料,食品,目黒区立かみよん工房,パン・焼き菓子の製造販売,1311000606,突合済み,pref+city+name,目黒区立かみよん工房,目黒区,公表データ,物品・役務の情報リスト（全分類）,https://www.fukushi.metro.tokyo.lg.jp/shougai//shougai_shisaku/sokusin/buppin_ekimulist.html,bff7d08d343f7867
東京都,食品・飲料,食品,目黒区立下目黒福祉工房,焼菓子(シフォンケーキ、マドレーヌ、ラスク)単品・ギフトセット,1311000630,突合済み,pref+city+name,目黒区立下目黒福祉工房,目黒区,公表データ,物品・役務の情報リスト（全分類）,https://www.fukushi.metro.tokyo.lg.jp/shougai//shougai_shisaku/sokusin/buppin_ekimulist.html,8d8ec428efa144df
東京都,食品・飲料,食品,目黒区立大橋えのき園,ピクルス,,未突合,unmatched,,,公表データ,物品・役務の情報リスト（全分類）,https://www.fukushi.metro.tokyo.lg.jp/shougai//shougai_shisaku/sokusin/buppin_ekimulist.html,
東京都,食品・飲料,食品,目黒区立目黒本町福祉工房,焼き菓子,1311000648,突合済み,pref+city+name,目黒区立目黒本町福祉工房,目黒区,公表データ,物品・役務の情報リスト（全分類）,https://www.fukushi.metro.tokyo.lg.jp/shougai//shougai_shisaku/sokusin/buppin_ekimulist.html,352e95847360f056
東京都,食品・飲料,食品,社会福祉法人コメット原町田スクエア,スコーン、食パン、小型パン,,未突合,unmatched,,,公表データ,物品・役務の情報リスト（全分類）,https://www.fukushi.metro.tokyo.lg.jp/shougai//shougai_shisaku/sokusin/buppin_ekimulist.html,
東京都,食品・飲料,食品,社会福祉法人コメット原町田スクエア,クッキー(スノーボール、コーヒー、ローズ、チーズなど),,未突合,unmatched,,,公表データ,物品・役務の情報リスト（全分類）,https://www.fukushi.metro.tokyo.lg.jp/shougai//shougai_shisaku/sokusin/buppin_ekimulist.html,
東京都,食品・飲料,食品,福祉作業所おかし屋ぱれっと,クッキー・グルテンフリークッキー,1311300733,突合済み,pref+city+name,福祉作業所おかし屋ぱれっと,渋谷区,公表データ,物品・役務の情報リスト（全分類）,https://www.fukushi.metro.tokyo.lg.jp/shougai//shougai_shisaku/sokusin/buppin_ekimulist.html,12f4290161b9de2f
東京都,食品・飲料,食品,福祉作業所スマイル工房,パン・クッキー等,1315000131,突合済み,pref+city+name,福祉作業所スマイル工房,羽村市,公表データ,物品・役務の情報リスト（全分類）,https://www.fukushi.metro.tokyo.lg.jp/shougai//shougai_shisaku/sokusin/buppin_ekimulist.html,35b2373ab6a5365f
東京都,食品・飲料,食品,童里夢工房,乾燥糸こんにゃく,1312900630,突合済み,pref+city+name,童里夢工房,府中市,公表データ,物品・役務の情報リスト（全分類）,https://www.fukushi.metro.tokyo.lg.jp/shougai//shougai_shisaku/sokusin/buppin_ekimulist.html,005fa9459b31ea32
東京都,食品・飲料,食品,結(ゆい)緑が丘,手作り弁当,1314600501,突合済み,pref+city+name,結（ゆい）緑が丘,武蔵村山市,公表データ,物品・役務の情報リスト（全分類）,https://www.fukushi.metro.tokyo.lg.jp/shougai//shougai_shisaku/sokusin/buppin_ekimulist.html,8ad8e43aa21c0ceb
東京都,食品・飲料,食品,綾瀬ひまわり園,パン又は焼き菓子（ラスク、クッキー）,1312100108,突合済み,pref+city+name,綾瀬ひまわり園,足立区,公表データ,物品・役務の情報リスト（全分類）,https://www.fukushi.metro.tokyo.lg.jp/shougai//shougai_shisaku/sokusin/buppin_ekimulist.html,f4194c97707d0dc8
東京都,食品・飲料,食品,綾瀬共同作業所,手作りパウンドケーキ,1312102146,突合済み,pref+city+name,綾瀬共同作業所,足立区,公表データ,物品・役務の情報リスト（全分類）,https://www.fukushi.metro.tokyo.lg.jp/shougai//shougai_shisaku/sokusin/buppin_ekimulist.html,bd43958fe03ff71b
東京都,食品・飲料,食品,荒川ひまわり,パウンドケーキ（焼き菓子）,1311800542,突合済み,pref+city+name,荒川ひまわり,荒川区,公表データ,物品・役務の情報リスト（全分類）,https://www.fukushi.metro.tokyo.lg.jp/shougai//shougai_shisaku/sokusin/buppin_ekimulist.html,c7a35e76379ce3c1
東京都,食品・飲料,食品,荒川ひまわり第２,クッキーの製造・販売。ギフトセットなどの受注。,1311800559,突合済み,pref+city+name,荒川ひまわり第２,荒川区,公表データ,物品・役務の情報リスト（全分類）,https://www.fukushi.metro.tokyo.lg.jp/shougai//shougai_shisaku/sokusin/buppin_ekimulist.html,77675c766d86a2de
東京都,食品・飲料,食品,西伊興ひまわり園,ドライフルーツ・ドックフード,,未突合,unmatched,,,公表データ,物品・役務の情報リスト（全分類）,https://www.fukushi.metro.tokyo.lg.jp/shougai//shougai_shisaku/sokusin/buppin_ekimulist.html,
東京都,食品・飲料,食品,調布市知的障害者援護施設すまいる,パン,1313100420,突合済み,pref+city+name,調布市知的障害者援護施設すまいる,調布市,公表データ,物品・役務の情報リスト（全分類）,https://www.fukushi.metro.tokyo.lg.jp/shougai//shougai_shisaku/sokusin/buppin_ekimulist.html,beabcbdc6872c367
東京都,食品・飲料,食品,谷在家福祉作業所,せんべい,1312101940,突合済み,pref+city+name,谷在家福祉作業所,足立区,公表データ,物品・役務の情報リスト（全分類）,https://www.fukushi.metro.tokyo.lg.jp/shougai//shougai_shisaku/sokusin/buppin_ekimulist.html,6461b819dd1c8bcb
東京都,食品・飲料,食品,豊島区立 駒込福祉作業所,チョコレート （1箱 ４個入り）,1311600694,突合済み,pref+city+name,豊島区立駒込福祉作業所,豊島区,公表データ,物品・役務の情報リスト（全分類）,https://www.fukushi.metro.tokyo.lg.jp/shougai//shougai_shisaku/sokusin/buppin_ekimulist.html,b815e2ceb433d5f1
東京都,食品・飲料,食品,輝望 グループ トモ,焼き菓子・マドレーヌ。カットパウンドケーキ,,未突合,unmatched,,,公表データ,物品・役務の情報リスト（全分類）,https://www.fukushi.metro.tokyo.lg.jp/shougai//shougai_shisaku/sokusin/buppin_ekimulist.html,
東京都,食品・飲料,食品,障害者就労支援センターなえぎ,梨のコンフィチュール・梨皮八味唐辛子・各種ラスクの製造・販売,1314800309,突合済み,pref+city+name,障害者就労支援センターなえぎ,稲城市,公表データ,物品・役務の情報リスト（全分類）,https://www.fukushi.metro.tokyo.lg.jp/shougai//shougai_shisaku/sokusin/buppin_ekimulist.html,44d999b744ca7f74
東京都,食品・飲料,食品,食工房ゆいのもり,パン・焼き菓子,1313000182,突合済み,pref+city+name,食工房ゆいのもり,昭島市,公表データ,物品・役務の情報リスト（全分類）,https://www.fukushi.metro.tokyo.lg.jp/shougai//shougai_shisaku/sokusin/buppin_ekimulist.html,94a8b11d4e0016ff
東京都,食品・飲料,食品,ＪＨＣ赤塚,焼き菓子,1311901449,突合済み,pref+city+name,ＪＨＣ赤塚,板橋区,公表データ,物品・役務の情報リスト（全分類）,https://www.fukushi.metro.tokyo.lg.jp/shougai//shougai_shisaku/sokusin/buppin_ekimulist.html,5b46b71ef9a57dc3
